survival_rate,total_kills_per_episode,robot_1/loss,robot_2/q_std,episode,epsilon,global_step,robot_0/q_mean,_step,robot_0/q_std,robot_2/loss,robot_1/q_mean,robot_3/q_std,total_agent_collisions_per_episode,total_charges_per_episode,_runtime,robot_0/loss,mean_final_energy,episode_length,_timestamp,robot_3/q_mean,std_episode_reward,robot_3/loss,robot_2/q_mean,mean_episode_reward,robot_1/q_std
1.0,0.0,,,0.0,0.0,2,,0,,,,,1.0,0.0,17.802149702,,12.25,2.0,1763415959.7892072,,0.21650635094610965,,,-0.865,
1.0,0.0,,,7.0,0.0,16,,7,,,,,1.0,0.0,17.837514732,,12.25,2.0,1763415959.8252108,,0.21650635094610965,,,-0.865,
1.0,0.0,,,8.0,0.0,18,,8,,,,,1.0,0.0,17.841318653,,12.25,2.0,1763415959.8291306,,0.21650635094610965,,,-0.865,
1.0,0.0,,,9.0,0.0,20,,9,,,,,1.0,0.0,17.845131171,,12.25,2.0,1763415959.8329105,,0.21650635094610965,,,-0.865,
1.0,0.0,,,27.0,0.0,56,,27,,,,,1.0,0.0,17.913328453,,12.25,2.0,1763415959.9011424,,0.21650635094610965,,,-0.865,
1.0,0.0,,,28.0,0.0,58,,28,,,,,1.0,0.0,17.917152382,,12.25,2.0,1763415959.904772,,0.21650635094610965,,,-0.865,
1.0,0.0,,,33.0,0.0,68,,33,,,,,1.0,0.0,17.935366792,,12.25,2.0,1763415959.923079,,0.21650635094610965,,,-0.865,
1.0,0.0,,,41.0,0.0,84,,41,,,,,1.0,0.0,17.964942382,,12.25,2.0,1763415959.9527028,,0.21650635094610965,,,-0.865,
1.0,0.0,,,44.0,0.0,90,,44,,,,,1.0,0.0,17.976375572,,12.25,2.0,1763415959.9640698,,0.21650635094610965,,,-0.865,
1.0,0.0,,,47.0,0.0,96,,47,,,,,1.0,0.0,17.987673081,,12.25,2.0,1763415959.975358,,0.21650635094610965,,,-0.865,
1.0,0.0,,,60.0,0.0,122,,60,,,,,1.0,0.0,18.037270707,,12.25,2.0,1763415960.0249696,,0.21650635094610965,,,-0.865,
1.0,0.0,,,61.0,0.0,124,,61,,,,,1.0,0.0,18.040980645,,12.25,2.0,1763415960.0286615,,0.21650635094610965,,,-0.865,
1.0,0.0,,,64.0,0.0,130,,64,,,,,1.0,0.0,18.052414233,,12.25,2.0,1763415960.0401149,,0.21650635094610965,,,-0.865,
1.0,0.0,,,74.0,0.0,150,,74,,,,,1.0,0.0,18.090104624,,12.25,2.0,1763415960.077778,,0.21650635094610965,,,-0.865,
1.0,0.0,,,77.0,0.0,156,,77,,,,,1.0,0.0,18.102365603,,12.25,2.0,1763415960.089897,,0.21650635094610965,,,-0.865,
1.0,0.0,,,85.0,0.0,172,,85,,,,,1.0,0.0,18.132036943,,12.25,2.0,1763415960.119847,,0.21650635094610965,,,-0.865,
1.0,0.0,,,88.0,0.0,178,,88,,,,,1.0,0.0,18.142765381,,12.25,2.0,1763415960.1305628,,0.21650635094610965,,,-0.865,
1.0,0.0,,,102.0,0.0,206,,102,,,,,1.0,0.0,18.194769547,,12.25,2.0,1763415960.1825285,,0.21650635094610965,,,-0.865,
1.0,0.0,,,104.0,0.0,210,,104,,,,,1.0,0.0,18.202394573,,12.25,2.0,1763415960.1899397,,0.21650635094610965,,,-0.865,
1.0,0.0,,,109.0,0.0,220,,109,,,,,1.0,0.0,18.220947381,,12.25,2.0,1763415960.2086298,,0.21650635094610965,,,-0.865,
1.0,0.0,,,124.0,0.0,250,,124,,,,,1.0,0.0,18.278568756,,12.25,2.0,1763415960.266447,,0.21650635094610965,,,-0.865,
1.0,0.0,,,133.0,0.0,268,,133,,,,,1.0,0.0,18.31113942,,12.25,2.0,1763415960.2989478,,0.21650635094610965,,,-0.865,
1.0,0.0,,,136.0,0.0,274,,136,,,,,1.0,0.0,18.322479188,,12.25,2.0,1763415960.3101363,,0.21650635094610965,,,-0.865,
1.0,0.0,,,143.0,0.0,288,,143,,,,,1.0,0.0,18.349469132,,12.25,2.0,1763415960.3370776,,0.21650635094610965,,,-0.865,
1.0,0.0,,,147.0,0.0,296,,147,,,,,1.0,0.0,18.365290844,,12.25,2.0,1763415960.35293,,0.21650635094610965,,,-0.865,
1.0,0.0,,,149.0,0.0,300,,149,,,,,1.0,0.0,18.37301187,,12.25,2.0,1763415960.3605282,,0.21650635094610965,,,-0.865,
1.0,0.0,,,150.0,0.0,302,,150,,,,,1.0,0.0,18.376849871,,12.25,2.0,1763415960.3645597,,0.21650635094610965,,,-0.865,
1.0,0.0,,,155.0,0.0,312,,155,,,,,1.0,0.0,18.396057854,,12.25,2.0,1763415960.3835607,,0.21650635094610965,,,-0.865,
1.0,0.0,,,157.0,0.0,316,,157,,,,,1.0,0.0,18.40355569,,12.25,2.0,1763415960.39132,,0.21650635094610965,,,-0.865,
1.0,0.0,,,162.0,0.0,326,,162,,,,,1.0,0.0,18.422481763,,12.25,2.0,1763415960.4101813,,0.21650635094610965,,,-0.865,
1.0,0.0,,,170.0,0.0,342,,170,,,,,1.0,0.0,18.453623177,,12.25,2.0,1763415960.4414296,,0.21650635094610965,,,-0.865,
1.0,0.0,,,172.0,0.0,346,,172,,,,,1.0,0.0,18.461189327,,12.25,2.0,1763415960.4488957,,0.21650635094610965,,,-0.865,
1.0,0.0,,,174.0,0.0,350,,174,,,,,1.0,0.0,18.468689879,,12.25,2.0,1763415960.456463,,0.21650635094610965,,,-0.865,
1.0,0.0,,,180.0,0.0,362,,180,,,,,1.0,0.0,18.491414244,,12.25,2.0,1763415960.4791021,,0.21650635094610965,,,-0.865,
1.0,0.0,,,193.0,0.0,388,,193,,,,,1.0,0.0,18.539824188,,12.25,2.0,1763415960.5276012,,0.21650635094610965,,,-0.865,
1.0,0.0,,,195.0,0.0,392,,195,,,,,1.0,0.0,18.546937197,,12.25,2.0,1763415960.5347962,,0.21650635094610965,,,-0.865,
1.0,0.0,,,198.0,0.0,398,,198,,,,,1.0,0.0,18.557808846,,12.25,2.0,1763415960.54568,,0.21650635094610965,,,-0.865,
1.0,0.0,,,203.0,0.0,408,,203,,,,,1.0,0.0,18.576772487,,12.25,2.0,1763415960.5643237,,0.21650635094610965,,,-0.865,
1.0,0.0,,,213.0,0.0,428,,213,,,,,1.0,0.0,18.618449289,,12.25,2.0,1763415960.6059787,,0.21650635094610965,,,-0.865,
1.0,0.0,,,214.0,0.0,430,,214,,,,,1.0,0.0,18.622192937,,12.25,2.0,1763415960.6098876,,0.21650635094610965,,,-0.865,
1.0,0.0,,,215.0,0.0,432,,215,,,,,1.0,0.0,18.625869433,,12.25,2.0,1763415960.6135616,,0.21650635094610965,,,-0.865,
1.0,0.0,,,217.0,0.0,436,,217,,,,,1.0,0.0,18.633448687,,12.25,2.0,1763415960.6209948,,0.21650635094610965,,,-0.865,
1.0,0.0,,,228.0,0.0,458,,228,,,,,1.0,0.0,18.674495098,,12.25,2.0,1763415960.6621897,,0.21650635094610965,,,-0.865,
1.0,0.0,,,233.0,0.0,468,,233,,,,,1.0,0.0,18.69335775,,12.25,2.0,1763415960.6811273,,0.21650635094610965,,,-0.865,
1.0,0.0,,,242.0,0.0,486,,242,,,,,1.0,0.0,18.72719169,,12.25,2.0,1763415960.7149796,,0.21650635094610965,,,-0.865,
1.0,0.0,,,248.0,0.0,498,,248,,,,,1.0,0.0,18.750205775,,12.25,2.0,1763415960.7377546,,0.21650635094610965,,,-0.865,
1.0,0.0,,,251.0,0.0,504,,251,,,,,1.0,0.0,18.761757659,,12.25,2.0,1763415960.7492998,,0.21650635094610965,,,-0.865,
1.0,0.0,,,259.0,0.0,520,,259,,,,,1.0,0.0,18.792065867,,12.25,2.0,1763415960.7797804,,0.21650635094610965,,,-0.865,
1.0,0.0,,,265.0,0.0,532,,265,,,,,1.0,0.0,18.815197652,,12.25,2.0,1763415960.8028831,,0.21650635094610965,,,-0.865,
1.0,0.0,,,270.0,0.0,542,,270,,,,,1.0,0.0,18.833641835,,12.25,2.0,1763415960.8213356,,0.21650635094610965,,,-0.865,
1.0,0.0,,,272.0,0.0,546,,272,,,,,1.0,0.0,18.841022316,,12.25,2.0,1763415960.8287003,,0.21650635094610965,,,-0.865,
1.0,0.0,,,273.0,0.0,548,,273,,,,,1.0,0.0,18.844831498,,12.25,2.0,1763415960.8325095,,0.21650635094610965,,,-0.865,
1.0,0.0,,,274.0,0.0,550,,274,,,,,1.0,0.0,18.848497784,,12.25,2.0,1763415960.8361652,,0.21650635094610965,,,-0.865,
1.0,0.0,,,279.0,0.0,560,,279,,,,,1.0,0.0,18.866771146,,12.25,2.0,1763415960.8544405,,0.21650635094610965,,,-0.865,
1.0,0.0,,,283.0,0.0,568,,283,,,,,1.0,0.0,18.88185029,,12.25,2.0,1763415960.8694222,,0.21650635094610965,,,-0.865,
1.0,0.0,,,292.0,0.0,586,,292,,,,,1.0,0.0,18.91608104,,12.25,2.0,1763415960.9036229,,0.21650635094610965,,,-0.865,
1.0,0.0,,,302.0,0.0,606,,302,,,,,1.0,0.0,18.953426471,,12.25,2.0,1763415960.9410548,,0.21650635094610965,,,-0.865,
1.0,0.0,,,321.0,0.0,644,,321,,,,,1.0,0.0,19.026101028,,12.25,2.0,1763415961.0136793,,0.21650635094610965,,,-0.865,
1.0,0.0,,,324.0,0.0,650,,324,,,,,1.0,0.0,19.037485638,,12.25,2.0,1763415961.0251334,,0.21650635094610965,,,-0.865,
1.0,0.0,,,327.0,0.0,656,,327,,,,,1.0,0.0,19.049227725,,12.25,2.0,1763415961.0369208,,0.21650635094610965,,,-0.865,
1.0,0.0,,,330.0,0.0,662,,330,,,,,1.0,0.0,19.060522888,,12.25,2.0,1763415961.048233,,0.21650635094610965,,,-0.865,
1.0,0.0,,,332.0,0.0,666,,332,,,,,1.0,0.0,19.068169699,,12.25,2.0,1763415961.0559263,,0.21650635094610965,,,-0.865,
1.0,0.0,,,337.0,0.0,676,,337,,,,,1.0,0.0,19.087515793,,12.25,2.0,1763415961.075219,,0.21650635094610965,,,-0.865,
1.0,0.0,,,340.0,0.0,682,,340,,,,,1.0,0.0,19.098845565,,12.25,2.0,1763415961.086542,,0.21650635094610965,,,-0.865,
1.0,0.0,,,353.0,0.0,708,,353,,,,,1.0,0.0,19.148834434,,12.25,2.0,1763415961.1363888,,0.21650635094610965,,,-0.865,
1.0,0.0,,,354.0,0.0,710,,354,,,,,1.0,0.0,19.152664358,,12.25,2.0,1763415961.140266,,0.21650635094610965,,,-0.865,
1.0,0.0,,,358.0,0.0,718,,358,,,,,1.0,0.0,19.167825977,,12.25,2.0,1763415961.155377,,0.21650635094610965,,,-0.865,
1.0,0.0,,,370.0,0.0,742,,370,,,,,1.0,0.0,19.213795369,,12.25,2.0,1763415961.2015822,,0.21650635094610965,,,-0.865,
1.0,0.0,,,375.0,0.0,752,,375,,,,,1.0,0.0,19.23286998,,12.25,2.0,1763415961.220487,,0.21650635094610965,,,-0.865,
1.0,0.0,,,396.0,0.0,794,,396,,,,,1.0,0.0,19.314357402,,12.25,2.0,1763415961.3018892,,0.21650635094610965,,,-0.865,
1.0,0.0,,,405.0,0.0,812,,405,,,,,1.0,0.0,19.348144157,,12.25,2.0,1763415961.3358448,,0.21650635094610965,,,-0.865,
1.0,0.0,,,406.0,0.0,814,,406,,,,,1.0,0.0,19.351879379,,12.25,2.0,1763415961.3394303,,0.21650635094610965,,,-0.865,
1.0,0.0,,,407.0,0.0,816,,407,,,,,1.0,0.0,19.355543367,,12.25,2.0,1763415961.3432376,,0.21650635094610965,,,-0.865,
1.0,0.0,,,421.0,0.0,844,,421,,,,,1.0,0.0,19.407939271,,12.25,2.0,1763415961.3956244,,0.21650635094610965,,,-0.865,
1.0,0.0,,,425.0,0.0,852,,425,,,,,1.0,0.0,19.422734541,,12.25,2.0,1763415961.4105132,,0.21650635094610965,,,-0.865,
1.0,0.0,,,429.0,0.0,860,,429,,,,,1.0,0.0,19.438065274,,12.25,2.0,1763415961.4257364,,0.21650635094610965,,,-0.865,
1.0,0.0,,,430.0,0.0,862,,430,,,,,1.0,0.0,19.441736454,,12.25,2.0,1763415961.4294283,,0.21650635094610965,,,-0.865,
1.0,0.0,,,441.0,0.0,884,,441,,,,,1.0,0.0,19.48921082,,12.25,2.0,1763415961.4767606,,0.21650635094610965,,,-0.865,
1.0,0.0,,,447.0,0.0,896,,447,,,,,1.0,0.0,19.511799616,,12.25,2.0,1763415961.4994988,,0.21650635094610965,,,-0.865,
1.0,0.0,,,450.0,0.0,902,,450,,,,,1.0,0.0,19.523200173,,12.25,2.0,1763415961.5108383,,0.21650635094610965,,,-0.865,
1.0,0.0,,,457.0,0.0,916,,457,,,,,1.0,0.0,19.550424705,,12.25,2.0,1763415961.537965,,0.21650635094610965,,,-0.865,
1.0,0.0,,,471.0,0.0,944,,471,,,,,1.0,0.0,19.601401951,,12.25,2.0,1763415961.5892215,,0.21650635094610965,,,-0.865,
1.0,0.0,,,472.0,0.0,946,,472,,,,,1.0,0.0,19.605309036,,12.25,2.0,1763415961.5929813,,0.21650635094610965,,,-0.865,
1.0,0.0,,,481.0,0.0,964,,481,,,,,1.0,0.0,19.639207496,,12.25,2.0,1763415961.627053,,0.21650635094610965,,,-0.865,
1.0,0.0,,,490.0,0.0,982,,490,,,,,1.0,0.0,19.67359432,,12.25,2.0,1763415961.6611261,,0.21650635094610965,,,-0.865,
1.0,0.0,,,495.0,0.0,992,,495,,,,,1.0,0.0,19.692367052,,12.25,2.0,1763415961.6799846,,0.21650635094610965,,,-0.865,
1.0,0.0,,,497.0,0.0,996,,497,,,,,1.0,0.0,19.700132708,,12.25,2.0,1763415961.687806,,0.21650635094610965,,,-0.865,
1.0,0.0,,,500.0,0.0,1002,,504,,,,,0.0,0.0,20.026229722,,24.5,2.0,1763415962.0137446,,0.4286825748732971,,,-0.7424999999999999,
2.0,0.0,,,501.0,0.0,1004,,505,,,,,1.0,2.0,20.059976559,,37.25,2.0,1763415962.0474312,,0.8238742319067881,,,-0.3625,
3.0,0.0,,,511.0,0.0,1028,,515,,,,,0.0,4.0,20.581126669,,62.25,2.0,1763415962.5684142,,0.8975800799928662,,,0.14,
3.0,0.0,,,518.0,0.0,1050,,522,,,,,1.0,10.0,21.127957294,,61.5,5.0,1763415963.1150668,,1.6459097028695104,,,0.9124999999999999,
3.0,0.0,,,526.0,0.0,1077,,530,,,,,0.0,4.0,21.764482336,,74.5,2.0,1763415963.7517936,,0.834457158876356,,,0.2625,
3.0,0.0,,,530.0,0.0,1416,,534,,,,,0.0,200.0,26.737311043,,50.25,100.0,1763415968.7246132,,25.500000980392123,,,25.499999999999986,
3.0,0.0,,,535.0,0.0,1916,,539,,,,,0.0,200.0,32.012924617,,50.25,100.0,1763415974.000223,,25.500000980392123,,,25.499999999999986,
,,0.0008057835511863232,,,,2000,,541,,,0.8155683279037476,,,,33.922939551,,,,1763415975.9104252,,,,,,0.33826106786727905
3.0,0.0,,,539.0,0.0,2267,,547,,,,,0.0,200.0,40.286764146,,50.25,100.0,1763415982.2733338,,25.500000980392123,,,25.499999999999986,
2.0,0.0,,,542.0,0.0,2567,,550,,,,,0.0,200.0,47.586842797,,50.0,100.0,1763415989.5739172,,25.504999999999985,,,25.494999999999987,
,,,,,,3000,0.24286805093288422,555,0.693652868270874,,,,,,57.896600164,0.0025379331782460213,,,1763415999.8838952,,,,,,
3.0,0.0,,,547.0,0.0,3067,,559,,,,,1.0,300.0,59.501132965,,75.0,100.0,1763416001.4880104,,22.087977923522093,,,38.24749999999998,
3.0,0.0,,,555.0,0.0,3867,,567,,,,,0.0,300.0,76.286954352,,75.0,100.0,1763416018.274009,,22.087977923522093,,,38.24749999999998,
3.0,0.0,,,556.0,0.0,3967,,568,,,,,0.0,300.0,78.565881441,,75.0,100.0,1763416020.552921,,22.087977923522093,,,38.24749999999998,
,,0.0011086291633546352,,,,4000,,570,,,0.8066712021827698,,,,79.306305389,,,,1763416021.2937887,,,,,,0.3476096987724304
3.0,0.0,,,557.0,0.0,4067,,573,,,,,0.0,300.0,80.742437172,,75.0,100.0,1763416022.7294629,,22.087977923522093,,,38.24749999999998,
,,,,,,6000,1.9484882354736328,589,0.9958269596099854,,,,,,126.603909625,0.0011096532689407468,,,1763416068.591133,,,,,,
4.0,0.0,,,569.0,0.0,6375,,593,,,,,0.0,2000.0,135.079706862,,100.0,500.0,1763416077.0669205,,0.0,,,254.9999999999983,
,,,,,,7000,2.7034926414489746,595,0.844933807849884,,,,,,149.724597166,3.080555688939057e-05,,,1763416091.7117348,,,,,,
4.0,0.0,,,576.0,0.0,9875,,612,,,,,0.0,2000.0,217.268771727,,100.0,500.0,1763416159.2558093,,0.0,,,254.9999999999983,
,,0.014699820429086685,,,,10000,,614,,,2.638969898223877,,,,220.295146758,,,,1763416162.2825124,,,,,,0.7400534749031067
,,,1.3180253505706787,,,12000,,627,,1.1343982805556152e-05,,,,,268.397719524,,,,1763416210.3851497,,,,4.177175045013428,,
4.0,0.0,,,582.0,0.0,12875,,630,,,,,0.0,2000.0,284.897351288,,100.0,500.0,1763416226.8845248,,0.0,,,254.9999999999983,
4.0,0.0,,,584.0,0.0,13875,,636,,,,,0.0,2000.0,308.762910715,,100.0,500.0,1763416250.7501652,,0.0,,,254.9999999999983,
,,,0.9390111565589905,,,14000,,639,,0.0009139828616753221,,,,,311.819868957,,,,1763416253.8073792,,,,5.38556432723999,,
,,,,,,14000,,640,,,,1.2992138862609863,,,311.825557892,,,,1763416253.8130794,6.80684757232666,,0.0049812765792012215,,,
4.0,0.0,,,587.0,0.0,15375,,647,,,,,0.0,2000.0,343.733817375,,100.0,500.0,1763416285.7208893,,0.0,,,254.9999999999983,
,,0.06115664541721344,,,,16000,,650,,,5.294832706451416,,,,358.727614631,,,,1763416300.715087,,,,,,0.9894894957542419
,,,,,,18000,,664,,,,1.648356318473816,,,401.512615238,,,,1763416343.5000873,8.55376148223877,,6.319587555481121e-05,,,
,,0.0008196078124456108,,,,21000,,680,,,7.645966529846191,,,,464.201610024,,,,1763416406.1892142,,,,,,1.45953369140625
4.0,0.0,,,600.0,0.0,21875,,684,,,,,0.0,2000.0,479.307523015,,100.0,500.0,1763416421.2948477,,0.0,,,254.9999999999983,
4.0,0.0,,,601.0,0.0,22375,,689,,,,,0.0,2000.0,489.321379535,,100.0,500.0,1763416431.3084848,,0.0,,,254.9999999999983,
,,0.16284604370594025,,,,23000,,692,,,8.531824111938477,,,,504.426431197,,,,1763416446.413843,,,,,,0.7859798073768616
,,0.17574234306812286,,,,24000,,698,,,9.026510238647461,,,,528.02811653,,,,1763416470.0156605,,,,,,0.8587844967842102
4.0,0.0,,,606.0,0.0,24875,,702,,,,,0.0,2000.0,548.652232321,,100.0,500.0,1763416490.6393178,,0.0,,,254.9999999999983,
,,,,,,25000,10.859889030456543,703,0.022728703916072845,,,,,,551.664389721,9.900738859869307e-07,,,1763416493.6515732,,,,,,
4.0,0.0,,,607.0,0.0,25375,,707,,,,,0.0,2000.0,560.621418761,,100.0,500.0,1763416502.6084929,,0.0,,,254.9999999999983,
,,,,,,28000,11.974925994873047,721,0.5058844089508057,,,,,,623.797286323,0.00018582295160740614,,,1763416565.7846675,,,,,,
4.0,0.0,,,613.0,0.0,28375,,725,,,,,0.0,2000.0,632.883308915,,100.0,500.0,1763416574.8702989,,0.0,,,254.9999999999983,
,,,2.383162498474121,,,29000,,729,,0.00024373203632421792,,,,,647.988349253,,,,1763416589.9758322,,,,11.620519638061523,,
,,,,,,29000,,730,,,,0.04857839271426201,,,647.994331168,,,,1763416589.981792,13.228036880493164,,5.600855729426257e-05,,,
4.0,0.0,,,622.0,0.0,32875,,750,,,,,0.0,2000.0,740.182113537,,100.0,500.0,1763416682.1691806,,0.0,,,254.9999999999983,
,,,,,,34000,14.35758113861084,757,0.01677512377500534,,,,,,759.83597376,0.0002845737326424569,,,1763416701.8233476,,,,,,
4.0,0.0,,,626.0,0.0,34875,,762,,,,,0.0,1998.0,772.915471975,,100.0,500.0,1763416714.9024897,,0.4330127018922316,,,254.7499999999983,
4.0,0.0,,,627.0,0.0,35375,,767,,,,,0.0,1998.0,784.763616612,,100.0,500.0,1763416726.7504952,,0.4330127018921701,,,254.74999999999832,
,,,4.630594253540039,,,36000,,771,,0.0005072732456028461,,,,,799.85774785,,,,1763416741.8451264,,,,13.018341064453125,,
4.0,0.0,,,629.0,0.0,36375,,773,,,,,0.0,1969.0,808.911494636,,100.0,500.0,1763416750.898523,,6.7116968793286,,,251.12499999999875,
4.0,0.0,,,630.0,0.0,36875,,774,,,,,0.0,1970.0,820.279336144,,100.0,500.0,1763416762.2661977,,6.495190528382612,,,251.2499999999987,
,,,,,,37000,15.19314956665039,775,1.0547436475753784,,,,,,822.672847472,9.287870489060879e-05,,,1763416764.6598396,,,,,,
,,0.01029178872704506,,,,39000,,788,,,15.480066299438477,,,,868.960177783,,,,1763416810.9475594,,,,,,2.368792772293091
,,,3.036586284637451,,,39000,,789,,0.0016152416355907917,,,,,868.966321636,,,,1763416810.9537654,,,,15.194445610046387,,
4.0,0.0,,,637.0,0.0,40375,,797,,,,,0.0,1993.0,902.162969832,,100.0,500.0,1763416844.1498377,,1.5155444566227307,,,254.12499999999832,
,,0.08987954258918762,,,,42000,,806,,,16.378572463989258,,,,941.517010282,,,,1763416883.5043972,,,,,,2.940903425216675
4.0,0.0,,,643.0,0.0,43375,,815,,,,,0.0,2000.0,974.811121405,,100.0,500.0,1763416916.798294,,0.0,,,254.9999999999983,
,,0.06599694490432739,,,,46000,,830,,,18.486427307128906,,,,1035.386524166,,,,1763416977.374012,,,,,,1.1340457201004028
4.0,0.0,,,651.0,0.0,47375,,839,,,,,0.0,2000.0,1058.966326563,,100.0,500.0,1763417000.9536207,,0.0,,,254.9999999999983,
4.0,0.0,,,654.0,0.0,48875,,846,,,,,0.0,1996.0,1095.38670093,,100.0,500.0,1763417037.3737466,,0.8660254037843402,,,254.49999999999835,
4.0,0.0,,,659.0,0.0,51375,,863,,,,,0.0,1998.0,1156.274089128,,96.25,500.0,1763417098.2609758,,0.4979646071759685,,,254.71249999999836,
,,,,,,52000,19.926414489746094,865,1.4486362934112549,,,,,,1171.696457905,0.00047120184171944857,,,1763417113.683674,,,,,,
,,0.021358400583267212,,,,53000,,872,,,20.796062469482422,,,,1196.238837544,,,,1763417138.2262328,,,,,,0.5431259274482727
4.0,0.0,,,664.0,0.0,53875,,876,,,,,0.0,1991.0,1217.525924173,,100.0,500.0,1763417159.5129793,,1.9485571585147654,,,253.87499999999844,
,,,,,,54000,,880,,,,0.5323953032493591,,,1220.580536887,,,,1763417162.5679898,21.55328369140625,,0.006140945479273796,,,
4.0,0.0,,,670.0,0.0,56875,,894,,,,,0.0,2000.0,1287.04894293,,100.0,500.0,1763417229.0358648,,0.0,,,254.9999999999983,
4.0,0.0,,,672.0,0.0,57875,,900,,,,,0.0,1993.0,1311.393280156,,100.0,500.0,1763417253.38026,,1.5155444566225338,,,254.12499999999844,
,,,,,,60000,,916,,,,0.005155337043106556,,,1341.771544383,,,,1763417283.7590613,23.341327667236328,,4.633660864783451e-05,,,
,,,4.389744758605957,,,61000,,921,,0.0008253332925960422,,,,,1356.258342568,,,,1763417298.2458956,,,,21.75967788696289,,
,,,,,,61000,,922,,,,0.04319680109620094,,,1356.261717581,,,,1763417298.2492373,23.606708526611328,,1.1869256013596896e-05,,,
4.0,0.0,,,682.0,0.0,62875,,930,,,,,0.0,1992.0,1389.329669171,,100.0,500.0,1763417331.3165722,,1.7320508075687788,,,253.99999999999835,
,,0.0065759276039898396,,,,63000,,932,,,23.30551528930664,,,,1392.42284523,,,,1763417334.410302,,,,,,3.8354146480560303
,,0.002605042653158307,,,,64000,,938,,,23.621309280395508,,,,1416.99541995,,,,1763417358.982789,,,,,,3.890638589859009
4.0,0.0,,,685.0,0.0,64375,,941,,,,,0.0,1999.0,1426.319019263,,100.0,500.0,1763417368.3058631,,0.21650635094606044,,,254.87499999999832,
4.0,0.0,,,686.0,0.0,64875,,942,,,,,0.0,1994.0,1435.285324542,,95.0,500.0,1763417377.272401,,1.3856406460548878,,,254.19999999999843,
4.0,0.0,,,688.0,0.0,65875,,948,,,,,0.0,1989.0,1458.945754619,,100.0,500.0,1763417400.9326816,,2.3815698604068616,,,253.6249999999985,
,,0.31089165806770325,,,,67000,,956,,,25.02109146118164,,,,1486.735241715,,,,1763417428.7225559,,,,,,1.4420422315597534
4.0,0.0,,,693.0,0.0,68375,,965,,,,,0.0,1988.0,1519.708299306,,100.0,500.0,1763417461.695159,,2.5980762113529465,,,253.4999999999985,
,,0.0020377831533551216,,,,70000,,974,,,26.07683563232422,,,,1551.153351271,,,,1763417493.1407537,,,,,,0.2458956092596054
,,0.037301573902368546,,,,71000,,980,,,26.60614585876465,,,,1575.68340795,,,,1763417517.6707911,,,,,,0.1641796976327896
,,,1.6332489252090454,,,71000,,981,,0.002834774786606431,,,,,1575.690290448,,,,1763417517.6775737,,,,25.346939086914062,,
,,,,,,72000,25.806671142578125,985,0.07249955087900162,,,,,,1600.622030286,0.0009495305130258203,,,1763417542.6090138,,,,,,
,,0.3133600652217865,,,,72000,,986,,,25.63376808166504,,,,1600.62842583,,,,1763417542.615829,,,,,,4.478977680206299
,,,,,,73000,,994,,,,4.8621625900268555,,,1625.259866342,,,,1763417567.2472906,25.73520851135254,,0.00526886060833931,,,
4.0,0.0,,,703.0,0.0,73375,,995,,,,,0.0,1997.0,1634.49609813,,100.0,500.0,1763417576.4829774,,0.6495190528381813,,,254.62499999999838,
,,,,,,74000,26.345760345458984,997,0.0329451784491539,,,,,,1649.86190193,2.518525616324041e-05,,,1763417591.8488722,,,,,,
,,,,,,74000,,1000,,,,0.11591937392950058,,,1649.882105999,,,,1763417591.8695126,26.84138298034668,,0.0023668925277888775,,,
,,0.018961194902658463,,,,75000,,1004,,,25.698230743408203,,,,1674.645036409,,,,1763417616.6324987,,,,,,6.084308624267578
,,,,,,77000,27.06087875366211,1015,0.00044406604138202965,,,,,,1724.740519757,0.00020129792392253876,,,1763417666.727509,,,,,,
4.0,0.0,,,712.0,0.0,77875,,1020,,,,,0.0,1997.0,1746.540169252,,100.0,500.0,1763417688.527152,,0.6495190528381813,,,254.62499999999838,
4.0,0.0,,,715.0,0.0,79375,,1031,,,,,0.0,1999.0,1783.657031184,,100.0,500.0,1763417725.643968,,0.21650635094606044,,,254.87499999999832,
,,,1.4454842805862427,,,80000,,1035,,0.011101128533482552,,,,,1798.0797931,,,,1763417740.0672414,,,,27.77853012084961,,
4.0,0.0,,,718.0,0.0,80875,,1038,,,,,0.0,1997.0,1814.249645893,,100.0,500.0,1763417756.2365458,,0.6495190528381813,,,254.62499999999838,
,,0.052184928208589554,,,,81000,,1040,,,28.15107536315918,,,,1817.244425825,,,,1763417759.2318742,,,,,,0.5541881918907166
4.0,0.0,,,722.0,0.0,82875,,1050,,,,,0.0,1971.0,1862.723106138,,90.0,500.0,1763417804.7100616,,6.4518892581932334,,,251.27499999999878,
,,,4.794037818908691,,,83000,,1053,,0.012587676756083965,,,,,1865.864599603,,,,1763417807.8520796,,,,26.840862274169922,,
,,0.004653617739677429,,,,84000,,1058,,,28.92285919189453,,,,1890.278985002,,,,1763417832.2663074,,,,,,0.2793450355529785
,,,2.239436388015747,,,84000,,1059,,0.0009339017560705543,,,,,1890.285740208,,,,1763417832.2731056,,,,28.44796371459961,,
,,0.002654620911926031,,,,87000,,1076,,,28.971824645996094,,,,1963.671214127,,,,1763417905.6586783,,,,,,4.822423458099365
,,0.01707783155143261,,,,88000,,1082,,,29.269451141357422,,,,1984.522819892,,,,1763417926.510133,,,,,,4.874088287353516
,,,0.0022774990648031235,,,88000,,1083,,3.6230587284080684e-05,,,,,1984.529140996,,,,1763417926.5165353,,,,29.725936889648438,,
4.0,0.0,,,735.0,0.0,89375,,1091,,,,,0.0,1984.0,2018.408298254,,100.0,500.0,1763417960.395243,,3.4641016151374346,,,252.9999999999985,
,,,,,,90000,29.976436614990234,1093,0.05746952071785927,,,,,,2033.624504249,6.46096214040881e-06,,,1763417975.6116207,,,,,,
4.0,0.0,,,739.0,0.0,91375,,1103,,,,,0.0,1989.0,2066.73390199,,100.0,500.0,1763418008.7210684,,2.3815698604070707,,,253.62499999999838,
,,0.0013624585699290037,,,,92000,,1106,,,30.9404296875,,,,2081.884937724,,,,1763418023.8721967,,,,,,0.16374678909778595
,,,1.3812508583068848,,,92000,,1107,,0.00013932239380665123,,,,,2081.891271393,,,,1763418023.8787196,,,,30.32141876220703,,
,,0.01562453992664814,,,,94000,,1118,,,31.558650970458984,,,,2130.303540991,,,,1763418072.2911518,,,,,,0.11384239047765732
,,,1.9628078937530518,,,95000,,1125,,3.829741763183847e-05,,,,,2150.761952971,,,,1763418092.749371,,,,30.754680633544922,,
4.0,0.0,,,749.0,0.0,96375,,1133,,,,,0.0,1998.0,2183.920817331,,100.0,500.0,1763418125.9077718,,0.43301270189220703,,,254.7499999999983,
4.0,0.0,,,753.0,0.0,98375,,1145,,,,,0.0,2000.0,2232.631369575,,100.0,500.0,1763418174.6184924,,0.0,,,254.9999999999983,
4.0,0.0,,,760.0,0.0,101875,,1164,,,,,0.0,1988.0,2292.500858018,,100.0,500.0,1763418234.4879618,,2.598076211352984,,,253.4999999999985,
,,,,,,102000,32.412479400634766,1165,0.0720008835196495,,,,,,2295.603289884,5.787819827673957e-05,,,1763418237.5905485,,,,,,
,,0.007773998659104109,,,,103000,,1172,,,34.15508270263672,,,,2319.843856274,,,,1763418261.8314404,,,,,,0.21619924902915955
,,,0.0,,,103000,,1173,,8.430868911091238e-05,,,,,2319.85012624,,,,1763418261.837681,,,,32.68137741088867,,
4.0,0.0,,,765.0,0.0,104375,,1181,,,,,0.0,1998.0,2352.659986435,,100.0,500.0,1763418294.6470077,,0.4330127018922316,,,254.7499999999983,
,,,,,,105000,,1186,,,,0.008482683449983597,,,2367.720788978,,,,1763418309.7081592,33.26115417480469,,6.621267402806552e-06,,,
4.0,0.0,,,768.0,0.0,105875,,1188,,,,,0.0,1995.0,2388.65021256,,100.0,500.0,1763418330.6372192,,1.082531754730339,,,254.3749999999984,
,,,0.00372989010065794,,,107000,,1197,,1.2898979548481293e-05,,,,,2415.260175921,,,,1763418357.247623,,,,33.38938903808594,,
,,,,,,107000,,1198,,,,0.00035048904828727245,,,2415.265649803,,,,1763418357.2531638,33.61656188964844,,3.6568339965015184e-06,,,
,,,,,,110000,33.84514236450195,1213,0.0009127110824920237,,,,,,2486.552724647,1.0080925676447805e-06,,,1763418428.540158,,,,,,
,,,0.00676137488335371,,,110000,,1215,,0.00016530505672562867,,,,,2486.564796754,,,,1763418428.5523717,,,,33.92914581298828,,
,,,,,,111000,,1222,,,,0.0004147954750806093,,,2510.309865352,,,,1763418452.2973714,34.29998779296875,,9.679245522420388e-06,,,
,,3.4977434552274644e-05,,,,112000,,1226,,,35.58837127685547,,,,2530.404670715,,,,1763418472.3921173,,,,,,0.059607893228530884
4.0,0.0,,,782.0,0.0,112875,,1230,,,,,0.0,1998.0,2551.425448659,,100.0,500.0,1763418493.4127145,,0.4330127018921209,,,254.74999999999835,
,,0.0013580697122961283,,,,113000,,1232,,,35.7896728515625,,,,2554.435141441,,,,1763418496.4225585,,,,,,0.08489444106817245
,,,,,,113000,,1234,,,,0.0013832487165927887,,,2554.448435702,,,,1763418496.4358346,34.63197708129883,,2.2384050680557266e-05,,,
,,,0.0018931919476017356,,,115000,,1245,,2.7772079192800447e-05,,,,,2602.546416307,,,,1763418544.5338743,,,,34.755279541015625,,
,,,,,,116000,34.83941650390625,1249,0.0010116504272446036,,,,,,2626.636261821,1.7560623746248893e-05,,,1763418568.6235435,,,,,,
4.0,0.0,,,790.0,0.0,116875,,1254,,,,,0.0,1997.0,2647.026970083,,100.0,500.0,1763418589.013994,,0.649519052838329,,,254.6249999999983,
4.0,0.0,,,795.0,0.0,119375,,1271,,,,,0.0,2000.0,2704.910123736,,100.0,500.0,1763418646.8974462,,0.0,,,254.9999999999983,
,,,,,,120000,,1276,,,,0.0016744156600907445,,,2717.066123648,,,,1763418659.0536175,35.717063903808594,,1.3661712728207931e-05,,,
,,,,,,123000,35.93989562988281,1291,0.000576026039198041,,,,,,2788.258887892,6.597012998099672e-06,,,1763418730.246002,,,,,,
,,,0.00025882149930112064,,,124000,,1299,,3.8467296690214425e-06,,,,,2812.27115929,,,,1763418754.2586002,,,,36.14350891113281,,
,,,0.007741273380815983,,,125000,,1305,,9.913186659105122e-06,,,,,2836.309928002,,,,1763418778.2973795,,,,36.29344940185547,,
,,,,,,128000,,1324,,,,0.0,,,2908.756282038,,,,1763418850.7438812,36.90133285522461,,6.338187085930258e-05,,,
,,7.854346767999232e-05,,,,129000,,1328,,,38.02311706542969,,,,2932.928340098,,,,1763418874.915751,,,,,,0.14017853140830994
,,,,,,131000,37.104698181152344,1339,0.0008187114726752043,,,,,,2978.335009587,2.0163042790954933e-07,,,1763418920.322184,,,,,,
,,0.0012900271685793996,,,,131000,,1340,,,38.271026611328125,,,,2978.341640829,,,,1763418920.3290544,,,,,,0.23950016498565674
4.0,0.0,,,821.0,0.0,132375,,1349,,,,,0.0,1998.0,3010.959609327,,100.0,500.0,1763418952.9466903,,0.4330127018922193,,,254.7499999999983,
,,,0.0004889513365924358,,,133000,,1353,,1.1124620868940838e-07,,,,,3025.903596122,,,,1763418967.891288,,,,37.440860748291016,,
,,,,,,135000,37.65774917602539,1363,0.00012408694601617754,,,,,,3073.167365774,1.1588190318434499e-07,,,1763419015.1545796,,,,,,
,,,0.001218466553837061,,,135000,,1365,,1.5343562154157553e-06,,,,,3073.180344997,,,,1763419015.1677454,,,,37.71278381347656,,
,,,,,,135000,,1366,,,,0.0005746334791183472,,,3073.186852666,,,,1763419015.1742496,37.8721923828125,,1.0816847861860879e-07,,,
,,1.1365984391886741e-05,,,,136000,,1370,,,38.96457290649414,,,,3097.30533466,,,,1763419039.2928207,,,,,,0.13961909711360931
,,,0.0016131148440763354,,,136000,,1371,,8.689490641700104e-06,,,,,3097.311249825,,,,1763419039.298753,,,,37.84403991699219,,
4.0,0.0,,,832.0,0.0,137875,,1380,,,,,0.0,2000.0,3142.265290225,,100.0,500.0,1763419084.252402,,0.0,,,254.9999999999983,
,,,,,,138000,38.059173583984375,1381,0.00024887369363568723,,,,,,3145.28394926,4.838793756789528e-07,,,1763419087.271084,,,,,,
,,0.00016995242913253605,,,,139000,,1388,,,39.359344482421875,,,,3169.414844567,,,,1763419111.4022462,,,,,,0.1548786163330078
,,,0.000918208563234657,,,139000,,1389,,1.3453691281029023e-06,,,,,3169.421265635,,,,1763419111.4087367,,,,38.24235534667969,,
,,,0.0005491749616339803,,,140000,,1395,,7.496753823943436e-06,,,,,3193.019904789,,,,1763419135.0073485,,,,38.3696403503418,,
4.0,0.0,,,837.0,0.0,140375,,1397,,,,,0.0,2000.0,3201.780823532,,100.0,500.0,1763419143.768,,0.0,,,254.9999999999983,
,,,,,,141000,38.442596435546875,1399,0.0004455211164895445,,,,,,3216.939312228,1.0361768545408268e-06,,,1763419158.9264784,,,,,,
,,,0.003979867324233055,,,141000,,1401,,1.6361449524993077e-05,,,,,3216.952121759,,,,1763419158.9395504,,,,38.5010986328125,,
,,,,,,142000,38.567657470703125,1405,9.050331573234871e-05,,,,,,3240.364429106,1.57697786562494e-06,,,1763419182.351763,,,,,,
,,0.00010454498260514811,,,,144000,,1418,,,39.868995666503906,,,,3288.4285003,,,,1763419230.4159698,,,,,,0.14181621372699738
,,,0.0,,,145000,,1425,,4.4823536882176995e-06,,,,,3312.314928237,,,,1763419254.302271,,,,38.9990348815918,,
,,,,,,145000,,1426,,,,0.008867020718753338,,,3312.3209237,,,,1763419254.308364,39.13020324707031,,6.8312806433823425e-06,,,
,,,,,,146000,,1432,,,,0.0010063861263915896,,,3336.35586092,,,,1763419278.3432903,39.24702835083008,,3.1640320230508223e-07,,,
4.0,0.0,,,849.0,0.0,146375,,1433,,,,,0.0,2000.0,3345.241982205,,100.0,500.0,1763419287.229213,,0.0,,,254.9999999999983,
4.0,0.0,,,850.0,0.0,146875,,1434,,,,,0.0,2000.0,3356.973340463,,100.0,500.0,1763419298.9605134,,0.0,,,254.9999999999983,
,,,,,,149000,39.407440185546875,1447,0.00046607290278188884,,,,,,3404.8383489,3.064906195504591e-07,,,1763419346.8256366,,,,,,
4.0,0.0,,,856.0,0.0,149875,,1452,,,,,0.0,2000.0,3424.696242827,,100.0,500.0,1763419366.6833117,,0.0,,,254.9999999999983,
,,,0.002829301403835416,,,150000,,1455,,6.030196527717635e-05,,,,,3427.715456192,,,,1763419369.702996,,,,39.573272705078125,,
,,,,,,150000,,1456,,,,0.002014450030401349,,,3427.721910751,,,,1763419369.7094603,39.71241760253906,,1.0254725566483103e-06,,,
4.0,0.0,,,857.0,0.0,150375,,1457,,,,,0.0,2000.0,3436.249151945,,100.0,500.0,1763419378.2362309,,0.0,,,254.9999999999983,
,,,0.0023319325409829617,,,151000,,1461,,8.317415449710097e-07,,,,,3451.099611705,,,,1763419393.0872097,,,,39.70235824584961,,
,,,,,,152000,,1468,,,,0.0018018918344751,,,3474.041093356,,,,1763419416.0285842,39.94272232055664,,2.618681719468441e-06,,,
4.0,0.0,,,868.0,0.0,155875,,1488,,,,,0.0,2000.0,3561.536481977,,100.0,500.0,1763419503.5236552,,0.0,,,254.9999999999983,
,,0.00015745131531730294,,,,160000,,1514,,,41.54142761230469,,,,3659.890876886,,,,1763419601.8782861,,,,,,0.05136363208293915
,,,0.0007389137172140181,,,160000,,1515,,1.594533387105912e-05,,,,,3659.897196701,,,,1763419601.8846545,,,,40.69062805175781,,
,,,,,,160000,,1516,,,,0.0009846377652138472,,,3659.903508155,,,,1763419601.8909624,40.79041290283203,,4.5845808926969767e-08,,,
,,,,,,161000,40.72657012939453,1519,0.0004064640961587429,,,,,,3681.306066977,4.918933882436249e-07,,,1763419623.2931888,,,,,,
,,,9.2056390712969e-05,,,161000,,1521,,0.00014247730723582208,,,,,3681.318444947,,,,1763419623.3058863,,,,40.7967529296875,,
,,,,,,161000,,1522,,,,0.0006218311609700322,,,3681.324555359,,,,1763419623.3120635,40.8885498046875,,7.167039257183205e-06,,,
4.0,0.0,,,879.0,0.0,161375,,1523,,,,,0.0,2000.0,3690.242852569,,100.0,500.0,1763419632.2301173,,0.0,,,254.9999999999983,
4.0,0.0,,,880.0,0.0,161875,,1524,,,,,0.0,2000.0,3702.264249725,,100.0,500.0,1763419644.2512703,,0.0,,,254.9999999999983,
,,,,,,162000,40.8297119140625,1525,0.0013835147256031632,,,,,,3705.272616019,5.228076588537078e-06,,,1763419647.2598848,,,,,,
,,,0.0003039724542759359,,,162000,,1527,,2.2883599740453064e-05,,,,,3705.285493395,,,,1763419647.2729928,,,,40.878414154052734,,
4.0,0.0,,,881.0,0.0,162375,,1529,,,,,0.0,1999.0,3712.235400889,,97.5,500.0,1763419654.2226832,,0.2598076211352922,,,254.84999999999832,
,,,,,,163000,,1534,,,,9.745497663971037e-05,,,3724.94101261,,,,1763419666.92851,41.096099853515625,,5.842753125762101e-07,,,
4.0,0.0,,,884.0,0.0,163875,,1536,,,,,0.0,2000.0,3743.688391588,,100.0,500.0,1763419685.675511,,0.0,,,254.9999999999983,
4.0,0.0,,,886.0,0.0,164875,,1542,,,,,0.0,2000.0,3767.823070467,,100.0,500.0,1763419709.810039,,0.0,,,254.9999999999983,
,,,,,,165000,41.126792907714844,1543,0.00036141209420748055,,,,,,3770.893543159,3.5309858503751457e-07,,,1763419712.880683,,,,,,
,,,0.0005618512514047325,,,165000,,1545,,4.0791064748191275e-07,,,,,3770.906267291,,,,1763419712.8937137,,,,41.17665481567383,,
,,,,,,165000,,1546,,,,0.0,,,3770.912556307,,,,1763419712.9002469,41.29393768310547,,4.227636964060366e-06,,,
,,,,,,167000,,1558,,,,0.004461172502487898,,,3802.606706936,,,,1763419744.5943227,41.481239318847656,,6.065622073947452e-06,,,
4.0,0.0,,,891.0,0.0,167375,,1559,,,,,0.0,2000.0,3808.335827738,,100.0,500.0,1763419750.3229434,,0.0,,,254.9999999999983,
,,,0.0005220167804509401,,,168000,,1563,,7.69599591876613e-06,,,,,3820.058457204,,,,1763419762.0459042,,,,41.464134216308594,,
4.0,0.0,,,894.0,0.0,168875,,1566,,,,,0.0,1998.0,3838.775159321,,100.0,500.0,1763419780.7622087,,0.4330127018922316,,,254.7499999999983,
,,,,,,169000,,1570,,,,0.0012156683951616287,,,3841.822031653,,,,1763419783.8094647,41.668373107910156,,4.288385753170587e-06,,,
4.0,0.0,,,895.0,0.0,169375,,1571,,,,,0.0,2000.0,3850.749997147,,100.0,500.0,1763419792.737336,,0.0,,,254.9999999999983,
,,,,,,170000,,1576,,,,0.0010079576168209314,,,3865.83419699,,,,1763419807.821699,41.76040267944336,,1.7961619960260577e-06,,,
,,,,,,172000,,1588,,,,0.0018546271603554487,,,3913.477489743,,,,1763419855.46495,41.94830322265625,,3.4612135095812846e-06,,,
4.0,0.0,,,901.0,0.0,172375,,1589,,,,,0.0,2000.0,3922.461233864,,100.0,500.0,1763419864.4483166,,0.0,,,254.9999999999983,
,,,,,,174000,41.99897384643555,1597,0.0020890093874186277,,,,,,3960.860540482,0.00038014029269106686,,,1763419902.8476708,,,,,,
4.0,0.0,,,907.0,0.0,175375,,1607,,,,,0.0,1999.0,3993.721307836,,100.0,500.0,1763419935.7083642,,0.21650635094612197,,,254.8749999999983,
,,,,,,176000,42.14645004272461,1609,0.00042182643665000796,,,,,,4007.433499002,3.4513368518673815e-06,,,1763419949.4206553,,,,,,
,,4.1561725083738565e-05,,,,176000,,1610,,,42.94222640991211,,,,4007.439923284,,,,1763419949.4272695,,,,,,0.0
,,,,,,176000,,1612,,,,0.000967932166531682,,,4007.452796004,,,,1763419949.440217,42.29369354248047,,4.818883553525666e-06,,,
4.0,0.0,,,914.0,0.0,178875,,1626,,,,,0.0,2000.0,4068.272185783,,100.0,500.0,1763420010.2593637,,0.0,,,254.9999999999983,
4.0,0.0,,,918.0,0.0,180875,,1638,,,,,0.0,2000.0,4111.911612717,,100.0,500.0,1763420053.8989413,,0.0,,,254.9999999999983,
,,,,,,182000,,1648,,,,0.0017590507632121444,,,4133.676060519,,,,1763420075.663524,42.80390167236328,,7.835269570932724e-07,,,
,,,4.420612458488904e-05,,,183000,,1653,,4.4688829802908e-05,,,,,4152.871359536,,,,1763420094.8587766,,,,42.76860046386719,,
4.0,0.0,,,924.0,0.0,183875,,1656,,,,,0.0,2000.0,4173.482957886,,100.0,500.0,1763420115.4699452,,0.0,,,254.9999999999983,
,,,,,,187000,43.08102035522461,1675,0.0010786711936816573,,,,,,4247.768536828,8.591777441324666e-05,,,1763420189.7556503,,,,,,
,,,,,,189000,43.26130676269531,1687,0.0,,,,,,4295.521250375,2.0227758795954287e-05,,,1763420237.508682,,,,,,
,,,,,,189000,,1690,,,,0.0,,,4295.539123949,,,,1763420237.5267117,43.37556457519531,,3.101886250078678e-07,,,
,,4.4108033762313426e-05,,,,192000,,1706,,,44.09844970703125,,,,4367.90148194,,,,1763420309.8888686,,,,,,0.0
,,,,,,196000,,1732,,,,0.0,,,4461.427127767,,,,1763420403.4146075,43.90798568725586,,2.0173418306512758e-05,,,
4.0,0.0,,,953.0,0.0,198375,,1745,,,,,0.0,2000.0,4509.192152562,,100.0,500.0,1763420451.1791837,,0.0,,,254.9999999999983,
,,,,,,200000,44.04145812988281,1753,7.762214227113873e-05,,,,,,4548.460266356,0.0010357339633628726,,,1763420490.4471993,,,,,,
,,0.00040017091669142246,,,,200000,,1754,,,44.6171875,,,,4548.466478348,,,,1763420490.4538722,,,,,,0.0
,,,,,,201000,,1762,,,,0.005239254795014858,,,4572.618658512,,,,1763420514.6061819,44.25861740112305,,4.08642808906734e-05,,,
,,,,,,202000,44.132389068603516,1765,0.0,,,,,,4596.603881653,4.558969521895051e-07,,,1763420538.5910053,,,,,,
,,,,,,202000,,1768,,,,0.002366749569773674,,,4596.62126294,,,,1763420538.6087015,44.32463836669922,,1.7197811757796444e-05,,,
4.0,0.0,,,962.0,0.0,202875,,1770,,,,,0.0,2000.0,4617.464134554,,100.0,500.0,1763420559.4512768,,0.0,,,254.9999999999983,
,,,0.0,,,203000,,1773,,0.0005117166438139975,,,,,4620.078846401,,,,1763420562.066629,,,,44.30015182495117,,
,,,,,,204000,44.28173065185547,1777,0.0,,,,,,4642.795083068,1.9581057131290436e-05,,,1763420584.782261,,,,,,
,,,,,,204000,,1780,,,,0.0,,,4642.813959493,,,,1763420584.8014376,44.44720458984375,,3.573206777218729e-05,,,
,,,,,,206000,44.41471862792969,1789,0.007109993603080511,,,,,,4691.071555131,0.00020629484788514674,,,1763420633.0587387,,,,,,
4.0,0.0,,,973.0,0.0,208375,,1805,,,,,0.0,1984.0,4743.998736052,,100.0,500.0,1763420685.9859283,,3.4641016151377175,,,252.99999999999832,
4.0,0.0,,,978.0,0.0,210875,,1818,,,,,0.0,2000.0,4803.727102522,,100.0,500.0,1763420745.714121,,0.0,,,254.9999999999983,
,,,,,,211000,44.722938537597656,1819,0.00037092683487571776,,,,,,4806.171608333,0.00022731669014319777,,,1763420748.1588907,,,,,,
4.0,0.0,,,979.0,0.0,211375,,1823,,,,,0.0,2000.0,4814.647141474,,100.0,500.0,1763420756.6342497,,0.0,,,254.9999999999983,
,,,0.0007660611299797893,,,216000,,1851,,0.0002031901094596833,,,,,4917.493827015,,,,1763420859.4812486,,,,45.19963836669922,,
,,7.869282853789628e-05,,,,217000,,1856,,,45.79566955566406,,,,4941.458468505,,,,1763420883.445978,,,,,,0.05615321919322014
,,0.00016012888227123767,,,,219000,,1868,,,45.91011047363281,,,,4988.821665932,,,,1763420930.8090498,,,,,,0.06947663426399231
,,,,,,220000,45.284271240234375,1873,0.0006689548026770353,,,,,,5002.693629267,0.00014131295029073954,,,1763420944.6810849,,,,,,
,,,0.0007287531043402851,,,220000,,1875,,0.00018324107804801315,,,,,5002.699776522,,,,1763420944.687427,,,,45.42890167236328,,
,,,,,,220000,,1876,,,,0.0008092194912023842,,,5002.702567298,,,,1763420944.690291,45.46662139892578,,5.588895874097943e-06,,,
4.0,0.0,,,997.0,0.0,220375,,1877,,,,,0.0,2000.0,5008.020647743,,100.0,500.0,1763420950.0078626,,0.0,,,254.9999999999983,
,,,,,,221000,45.327213287353516,1879,0.000728095299564302,,,,,,5022.253377937,9.242028318112716e-05,,,1763420964.2406557,,,,,,
,,3.637978807091713e-06,,,,222000,,1886,,,46.04779052734375,,,,5039.42214757,,,,1763420981.4096224,,,,,,0.0
4.0,0.0,,,1003.0,0.0,223375,,1895,,,,,0.0,2000.0,5069.521182764,,100.0,500.0,1763421011.507779,,0.0,,,254.9999999999983,
4.0,0.0,,,1004.0,0.0,223875,,1896,,,,,0.0,2000.0,5081.42317084,,100.0,500.0,1763421023.4101372,,0.0,,,254.9999999999983,
4.0,0.0,,,1006.0,0.0,224875,,1902,,,,,0.0,2000.0,5105.013046562,,100.0,500.0,1763421047.000203,,0.0,,,254.9999999999983,
,,,,,,225000,45.53718566894531,1903,0.0012322119437158108,,,,,,5107.979621841,5.330563726602122e-05,,,1763421049.9667366,,,,,,
,,,,,,225000,,1906,,,,0.000991598586551845,,,5107.998340321,,,,1763421049.985766,45.73554229736328,,1.9218050510971807e-05,,,
,,,,,,226000,45.56977844238281,1909,0.0012766344007104635,,,,,,5131.795659293,0.0011405652621760964,,,1763421073.782934,,,,,,
3.0,0.0,,,1014.0,0.0,226501,,1918,,,,,0.0,6.0,5143.832343134,,75.0,2.0,1763421085.8196678,,0.8703555308033607,,,0.5175000000000001,
3.0,0.0,,,1016.0,0.0,226505,,1920,,,,,0.0,6.0,5143.934000993,,75.0,2.0,1763421085.9213014,,0.8703555308033607,,,0.5175000000000001,
3.0,0.0,,,1026.0,0.0,226525,,1930,,,,,0.0,6.0,5144.433777576,,75.0,2.0,1763421086.4210682,,0.8703555308033607,,,0.5175000000000001,
,,,0.0014242263277992606,,,229000,,1945,,0.00013970924192108214,,,,,5195.957908909,,,,1763421137.945275,,,,45.84569549560547,,
,,0.016403712332248688,,,,230000,,1950,,,47.08946990966797,,,,5219.582305055,,,,1763421161.569713,,,,,,0.041236843913793564
4.0,0.0,,,1033.0,0.0,230025,,1953,,,,,0.0,1929.0,5220.181231766,,100.0,500.0,1763421162.1685138,,15.371950917173516,,,246.12499999999844,
4.0,0.0,,,1035.0,0.0,231025,,1959,,,,,0.0,1929.0,5243.793091692,,99.75,500.0,1763421185.7802558,,15.376281044192705,,,246.1224999999983,
,,,,,,233000,46.02479553222656,1967,0.0012192240683361888,,,,,,5287.43839828,9.221458458341658e-05,,,1763421229.4255114,,,,,,
4.0,0.0,,,1039.0,0.0,233025,,1971,,,,,0.0,2000.0,5288.054294796,,100.0,500.0,1763421230.0414717,,0.0,,,254.9999999999983,
,,,,,,234000,46.05717086791992,1973,0.0,,,,,,5311.37266736,2.295617014169693e-05,,,1763421253.3597796,,,,,,
,,,,,,236000,46.12705612182617,1985,0.0017926919972524047,,,,,,5358.824490713,0.0002598296559881419,,,1763421300.8116312,,,,,,
,,,,,,237000,46.1817626953125,1991,0.0014169461792334914,,,,,,5382.566180313,0.0007239768165163696,,,1763421324.5532763,,,,,,
4.0,0.0,,,1049.0,0.0,238025,,2001,,,,,0.0,2000.0,5407.19780344,,100.0,500.0,1763421349.184972,,0.0,,,254.9999999999983,
4.0,0.0,,,1050.0,0.0,238525,,2002,,,,,0.0,1983.0,5419.154173243,,97.75,500.0,1763421361.1412556,,3.719579109253513,,,252.85249999999868,
4.0,0.0,,,1051.0,0.0,239025,,2007,,,,,0.0,1919.0,5431.103198028,,100.0,500.0,1763421373.090242,,17.537014426634563,,,244.8749999999985,
,,0.00830029509961605,,,,241000,,2016,,,49.44818878173828,,,,5463.526136645,,,,1763421405.513466,,,,,,0.007379037793725729
4.0,0.0,,,1055.0,0.0,241025,,2019,,,,,0.0,2000.0,5464.291663826,,100.0,500.0,1763421406.2786202,,0.0,,,254.9999999999983,
,,,,,,242000,,2024,,,,0.0020857157651335,,,5486.166831029,,,,1763421428.1545513,46.614356994628906,,1.9070328562520444e-05,,,
,,,,,,243000,46.45367431640625,2027,0.002884953049942851,,,,,,5505.802172539,4.00605276809074e-05,,,1763421447.7893026,,,,,,
,,,4.734410686069168e-05,,,243000,,2029,,2.2371614250005223e-06,,,,,5505.808477885,,,,1763421447.7960727,,,,46.46675109863281,,
,,0.010839294642210007,,,,244000,,2034,,,49.30738830566406,,,,5524.875058112,,,,1763421466.8624659,,,,,,0.04242387041449547
4.0,0.0,,,1061.0,0.0,244025,,2037,,,,,0.0,1998.0,5525.458149901,,100.0,500.0,1763421467.445186,,0.4330127018922316,,,254.7499999999983,
4.0,0.0,,,1062.0,0.0,244525,,2038,,,,,0.0,1951.0,5532.804109082,,100.0,500.0,1763421474.791392,,10.608811196359028,,,248.8749999999985,
,,,,,,245000,46.55359649658203,2039,0.000994230154901743,,,,,,5538.145296051,0.00011876334610860795,,,1763421480.1326256,,,,,,
,,,,,,246000,46.62779998779297,2045,0.0014593604719266295,,,,,,5560.03704583,3.681656380649656e-05,,,1763421502.024146,,,,,,
,,,,,,247000,46.68650817871094,2051,0.00041368918027728796,,,,,,5583.204751154,0.0007754063117317855,,,1763421525.1917944,,,,,,
,,0.0005377889610826969,,,,247000,,2052,,,49.35900115966797,,,,5583.210947733,,,,1763421525.198346,,,,,,0.1007542684674263
,,,,,,247000,,2054,,,,0.0024242508225142956,,,5583.22399042,,,,1763421525.2114122,46.787933349609375,,7.88021061453037e-05,,,
,,,0.004678710829466581,,,249000,,2065,,5.778016566182487e-05,,,,,5630.795058712,,,,1763421572.782577,,,,46.75799560546875,,
,,,,,,250000,46.73493194580078,2069,0.000836342922411859,,,,,,5654.426323554,8.561216964153573e-05,,,1763421596.4134164,,,,,,
,,0.023687448352575302,,,,250000,,2070,,,50.02955627441406,,,,5654.43251908,,,,1763421596.4199605,,,,,,0.30982890725135803
,,6.614462472498417e-05,,,,251000,,2076,,,50.11500930786133,,,,5675.204914915,,,,1763421617.1922905,,,,,,0.0
,,,,,,254000,46.876800537109375,2093,8.063138920988422e-06,,,,,,5730.3902342,9.738172593642958e-06,,,1763421672.3776217,,,,,,
,,1.0489704608917236,,,,254000,,2094,,,48.63182067871094,,,,5730.39321629,,,,1763421672.3808634,,,,,,7.913886547088623
,,,,,,258000,47.05010986328125,2117,0.0006061410531401634,,,,,,5819.146251914,0.0002342070802114904,,,1763421761.1333654,,,,,,
,,,,,,261000,47.12676239013672,2135,0.0012619353365153074,,,,,,5887.104482556,3.612129148677923e-05,,,1763421829.09163,,,,,,
,,,,,,262000,47.19013214111328,2141,0.0012247675331309438,,,,,,5911.090162447,0.00017591066716704518,,,1763421853.077336,,,,,,
4.0,0.0,,,1098.0,0.0,262525,,2146,,,,,0.0,1998.0,5923.698349982,,100.0,500.0,1763421865.6853647,,0.4330127018922316,,,254.7499999999983,
,,,,,,263000,47.253990173339844,2147,0.0038860985077917576,,,,,,5933.882068428,0.0029281561728566885,,,1763421875.8695924,,,,,,
,,0.00011917549272766337,,,,263000,,2148,,,50.5864143371582,,,,5933.886757461,,,,1763421875.8744845,,,,,,0.002699486678466201
,,,0.0041181184351444244,,,264000,,2155,,0.00010547517740633339,,,,,5957.100080352,,,,1763421899.087484,,,,47.429412841796875,,
4.0,0.0,,,1104.0,0.0,265525,,2164,,,,,0.0,1997.0,5992.549215161,,100.0,500.0,1763421934.5363278,,0.6495190528381813,,,254.62499999999838,
,,,0.0,,,266000,,2167,,5.849229637533426e-06,,,,,6001.067830472,,,,1763421943.0553565,,,,47.465606689453125,,
,,0.00011319233453832567,,,,267000,,2172,,,50.52778244018555,,,,6020.128005296,,,,1763421962.115455,,,,,,0.24655263125896454
,,,0.0018259836360812187,,,269000,,2185,,3.08202943415381e-05,,,,,6068.184489118,,,,1763422010.17193,,,,47.55143737792969,,
,,,,,,270000,47.390533447265625,2189,0.0015860701678320765,,,,,,6092.35430384,0.0003650918952189386,,,1763422034.3414054,,,,,,
,,,,,,270000,,2192,,,,0.0011179419234395027,,,6092.373395307,,,,1763422034.36084,47.59849548339844,,0.0002976220566779375,,,
,,,0.005910021252930164,,,271000,,2197,,0.00013734291133005172,,,,,6115.913012366,,,,1763422057.9002485,,,,47.60619354248047,,
,,,,,,271000,,2198,,,,0.001337911351583898,,,6115.919082476,,,,1763422057.9065008,47.66648864746094,,7.231986728584161e-06,,,
4.0,0.0,,,1115.0,0.0,271025,,2199,,,,,0.0,2000.0,6116.487336128,,100.0,500.0,1763422058.4746149,,0.0,,,254.9999999999983,
,,0.002670043846592307,,,,273000,,2208,,,51.28670120239258,,,,6163.328287361,,,,1763422105.31565,,,,,,0.22035646438598633
4.0,0.0,,,1119.0,0.0,273025,,2211,,,,,0.0,1994.0,6163.927493876,,100.0,500.0,1763422105.914666,,1.299038105676535,,,254.24999999999838,
4.0,0.0,,,1120.0,0.0,273525,,2212,,,,,0.0,1992.0,6174.566117872,,100.0,500.0,1763422116.5531285,,1.7320508075684835,,,253.99999999999852,
,,0.001226165215484798,,,,274000,,2214,,,51.33968734741211,,,,6185.932636939,,,,1763422127.9200706,,,,,,0.029162215068936348
,,,,,,274000,,2216,,,,0.000843713351059705,,,6185.9457641,,,,1763422127.9331145,47.741065979003906,,6.146433861431433e-06,,,
,,0.0023391901049762964,,,,275000,,2220,,,51.276275634765625,,,,6209.867748807,,,,1763422151.8551917,,,,,,0.23724988102912903
4.0,0.0,,,1123.0,0.0,275025,,2223,,,,,0.0,1998.0,6210.476221277,,100.0,500.0,1763422152.4633608,,0.4330127018922316,,,254.7499999999983,
4.0,0.0,,,1124.0,0.0,275525,,2224,,,,,0.0,1997.0,6222.357335431,,100.0,500.0,1763422164.3443081,,0.6495190528381813,,,254.62499999999838,
,,,,,,276000,47.64118957519531,2225,0.0021420710254460573,,,,,,6233.160403682,0.00021297935745678842,,,1763422175.1476922,,,,,,
,,0.0003744999412447214,,,,276000,,2226,,,51.30001449584961,,,,6233.16583477,,,,1763422175.1534846,,,,,,0.1401364654302597
,,,0.002133903792127967,,,276000,,2227,,0.0003765099972952157,,,,,6233.17145653,,,,1763422175.1590493,,,,47.72760772705078,,
,,,,,,277000,47.71505355834961,2231,0.004408180247992277,,,,,,6256.672601404,0.00010821728210430592,,,1763422198.659891,,,,,,
4.0,0.0,,,1127.0,0.0,277025,,2235,,,,,0.0,1997.0,6257.292027306,,100.0,500.0,1763422199.2791803,,0.6495190528381813,,,254.62499999999838,
4.0,0.0,,,1129.0,0.0,278025,,2241,,,,,0.0,1997.0,6281.279045139,,100.0,500.0,1763422223.2661874,,0.6495190528382675,,,254.62499999999832,
4.0,0.0,,,1132.0,0.0,279525,,2248,,,,,0.0,1998.0,6316.705237129,,100.0,500.0,1763422258.6924465,,0.43301270189220703,,,254.7499999999983,
,,0.0001268590276595205,,,,280000,,2250,,,51.18345642089844,,,,6328.182647728,,,,1763422270.1700904,,,,,,0.01985180750489235
4.0,0.0,,,1133.0,0.0,280025,,2253,,,,,0.0,1995.0,6328.773033076,,100.0,500.0,1763422270.76006,,1.0825317547305606,,,254.3749999999983,
4.0,0.0,,,1136.0,0.0,281525,,2260,,,,,0.0,1991.0,6364.379761699,,100.0,500.0,1763422306.3667579,,1.9485571585147285,,,253.87499999999844,
4.0,0.0,,,1140.0,0.0,283525,,2272,,,,,0.0,2000.0,6412.478365393,,100.0,500.0,1763422354.4653678,,0.0,,,254.9999999999983,
,,0.0008683373453095555,,,,284000,,2274,,,51.086639404296875,,,,6423.949119566,,,,1763422365.9366293,,,,,,0.1631309986114502
,,0.00010192767513217404,,,,285000,,2280,,,51.08266830444336,,,,6448.331987825,,,,1763422390.3194337,,,,,,0.285418301820755
,,,,,,285000,,2282,,,,0.0020214621908962727,,,6448.344888974,,,,1763422390.3322845,48.103599548339844,,1.0439654943183996e-05,,,
,,,,,,287000,,2294,,,,0.004924103617668152,,,6487.20627689,,,,1763422429.1936834,48.140167236328125,,0.0006267171120271087,,,
4.0,0.0,,,1147.0,0.0,287025,,2295,,,,,0.0,1997.0,6487.771837343,,100.0,500.0,1763422429.7589655,,0.6495190528383413,,,254.6249999999983,
,,0.00046288827434182167,,,,288000,,2298,,,51.14190673828125,,,,6510.802477592,,,,1763422452.7898657,,,,,,0.18867942690849304
,,0.002795169595628977,,,,290000,,2310,,,51.145118713378906,,,,6557.955287031,,,,1763422499.9427783,,,,,,0.16061115264892578
,,,,,,290000,,2312,,,,0.0028465725481510162,,,6557.961489689,,,,1763422499.9490743,48.311798095703125,,0.0002935180382337421,,,
,,,0.0064323944970965385,,,291000,,2317,,0.0007464473601430655,,,,,6581.333251308,,,,1763422523.3207364,,,,48.305137634277344,,
,,,,,,291000,,2318,,,,0.0019529163837432861,,,6581.339119254,,,,1763422523.3266115,48.292381286621094,,0.0001287698105443269,,,
,,0.0006502040196210146,,,,292000,,2322,,,51.135643005371094,,,,6604.908035261,,,,1763422546.8954747,,,,,,0.05211060494184494
,,,0.007409244775772095,,,292000,,2323,,0.00010465033119544387,,,,,6604.914147455,,,,1763422546.9016182,,,,48.27850341796875,,
,,,,,,292000,,2324,,,,0.0024276585318148136,,,6604.920331091,,,,1763422546.9077816,48.35163116455078,,6.85889899614267e-05,,,
,,,0.006112623494118452,,,293000,,2329,,6.64478211547248e-05,,,,,6629.158886307,,,,1763422571.1463199,,,,48.335235595703125,,
,,,,,,293000,,2330,,,,0.002557748695835471,,,6629.165504987,,,,1763422571.1530013,48.370121002197266,,5.605137994280085e-05,,,
,,,,,,295000,48.16749954223633,2339,0.0017647364875301719,,,,,,6676.963570182,5.770332336396677e-06,,,1763422618.9508445,,,,,,
4.0,0.0,,,1163.0,0.0,295025,,2343,,,,,0.0,1995.0,6677.563174442,,100.0,500.0,1763422619.550269,,1.0825317547304991,,,254.37499999999832,
4.0,0.0,,,1164.0,0.0,295525,,2344,,,,,0.0,1996.0,6689.420992157,,100.0,500.0,1763422631.4079921,,0.8660254037842418,,,254.4999999999984,
,,,,,,296000,,2348,,,,0.0012371886987239122,,,6700.726994939,,,,1763422642.714426,48.44826126098633,,1.4709717106597964e-05,,,
,,,,,,297000,,2354,,,,0.0020075219217687845,,,6720.634576945,,,,1763422662.6222777,48.485374450683594,,0.0003510176611598581,,,
,,,,,,299000,48.251197814941406,2363,0.001902941265143454,,,,,,6763.416192266,9.730153578857426e-06,,,1763422705.403444,,,,,,
4.0,0.0,,,1171.0,0.0,299025,,2367,,,,,0.0,1998.0,6763.862654822,,100.0,500.0,1763422705.8497567,,0.4330127018921209,,,254.74999999999835,
4.0,0.0,,,1175.0,0.0,301025,,2379,,,,,0.0,1993.0,6809.80636044,,100.0,500.0,1763422751.7936754,,1.515544456622583,,,254.1249999999984,
4.0,0.0,,,1178.0,0.0,302525,,2386,,,,,0.0,1989.0,6844.358456708,,88.75,500.0,1763422786.3456259,,2.57642557625854,,,253.5124999999984,
,,,0.004216702189296484,,,303000,,2389,,0.0002434927155263722,,,,,6855.849662773,,,,1763422797.8371136,,,,48.58148956298828,,
,,0.0007620747783221304,,,,304000,,2394,,,51.53446960449219,,,,6880.042996995,,,,1763422822.030404,,,,,,0.06951209157705307
4.0,0.0,,,1185.0,0.0,306025,,2409,,,,,0.0,1988.0,6928.22535531,,100.0,500.0,1763422870.2124493,,2.598076211353205,,,253.49999999999835,
,,0.00010893895523622632,,,,309000,,2424,,,51.41608810424805,,,,6999.734717299,,,,1763422941.7220948,,,,,,0.3946674168109894
,,,,,,309000,,2426,,,,0.0008228918886743486,,,6999.747452842,,,,1763422941.7348964,48.78034210205078,,1.0667671631381381e-05,,,
,,0.00016255247464869171,,,,310000,,2430,,,51.426998138427734,,,,7022.425101279,,,,1763422964.4124882,,,,,,0.3531847596168518
,,,0.0017156912945210934,,,313000,,2449,,8.19225242594257e-05,,,,,7083.154136243,,,,1763423025.1415534,,,,48.846351623535156,,
4.0,0.0,,,1201.0,0.0,314025,,2457,,,,,0.0,1995.0,7107.259225418,,100.0,500.0,1763423049.2463078,,1.0825317547305728,,,254.37499999999827,
,,,,,,316000,48.69178771972656,2465,0.003375791013240814,,,,,,7154.558032705,2.3719097953289747e-05,,,1763423096.545261,,,,,,
,,,,,,317000,,2474,,,,0.0013953738380223513,,,7178.480831546,,,,1763423120.4683151,48.99192810058594,,2.678492819541134e-05,,,
,,,0.004888012073934078,,,318000,,2479,,0.00012579813483171165,,,,,7202.537607059,,,,1763423144.5250869,,,,48.9240837097168,,
,,0.0006157545140013099,,,,319000,,2484,,,51.43482208251953,,,,7226.407256056,,,,1763423168.3946915,,,,,,0.2296677678823471
,,,,,,320000,48.76955032348633,2489,0.00016099911590572447,,,,,,7250.488115134,0.00028935333830304444,,,1763423192.475345,,,,,,
,,,0.001309467013925314,,,320000,,2491,,6.334015779430047e-05,,,,,7250.50101949,,,,1763423192.4883835,,,,49.026084899902344,,
4.0,0.0,,,1213.0,0.0,320025,,2493,,,,,0.0,1989.0,7251.089251824,,85.0,500.0,1763423193.0765486,,2.6413774815423263,,,253.4749999999984,
,,,,,,321000,48.8062744140625,2495,0.000511599937453866,,,,,,7274.215404343,0.0004061131621710956,,,1763423216.2024748,,,,,,
4.0,0.0,,,1215.0,0.0,321025,,2499,,,,,0.0,1997.0,7274.829189971,,78.75,500.0,1763423216.816363,,1.0175798494466515,,,254.41249999999835,
4.0,0.0,,,1216.0,0.0,321525,,2500,,,,,0.0,1991.0,7283.978147844,,100.0,500.0,1763423225.9651403,,1.9485571585148516,,,253.87499999999838,
4.0,0.0,,,1218.0,0.0,322525,,2506,,,,,0.0,2000.0,7301.272775272,,100.0,500.0,1763423243.2597685,,0.0,,,254.9999999999983,
4.0,0.0,,,1219.0,0.0,323025,,2511,,,,,0.0,1995.0,7313.411799275,,82.5,500.0,1763423255.3987935,,1.3856406460550355,,,254.19999999999834,
,,0.0005450561875477433,,,,324000,,2514,,,51.70956039428711,,,,7336.636778068,,,,1763423278.6242151,,,,,,0.1999567598104477
,,,0.0009271770250052214,,,324000,,2515,,2.7894660888705403e-05,,,,,7336.642804733,,,,1763423278.6302705,,,,49.08230972290039,,
,,0.011609507724642754,,,,325000,,2520,,,51.59744644165039,,,,7360.683492625,,,,1763423302.670911,,,,,,0.11991634964942932
4.0,0.0,,,1226.0,0.0,326525,,2530,,,,,0.0,1994.0,7397.166614723,,100.0,500.0,1763423339.1537213,,1.299038105676535,,,254.24999999999838,
,,,0.015995005145668983,,,327000,,2533,,0.0005895781214348972,,,,,7408.550942934,,,,1763423350.538287,,,,49.13700485229492,,
,,,,,,328000,,2540,,,,0.002043035114184022,,,7432.670193787,,,,1763423374.6575372,49.14573287963867,,6.814545031375019e-06,,,
4.0,0.0,,,1231.0,0.0,329025,,2547,,,,,0.0,2000.0,7457.01973112,,100.0,500.0,1763423399.0068843,,0.0,,,254.9999999999983,
,,,0.002043497981503606,,,331000,,2557,,0.00016842003969941288,,,,,7503.50933696,,,,1763423445.4968185,,,,49.21437454223633,,
,,,,,,333000,,2570,,,,0.00334206223487854,,,7551.57117389,,,,1763423493.5587428,49.228790283203125,,7.157813524827361e-05,,,
4.0,0.0,,,1239.0,0.0,333025,,2571,,,,,0.0,2000.0,7552.158285036,,100.0,500.0,1763423494.1454644,,0.0,,,254.9999999999983,
,,,0.0029396696481853724,,,334000,,2576,,4.1473336750641465e-05,,,,,7575.571515317,,,,1763423517.5589604,,,,49.317527770996094,,
,,,,,,334000,,2577,,,,0.0009588823886588216,,,7575.578011256,,,,1763423517.5654771,49.22430419921875,,2.4728531570872292e-05,,,
4.0,0.0,,,1255.0,0.0,337158,,2603,,,,,0.0,1962.0,7635.127424083,,100.0,500.0,1763423577.1145513,,8.227241335951478,,,250.2499999999987,
,,,,,,338000,,2608,,,,0.001356301479972899,,,7654.95886649,,,,1763423596.9463072,49.29822540283203,,6.184732774272561e-05,,,
4.0,0.0,,,1258.0,0.0,338658,,2610,,,,,0.0,1532.0,7668.678984219,,76.0,500.0,1763423610.66606,,101.74066443659484,,,196.25999999999888,
,,,0.008049757219851017,,,340000,,2619,,0.0010590939782559872,,,,,7698.57152088,,,,1763423640.558986,,,,49.43126678466797,,
,,0.004005671478807926,,,,342000,,2630,,,52.139625549316406,,,,7740.128066966,,,,1763423682.1157131,,,,,,0.11453334242105484
,,0.009524838998913765,,,,343000,,2636,,,52.12705612182617,,,,7763.65889644,,,,1763423705.646225,,,,,,0.29230305552482605
4.0,0.0,,,1270.0,0.0,344658,,2646,,,,,0.0,2000.0,7803.232159892,,100.0,500.0,1763423745.2194479,,0.0,,,254.9999999999983,
,,,,,,345000,49.31684875488281,2647,0.0015310875605791807,,,,,,7811.528817446,0.0004074563330505043,,,1763423753.5160844,,,,,,
,,0.0001053213418344967,,,,345000,,2648,,,52.07023239135742,,,,7811.534638329,,,,1763423753.5221846,,,,,,0.24214571714401245
,,,0.00854978896677494,,,345000,,2649,,0.00034275787766091526,,,,,7811.540993175,,,,1763423753.5284805,,,,49.53112030029297,,
4.0,0.0,,,1271.0,0.0,345158,,2651,,,,,0.0,2000.0,7815.335042587,,100.0,500.0,1763423757.3221047,,0.0,,,254.9999999999983,
,,,,,,348000,,2668,,,,0.0011266431538388133,,,7879.944147833,,,,1763423821.9315758,49.528663635253906,,1.155153768195305e-05,,,
,,,0.0072097270749509335,,,349000,,2673,,2.84752622974338e-05,,,,,7903.818666138,,,,1763423845.8061345,,,,49.66453170776367,,
4.0,0.0,,,1280.0,0.0,349658,,2676,,,,,0.0,1999.0,7919.394960966,,100.0,500.0,1763423861.3820348,,0.21650635094606044,,,254.87499999999832,
,,,,,,351000,49.47492599487305,2683,0.004358045756816864,,,,,,7951.769187648,0.00038728603976778686,,,1763423893.7564604,,,,,,
,,,,,,351000,,2686,,,,0.006393266376107931,,,7951.787040158,,,,1763423893.7745965,49.56817626953125,,6.449218290072167e-06,,,
4.0,0.0,,,1283.0,0.0,351158,,2687,,,,,0.0,2000.0,7955.504473263,,100.0,500.0,1763423897.491654,,0.0,,,254.9999999999983,
,,,,,,352000,49.45592498779297,2689,0.0011770834680646658,,,,,,7975.190604004,1.7475293134339154e-05,,,1763423917.1777818,,,,,,
,,,0.0039908867329359055,,,352000,,2691,,0.000972649606410414,,,,,7975.203392667,,,,1763423917.190926,,,,49.70112609863281,,
,,,,,,352000,,2692,,,,0.0015320195816457272,,,7975.209776672,,,,1763423917.1972163,49.56541061401367,,0.00048183853505179286,,,
,,,0.006244420073926449,,,355000,,2709,,9.321517427451909e-05,,,,,8047.47436397,,,,1763423989.461824,,,,49.72972106933594,,
,,,,,,357000,,2722,,,,0.007221902254968882,,,8095.116110202,,,,1763424037.10352,49.66997528076172,,2.779595524771139e-05,,,
,,0.0013945272658020258,,,,359000,,2732,,,51.84617233276367,,,,8143.290566693,,,,1763424085.2779481,,,,,,0.10736942291259766
4.0,0.0,,,1300.0,0.0,359658,,2736,,,,,0.0,2000.0,8159.02326871,,100.0,500.0,1763424101.0103662,,0.0,,,254.9999999999983,
,,,0.015816403552889824,,,361000,,2745,,0.0012150710681453347,,,,,8191.529952831,,,,1763424133.5174043,,,,49.84803009033203,,
,,,,,,362000,,2752,,,,0.00045768776908516884,,,8215.021844136,,,,1763424157.009312,49.72251510620117,,1.668930781306699e-05,,,
,,,0.0042860424146056175,,,363000,,2757,,3.1417206628248096e-05,,,,,8235.157719211,,,,1763424177.1454961,,,,49.9105110168457,,
4.0,0.0,,,1308.0,0.0,363658,,2760,,,,,0.0,1996.0,8242.538832517,,100.0,500.0,1763424184.526127,,0.8660254037844017,,,254.49999999999832,
3.0,0.0,,,1312.0,0.0,365330,,2772,,,,,0.0,683.0,8267.308228544,,75.0,172.0,1763424209.295524,,1.519874583641729,,,86.84250000000013,
4.0,0.0,,,1318.0,0.0,366836,,2782,,,,,0.0,1980.0,8299.161999723,,100.0,500.0,1763424241.1489067,,4.330127018922058,,,252.49999999999838,
,,,,,,367000,49.61517333984375,2783,0.002977936062961817,,,,,,8302.947971906,0.0006592874997295439,,,1763424244.9349496,,,,,,
4.0,0.0,,,1321.0,0.0,368336,,2793,,,,,0.0,1996.0,8334.49171364,,100.0,500.0,1763424276.478913,,0.8660254037844632,,,254.49999999999827,
,,0.0035584138240665197,,,,370000,,2802,,,51.759002685546875,,,,8368.69728172,,,,1763424310.6848135,,,,,,0.11844398826360703
,,,,,,372000,,2816,,,,0.0011781203793361783,,,8416.122507152,,,,1763424358.109954,49.81313705444336,,2.318086990271695e-05,,,
4.0,0.0,,,1332.0,0.0,373836,,2824,,,,,0.0,1996.0,8459.633213159,,100.0,500.0,1763424401.6201901,,0.8660254037842418,,,254.4999999999984,
,,,,,,376000,,2840,,,,0.004581351764500141,,,8510.948597611,,,,1763424452.936056,49.875823974609375,,0.0007261798018589616,,,
,,,,,,377000,49.80382537841797,2843,0.003033751854673028,,,,,,8533.041911324,2.4058530470938422e-05,,,1763424475.0290778,,,,,,
,,0.0035750730894505978,,,,379000,,2856,,,51.9643440246582,,,,8580.522258981,,,,1763424522.5096714,,,,,,0.05194632336497307
,,,0.0020789699628949165,,,379000,,2857,,4.2128584027523175e-05,,,,,8580.527730816,,,,1763424522.5152173,,,,50.12853240966797,,
,,,,,,380000,49.85672378540039,2861,0.006913976743817329,,,,,,8604.08077654,0.0001421137130819261,,,1763424546.0679724,,,,,,
4.0,0.0,,,1348.0,0.0,381836,,2872,,,,,0.0,2000.0,8647.937855583,,100.0,500.0,1763424589.9248698,,0.0,,,254.9999999999983,
,,,,,,383000,,2882,,,,0.003053391585126519,,,8675.871104132,,,,1763424617.8585713,49.92405700683594,,1.487310782977147e-05,,,
4.0,0.0,,,1354.0,0.0,384836,,2890,,,,,0.0,2000.0,8719.9161753,,100.0,500.0,1763424661.9034054,,0.0,,,254.9999999999983,
,,,,,,386000,,2900,,,,0.00385274738073349,,,8747.76140163,,,,1763424689.7488399,49.93242645263672,,0.00011044464918086305,,,
4.0,0.0,,,1359.0,0.0,387336,,2907,,,,,0.0,2000.0,8779.836063207,,100.0,500.0,1763424721.8231645,,0.0,,,254.9999999999983,
,,,0.005677933804690838,,,388000,,2911,,0.00032304032356478274,,,,,8795.646067065,,,,1763424737.633453,,,,50.201759338378906,,
,,,0.024411911144852638,,,390000,,2923,,0.0004077265621162951,,,,,8843.188648246,,,,1763424785.1761432,,,,50.22396469116211,,
,,0.0008109280024655163,,,,392000,,2934,,,52.05812072753906,,,,8889.770849117,,,,1763424831.758224,,,,,,0.12761415541172028
,,,0.0016844008350744843,,,392000,,2935,,0.0004265493480488658,,,,,8889.776853209,,,,1763424831.764349,,,,50.2404670715332,,
4.0,0.0,,,1372.0,0.0,393836,,2944,,,,,0.0,2000.0,8933.04009494,,100.0,500.0,1763424875.0272741,,0.0,,,254.9999999999983,
4.0,0.0,,,1373.0,0.0,394336,,2949,,,,,0.0,2000.0,8945.053196941,,100.0,500.0,1763424887.0402036,,0.0,,,254.9999999999983,
,,,0.0215697530657053,,,395000,,2953,,5.388620775192976e-05,,,,,8960.894323282,,,,1763424902.8817756,,,,50.21245574951172,,
