robot_0/loss,global_step,episode_length,robot_1/q_std,_runtime,robot_3/q_std,robot_2/q_mean,_timestamp,epsilon,robot_0/q_mean,mean_episode_reward,total_kills_per_episode,total_agent_collisions_per_episode,survival_rate,mean_final_energy,episode,std_episode_reward,_step,total_charges_per_episode,robot_3/q_mean,robot_2/loss,robot_0/q_std,robot_1/loss,robot_3/loss,robot_2/q_std,robot_1/q_mean
,2,2.0,,17.98901946,,,1763425363.6032336,0.2,,-0.4925,0.0,1.0,3.0,49.0,0.0,0.3500267846894006,0,0.0,,,,,,,
,4,2.0,,18.001867491,,,1763425363.6169145,0.2,,-0.865,0.0,1.0,1.0,12.25,1.0,0.21650635094610965,1,0.0,,,,,,,
,16,2.0,,18.021908713,,,1763425363.6370487,0.2,,-0.6,0.0,0.0,2.0,26.0,7.0,0.4373785545725808,7,1.0,,,,,,,
,18,2.0,,18.025777142,,,1763425363.6406765,0.2,,-0.865,0.0,1.0,1.0,12.25,8.0,0.21650635094610965,8,0.0,,,,,,,
,20,2.0,,18.029085192,,,1763425363.6440003,0.2,,-0.865,0.0,0.0,1.0,12.25,9.0,0.21650635094610965,9,0.0,,,,,,,
,24,2.0,,18.03562835,,,1763425363.6507466,0.2,,-0.22499999999999998,0.0,0.0,3.0,50.75,11.0,0.5662817320027196,11,2.0,,,,,,,
,34,2.0,,18.051874909,,,1763425363.6668622,0.2,,-0.74,0.0,1.0,2.0,24.5,16.0,0.25,16,0.0,,,,,,,
,56,2.0,,18.087483107,,,1763425363.702338,0.2,,-0.6,0.0,0.0,2.0,26.0,27.0,0.4373785545725808,27,1.0,,,,,,,
,58,2.0,,18.091044426,,,1763425363.7060041,0.2,,-0.6124999999999999,0.0,1.0,2.0,24.75,28.0,0.4183524232032127,28,1.0,,,,,,,
,68,2.0,,18.107558191,,,1763425363.722419,0.2,,-0.5999999999999999,0.0,1.0,2.0,26.0,33.0,0.4373785545725808,33,1.0,,,,,,,
,84,2.0,,18.13369774,,,1763425363.7488015,0.2,,-0.475,0.0,1.0,3.0,38.25,41.0,0.375066660741794,41,1.0,,,,,,,
,88,2.0,,18.140421869,,,1763425363.7555933,0.2,,-0.865,0.0,1.0,1.0,12.25,43.0,0.21650635094610965,43,0.0,,,,,,,
,90,2.0,,18.143664553,,,1763425363.7586672,0.2,,-0.74,0.0,1.0,2.0,24.5,44.0,0.25,44,0.0,,,,,,,
,96,2.0,,18.15403498,,,1763425363.7691338,0.2,,-0.865,0.0,1.0,1.0,12.25,47.0,0.21650635094610965,47,0.0,,,,,,,
,98,2.0,,18.157814033,,,1763425363.7728443,0.2,,-0.865,0.0,1.0,1.0,12.25,48.0,0.21650635094610965,48,0.0,,,,,,,
,106,2.0,,18.170840825,,,1763425363.7859738,0.2,,-0.865,0.0,1.0,1.0,12.25,52.0,0.21650635094610965,52,0.0,,,,,,,
,118,2.0,,18.190328715,,,1763425363.8054142,0.2,,-0.74,0.0,0.0,2.0,24.5,58.0,0.25,58,0.0,,,,,,,
,122,2.0,,18.197083297,,,1763425363.812104,0.2,,-0.6125,0.0,1.0,2.0,24.75,60.0,0.4183524232032127,60,1.0,,,,,,,
,124,2.0,,18.200466375,,,1763425363.8155494,0.2,,-0.865,0.0,1.0,1.0,12.25,61.0,0.21650635094610965,61,0.0,,,,,,,
,130,2.0,,18.211108594,,,1763425363.826101,0.2,,-0.865,0.0,1.0,1.0,12.25,64.0,0.21650635094610965,64,0.0,,,,,,,
,136,2.0,,18.222345367,,,1763425363.837502,0.2,,-0.865,0.0,1.0,1.0,12.25,67.0,0.21650635094610965,67,0.0,,,,,,,
,148,2.0,,18.240123304,,,1763425363.8552496,0.2,,-0.865,0.0,1.0,1.0,12.25,73.0,0.21650635094610965,73,0.0,,,,,,,
,150,2.0,,18.243510787,,,1763425363.8586473,0.2,,-0.6,0.0,0.0,2.0,26.0,74.0,0.4373785545725808,74,1.0,,,,,,,
,156,2.0,,18.25477869,,,1763425363.869569,0.2,,-0.865,0.0,1.0,1.0,12.25,77.0,0.21650635094610965,77,0.0,,,,,,,
,158,2.0,,18.258197861,,,1763425363.873194,0.2,,-0.6174999999999999,0.0,0.0,2.0,36.75,78.0,0.41081473926820106,78,0.0,,,,,,,
,172,2.0,,18.28179827,,,1763425363.896952,0.2,,-0.6174999999999999,0.0,0.0,2.0,36.75,85.0,0.41081473926820106,85,0.0,,,,,,,
,178,2.0,,18.29253573,,,1763425363.9076433,0.2,,-0.35,0.0,0.0,2.0,38.5,88.0,0.6586349520030045,88,2.0,,,,,,,
,190,2.0,,18.312652469,,,1763425363.9276981,0.2,,-0.4775,0.0,0.0,2.0,38.25,94.0,0.5130972130113357,94,1.0,,,,,,,
,200,2.0,,18.330467239,,,1763425363.9454157,0.2,,-0.6124999999999999,0.0,1.0,2.0,24.75,99.0,0.4183524232032127,99,1.0,,,,,,,
,206,2.0,,18.349940111,,,1763425363.9648893,0.2,,-0.865,0.0,1.0,1.0,12.25,102.0,0.21650635094610965,102,0.0,,,,,,,
,210,2.0,,18.356652718,,,1763425363.9716573,0.2,,-0.475,0.0,1.0,3.0,38.25,104.0,0.375066660741794,104,1.0,,,,,,,
,214,2.0,,18.364003537,,,1763425363.9790106,0.2,,-0.865,0.0,1.0,1.0,12.25,106.0,0.21650635094610965,106,0.0,,,,,,,
,220,2.0,,18.374925826,,,1763425363.9897563,0.2,,-0.865,0.0,1.0,1.0,12.25,109.0,0.21650635094610965,109,0.0,,,,,,,
,240,2.0,,18.408926908,,,1763425364.0239453,0.2,,-0.475,0.0,0.0,3.0,38.25,119.0,0.375066660741794,119,1.0,,,,,,,
,242,2.0,,18.411838673,,,1763425364.0269787,0.2,,-0.6174999999999999,0.0,1.0,2.0,36.75,120.0,0.41081473926820106,120,0.0,,,,,,,
,250,2.0,,18.424767654,,,1763425364.0399044,0.2,,-0.6,0.0,0.0,2.0,26.0,124.0,0.4373785545725808,124,1.0,,,,,,,
,268,2.0,,18.454184801,,,1763425364.069168,0.2,,-0.865,0.0,0.0,1.0,12.25,133.0,0.21650635094610965,133,0.0,,,,,,,
,274,2.0,,18.465251496,,,1763425364.0802772,0.2,,-0.6,0.0,0.0,2.0,26.0,136.0,0.4373785545725808,136,1.0,,,,,,,
,288,2.0,,18.489003392,,,1763425364.1039069,0.2,,-0.3525,0.0,0.0,3.0,50.5,143.0,0.4266365549270245,143,1.0,,,,,,,
,296,2.0,,18.502983359,,,1763425364.117864,0.2,,-0.865,0.0,1.0,1.0,12.25,147.0,0.21650635094610965,147,0.0,,,,,,,
,300,2.0,,18.509468617,,,1763425364.1244984,0.2,,-0.475,0.0,1.0,3.0,38.25,149.0,0.375066660741794,149,1.0,,,,,,,
,302,2.0,,18.51300244,,,1763425364.1279967,0.2,,-0.865,0.0,1.0,1.0,12.25,150.0,0.21650635094610965,150,0.0,,,,,,,
,308,2.0,,18.523027642,,,1763425364.1378748,0.2,,-0.74,0.0,0.0,1.0,24.75,153.0,0.4330127018922193,153,0.0,,,,,,,
,312,2.0,,18.52919327,,,1763425364.1442368,0.2,,-0.3525,0.0,1.0,3.0,50.5,155.0,0.4266365549270245,155,1.0,,,,,,,
,316,2.0,,18.535644213,,,1763425364.1506398,0.2,,-0.6174999999999999,0.0,0.0,2.0,36.75,157.0,0.41081473926820106,157,0.0,,,,,,,
,324,2.0,,18.549863402,,,1763425364.1647449,0.2,,-0.865,0.0,1.0,1.0,12.25,161.0,0.21650635094610965,161,0.0,,,,,,,
,326,2.0,,18.553394582,,,1763425364.168243,0.2,,-0.7424999999999999,0.0,0.0,1.0,24.5,162.0,0.4286825748732971,162,0.0,,,,,,,
,336,2.0,,18.571605908,,,1763425364.1866364,0.2,,-0.74,0.0,0.0,2.0,24.5,167.0,0.25,167,0.0,,,,,,,
,342,2.0,,18.58193002,,,1763425364.1969175,0.2,,-0.74,0.0,0.0,2.0,24.5,170.0,0.25,170,0.0,,,,,,,
,346,2.0,,18.588828651,,,1763425364.2037292,0.2,,-0.7424999999999999,0.0,0.0,1.0,24.5,172.0,0.4286825748732971,172,0.0,,,,,,,
,350,2.0,,18.595636022,,,1763425364.2106607,0.2,,-0.865,0.0,1.0,1.0,12.25,174.0,0.21650635094610965,174,0.0,,,,,,,
,362,2.0,,18.618406398,,,1763425364.233302,0.2,,-0.865,0.0,1.0,1.0,12.25,180.0,0.21650635094610965,180,0.0,,,,,,,
,389,2.0,,18.66624627,,,1763425364.2812896,0.2,,-0.74,0.0,1.0,2.0,24.5,193.0,0.25,193,0.0,,,,,,,
,393,2.0,,18.673416607,,,1763425364.2883153,0.2,,-0.4875,0.0,0.0,2.0,37.25,195.0,0.5025124376570196,195,1.0,,,,,,,
,399,2.0,,18.682226795,,,1763425364.2972422,0.2,,-0.5999999999999999,0.0,1.0,2.0,26.0,198.0,0.4373785545725808,198,1.0,,,,,,,
,409,2.0,,18.707252784,,,1763425364.3223526,0.2,,-0.3475,0.0,0.0,3.0,38.5,203.0,0.43083494519363214,203,2.0,,,,,,,
,429,2.0,,18.744462018,,,1763425364.3594277,0.2,,-0.7424999999999999,0.0,0.0,1.0,24.5,213.0,0.4286825748732971,213,0.0,,,,,,,
,431,2.0,,18.747661691,,,1763425364.362665,0.2,,-0.33499999999999996,0.0,1.0,3.0,39.75,214.0,0.44189930979805797,214,2.0,,,,,,,
,433,2.0,,18.751377383,,,1763425364.3662443,0.2,,-0.35,0.0,1.0,3.0,50.75,215.0,0.42871902220452035,215,1.0,,,,,,,
,437,2.0,,18.758919924,,,1763425364.373983,0.2,,-0.865,0.0,1.0,1.0,12.25,217.0,0.21650635094610965,217,0.0,,,,,,,
,453,2.0,,18.786428529,,,1763425364.401521,0.2,,-0.3675,0.0,0.0,2.0,49.25,225.0,0.6480885356183984,225,1.0,,,,,,,
,459,2.0,,18.797032241,,,1763425364.4121456,0.2,,-0.74,0.0,1.0,2.0,24.5,228.0,0.25,228,0.0,,,,,,,
,470,2.0,,18.815580739,,,1763425364.4305732,0.2,,-0.865,0.0,2.0,1.0,12.25,233.0,0.21650635094610965,233,0.0,,,,,,,
,472,2.0,,18.819639468,,,1763425364.4345546,0.2,,-0.865,0.0,1.0,1.0,12.25,234.0,0.21650635094610965,234,0.0,,,,,,,
,476,2.0,,18.826708276,,,1763425364.4417,0.2,,-0.865,0.0,1.0,1.0,12.25,236.0,0.21650635094610965,236,0.0,,,,,,,
,480,2.0,,18.833068768,,,1763425364.448083,0.2,,-0.5999999999999999,0.0,1.0,2.0,26.0,238.0,0.4373785545725808,238,1.0,,,,,,,
,484,2.0,,18.838953742,,,1763425364.4539313,0.2,,-0.7424999999999999,0.0,0.0,1.0,24.5,240.0,0.4286825748732971,240,0.0,,,,,,,
,486,2.0,,18.841721379,,,1763425364.4568102,0.2,,-0.22499999999999998,0.0,0.0,3.0,50.75,241.0,0.44240818256447295,241,2.0,,,,,,,
,488,2.0,,18.844828293,,,1763425364.4596813,0.2,,-0.865,0.0,1.0,1.0,12.25,242.0,0.21650635094610965,242,0.0,,,,,,,
,499,3.0,,18.863506611,,,1763425364.478623,0.2,,-0.48,1.0,1.0,1.0,12.25,247.0,0.3535533905932738,247,3.0,,,,,,,
,501,2.0,,18.87581317,,,1763425364.4908226,0.2,,-0.6,0.0,1.0,2.0,26.0,248.0,0.4373785545725808,248,1.0,,,,,,,
,507,2.0,,18.88628237,,,1763425364.5013819,0.2,,-0.865,0.0,1.0,1.0,12.25,251.0,0.21650635094610965,251,0.0,,,,,,,
,523,2.0,,18.913262664,,,1763425364.5282667,0.2,,-0.7424999999999999,0.0,0.0,1.0,24.5,259.0,0.4286825748732971,259,0.0,,,,,,,
,527,2.0,,18.91969938,,,1763425364.534775,0.2,,-0.74,0.0,1.0,2.0,24.5,261.0,0.25,261,0.0,,,,,,,
,535,2.0,,18.933247699,,,1763425364.5481339,0.2,,-0.865,0.0,1.0,1.0,12.25,265.0,0.21650635094610965,265,0.0,,,,,,,
,543,2.0,,18.947173801,,,1763425364.562218,0.2,,-0.865,0.0,1.0,1.0,12.25,269.0,0.21650635094610965,269,0.0,,,,,,,
,545,2.0,,18.950827452,,,1763425364.5659227,0.2,,-0.865,0.0,1.0,1.0,12.25,270.0,0.21650635094610965,270,0.0,,,,,,,
,549,2.0,,18.957948793,,,1763425364.5729373,0.2,,-0.6,0.0,0.0,2.0,26.0,272.0,0.4373785545725808,272,1.0,,,,,,,
,551,2.0,,18.961462591,,,1763425364.5765233,0.2,,-0.7424999999999999,0.0,0.0,1.0,24.5,273.0,0.4286825748732971,273,0.0,,,,,,,
,553,2.0,,18.964181427,,,1763425364.5790555,0.2,,-0.74,0.0,1.0,2.0,24.5,274.0,0.25,274,0.0,,,,,,,
,564,2.0,,18.979864101,,,1763425364.5949495,0.2,,-0.6,0.0,0.0,2.0,26.0,279.0,0.4373785545725808,279,1.0,,,,,,,
,570,2.0,,18.988993801,,,1763425364.6038754,0.2,,-0.4875,0.0,1.0,3.0,37.0,282.0,0.35709767571352236,282,1.0,,,,,,,
,572,2.0,,18.992192917,,,1763425364.6072176,0.2,,-0.615,0.0,0.0,2.0,37.0,283.0,0.414578098794425,283,0.0,,,,,,,
,590,2.0,,19.021017054,,,1763425364.63594,0.2,,-0.475,0.0,2.0,3.0,38.25,292.0,0.375066660741794,292,1.0,,,,,,,
,610,2.0,,19.06129363,,,1763425364.6763337,0.2,,-0.6174999999999999,0.0,0.0,2.0,36.75,302.0,0.41081473926820106,302,0.0,,,,,,,
,628,2.0,,19.09004621,,,1763425364.7050183,0.2,,-0.74,0.0,2.0,2.0,24.5,311.0,0.25,311,0.0,,,,,,,
,638,2.0,,19.107305322,,,1763425364.7222304,0.2,,-0.615,0.0,1.0,2.0,37.0,316.0,0.414578098794425,316,0.0,,,,,,,
,650,2.0,,19.125487156,,,1763425364.7404895,0.2,,-0.6125,0.0,1.0,2.0,24.75,321.0,0.4183524232032127,321,1.0,,,,,,,
,656,2.0,,19.135486934,,,1763425364.7503436,0.2,,-0.74,0.0,1.0,2.0,24.5,324.0,0.25,324,0.0,,,,,,,
,662,2.0,,19.150998877,,,1763425364.7658238,0.2,,-0.475,0.0,1.0,3.0,38.25,327.0,0.375066660741794,327,1.0,,,,,,,
,668,2.0,,19.160381052,,,1763425364.7753851,0.2,,-0.6125,0.0,2.0,2.0,24.75,330.0,0.4183524232032127,330,1.0,,,,,,,
,672,2.0,,19.166671905,,,1763425364.7816913,0.2,,-0.74,0.0,0.0,2.0,24.5,332.0,0.25,332,0.0,,,,,,,
,682,2.0,,19.183884612,,,1763425364.798753,0.2,,-0.865,0.0,1.0,1.0,12.25,337.0,0.21650635094610965,337,0.0,,,,,,,
,688,2.0,,19.193618564,,,1763425364.8086743,0.2,,-0.5999999999999999,0.0,0.0,2.0,26.0,340.0,0.4373785545725808,340,1.0,,,,,,,
,690,2.0,,19.197380382,,,1763425364.812246,0.2,,-0.865,0.0,1.0,1.0,12.25,341.0,0.21650635094610965,341,0.0,,,,,,,
,712,2.0,,19.235172652,,,1763425364.8500457,0.2,,-0.6174999999999999,0.0,0.0,2.0,36.75,352.0,0.41081473926820106,352,0.0,,,,,,,
,714,2.0,,19.237930552,,,1763425364.85306,0.2,,-0.7424999999999999,0.0,0.0,1.0,24.5,353.0,0.4286825748732971,353,0.0,,,,,,,
,716,2.0,,19.241059069,,,1763425364.8560948,0.2,,-0.74,0.0,1.0,2.0,24.5,354.0,0.25,354,0.0,,,,,,,
,724,2.0,,19.253350316,,,1763425364.868379,0.2,,-0.865,0.0,0.0,1.0,12.25,358.0,0.21650635094610965,358,0.0,,,,,,,
,732,2.0,,19.267213669,,,1763425364.882105,0.2,,-0.5999999999999999,0.0,1.0,2.0,26.0,362.0,0.4373785545725808,362,1.0,,,,,,,
,736,2.0,,19.274165179,,,1763425364.8891766,0.2,,-0.74,0.0,1.0,2.0,24.5,364.0,0.25,364,0.0,,,,,,,
,748,2.0,,19.294793547,,,1763425364.9096584,0.2,,-0.6124999999999999,0.0,1.0,2.0,24.75,370.0,0.4183524232032127,370,1.0,,,,,,,
,758,2.0,,19.310784771,,,1763425364.9258792,0.2,,-0.6,0.0,0.0,2.0,26.0,375.0,0.4373785545725808,375,1.0,,,,,,,
,800,2.0,,19.380389657,,,1763425364.9954603,0.2,,-0.865,0.0,1.0,1.0,12.25,396.0,0.21650635094610965,396,0.0,,,,,,,
,804,2.0,,19.387630549,,,1763425365.0026407,0.2,,-0.865,0.0,1.0,1.0,12.25,398.0,0.21650635094610965,398,0.0,,,,,,,
,810,2.0,,19.405827676,,,1763425365.0208342,0.2,,-0.6,0.0,0.0,2.0,26.0,401.0,0.4373785545725808,401,1.0,,,,,,,
,818,2.0,,19.418192932,,,1763425365.033227,0.2,,-0.35,0.0,0.0,3.0,50.75,405.0,0.42871902220452035,405,1.0,,,,,,,
,820,2.0,,19.421871131,,,1763425365.0367556,0.2,,-0.865,0.0,1.0,1.0,12.25,406.0,0.21650635094610965,406,0.0,,,,,,,
,822,2.0,,19.424985362,,,1763425365.0400045,0.2,,-0.4775,0.0,0.0,2.0,38.25,407.0,0.5130972130113357,407,1.0,,,,,,,
,850,2.0,,19.470888561,,,1763425365.0859618,0.2,,-0.7424999999999999,0.0,0.0,1.0,24.5,421.0,0.4286825748732971,421,0.0,,,,,,,
,858,2.0,,19.483196031,,,1763425365.0980825,0.2,,-0.6125,0.0,1.0,2.0,24.75,425.0,0.4183524232032127,425,1.0,,,,,,,
,866,2.0,,19.496015755,,,1763425365.1111543,0.2,,-0.5999999999999999,0.0,1.0,2.0,26.0,429.0,0.4373785545725808,429,1.0,,,,,,,
,868,2.0,,19.499155316,,,1763425365.1141725,0.2,,-0.74,0.0,1.0,2.0,24.5,430.0,0.25,430,0.0,,,,,,,
,890,2.0,,19.536594089,,,1763425365.1516078,0.2,,-0.6,0.0,0.0,2.0,26.0,441.0,0.4373785545725808,441,1.0,,,,,,,
,896,2.0,,19.547201121,,,1763425365.1622405,0.2,,-0.865,0.0,1.0,1.0,12.25,444.0,0.21650635094610965,444,0.0,,,,,,,
,902,2.0,,19.556842914,,,1763425365.171918,0.2,,-0.3525,0.0,0.0,3.0,50.5,447.0,0.4266365549270245,447,1.0,,,,,,,
,908,2.0,,19.566318184,,,1763425365.1813493,0.2,,-0.475,0.0,0.0,3.0,38.25,450.0,0.375066660741794,450,1.0,,,,,,,
,920,2.0,,19.585605739000002,,,1763425365.2007787,0.2,,-0.865,0.0,1.0,1.0,12.25,456.0,0.21650635094610965,456,0.0,,,,,,,
,922,2.0,,19.588951293,,,1763425365.2040727,0.2,,-0.865,0.0,1.0,1.0,12.25,457.0,0.21650635094610965,457,0.0,,,,,,,
,950,2.0,,19.637564878,,,1763425365.2526536,0.2,,-0.865,0.0,2.0,1.0,12.25,471.0,0.21650635094610965,471,0.0,,,,,,,
,952,2.0,,19.640773083,,,1763425365.2558188,0.2,,-0.37,0.0,0.0,3.0,61.25,472.0,0.4100609710762535,472,0.0,,,,,,,
,966,2.0,,19.669714306,,,1763425365.2847502,0.2,,-0.74,0.0,1.0,2.0,24.5,479.0,0.25,479,0.0,,,,,,,
,970,2.0,,19.678262858,,,1763425365.2931046,0.2,,-0.6125,0.0,1.0,2.0,24.75,481.0,0.4183524232032127,481,1.0,,,,,,,
,984,2.0,,19.707032673,,,1763425365.3218775,0.2,,-0.865,0.0,1.0,1.0,12.25,488.0,0.21650635094610965,488,0.0,,,,,,,
,988,2.0,,19.716131683,,,1763425365.3309815,0.2,,-0.865,0.0,1.0,1.0,12.25,490.0,0.21650635094610965,490,0.0,,,,,,,
,998,2.0,,19.737388705,,,1763425365.3522298,0.2,,-0.4875,0.0,0.0,2.0,37.25,495.0,0.5025124376570196,495,1.0,,,,,,,
0.18310801684856415,1000,,,20.08673813,,,1763425365.701585,,-0.43579745292663574,,,,,,,,497,,,,0.2964072525501251,,,,
,1006,2.0,,20.173378538,,,1763425365.788282,0.2,,0.025000000000000022,0.0,0.0,3.0,63.25,499.0,0.711143445445432,503,3.0,,,,,,,
,1008,2.0,,20.211521817,,,1763425365.8262956,0.2,,0.010000000000000007,0.0,0.0,3.0,74.25,500.0,0.7106686991840855,504,2.0,,,,,,,
,1011,3.0,,20.25089964,,,1763425365.8656447,0.2,,-0.09499999999999997,0.0,1.0,3.0,50.25,501.0,0.7316249038954319,505,3.0,,,,,,,
,1088,12.0,,21.101592348,,,1763425366.7162828,0.2,,4.4875,0.0,0.0,3.0,74.5,511.0,1.141279435545914,515,37.0,,,,,,,
,1189,14.0,,22.496106462,,,1763425368.1104898,0.2,,5.009999999999999,1.0,3.0,2.0,50.0,518.0,2.3591629871630317,522,43.0,,,,,,,
,1246,4.0,,23.464516413,,,1763425369.0791278,0.2,,1.175,0.0,0.0,3.0,63.75,526.0,1.0258776730195467,530,12.0,,,,,,,
,1251,5.0,,23.536209231,,,1763425369.1509397,0.2,,0.9275,0.0,0.0,3.0,50.5,527.0,0.6733266295045816,531,11.0,,,,,,,
,1283,14.0,,23.99289468,,,1763425369.6074672,0.2,,2.919999999999999,1.0,2.0,3.0,40.75,530.0,2.4030917585477254,534,27.0,,,,,,,
,1343,4.0,,24.670973274,,,1763425370.285736,0.2,,1.175,0.0,0.0,3.0,63.75,535.0,1.0258776730195467,539,12.0,,,,,,,
,1359,7.0,,24.840140953,,,1763425370.4548295,0.2,,2.0175,0.0,0.0,3.0,32.5,537.0,0.5035064547749117,541,21.0,,,,,,,
,1391,8.0,,25.179409318,,,1763425370.7941487,0.2,,1.575,0.0,1.0,3.0,49.75,539.0,0.6310507111159925,543,16.0,,,,,,,
,1445,18.0,,25.966230881,,,1763425371.5805938,0.2,,6.112499999999999,0.0,2.0,3.0,56.0,543.0,2.9319138374106424,547,51.0,,,,,,,
,1451,6.0,,26.111861202,,,1763425371.7263525,0.2,,2.0574999999999997,0.0,1.0,3.0,62.5,544.0,1.228828201987568,548,19.0,,,,,,,
,1461,6.0,,26.353717933,,,1763425371.9682364,0.2,,1.1749999999999998,1.0,1.0,3.0,61.75,546.0,1.892623840069653,550,12.0,,,,,,,
,1487,5.0,,26.990265411,,,1763425372.6047819,0.2,,1.67,0.0,0.0,3.0,74.75,549.0,1.247256990359244,553,15.0,,,,,,,
,1504,7.0,,27.390170537,,,1763425373.004689,0.2,,2.3275,0.0,0.0,3.0,63.5,551.0,0.7411941378613299,555,21.0,,,,,,,
,1552,6.0,,28.528808426,,,1763425374.143291,0.2,,2.07,0.0,0.0,3.0,51.25,555.0,0.7110203935190605,559,20.0,,,,,,,
,1651,6.0,,30.886691781,,,1763425376.5010996,0.2,,1.4425,0.0,1.0,3.0,51.0,563.0,1.2038973170499216,567,15.0,,,,,,,
,1674,23.0,,31.448195508,,,1763425377.0625427,0.2,,7.195,0.0,0.0,3.0,46.75,564.0,2.490185736044605,568,60.0,,,,,,,
,1716,28.0,,32.260497785,,,1763425377.8749628,0.2,,9.105000000000002,1.0,2.0,3.0,45.25,566.0,3.4245109139846557,570,75.0,,,,,,,
,1750,4.0,,32.721687358,,,1763425378.3363285,0.2,,1.0625,0.0,0.0,3.0,52.5,569.0,0.7120524910426197,573,12.0,,,,,,,
,1842,17.0,,34.121547402,,,1763425379.7355762,0.2,,2.9074999999999998,0.0,2.0,3.0,61.5,576.0,1.8891449785551144,580,25.0,,,,,,,
,1952,12.0,,36.776202123,,,1763425382.3907065,0.2,,3.1999999999999997,0.0,3.0,3.0,45.75,585.0,0.7263263729206034,589,29.0,,,,,,,
0.0008889568271115422,2000,,,37.97134535,,,1763425383.5857801,,-0.018517982214689255,,,,,,,,593,,,,0.4535151720046997,,,,
,2000,,,37.984672173,,-0.12603077292442322,1763425383.599416,,,,,,,,,,595,,,0.0007517586927860975,,,,0.444195419549942,
,2022,13.0,,38.508871862,,,1763425384.1233592,0.2,,4.622499999999999,0.0,0.0,3.0,62.0,592.0,0.7984790228928995,600,39.0,,,,,,,
,2059,37.0,,39.432707788,,,1763425385.0473597,0.2,,13.920000000000002,0.0,1.0,3.0,67.75,593.0,3.2999772726490115,601,111.0,,,,,,,
,2195,3.0,,42.767294825,,,1763425388.3818173,0.2,,0.14500000000000002,0.0,0.0,3.0,61.75,604.0,0.8242724064288456,612,4.0,,,,,,,
,2225,16.0,,43.475548934,,,1763425389.0902667,0.2,,5.880000000000001,0.0,1.0,3.0,72.25,606.0,2.3444935487221965,614,48.0,,,,,,,
,2389,11.0,,47.341890621,,,1763425392.9562519,0.2,,1.9999999999999996,0.0,1.0,3.0,39.25,619.0,1.6230064694880297,627,20.0,,,,,,,
,2432,18.0,,48.369431997,,,1763425393.983804,0.2,,4.36,0.0,1.0,3.0,43.25,622.0,2.3794432121822116,630,38.0,,,,,,,
,2492,27.0,,49.826730577,,,1763425395.4412014,0.2,,9.155000000000001,0.0,3.0,3.0,51.25,627.0,4.888115690120275,635,75.0,,,,,,,
,2505,13.0,,50.131545721,,,1763425395.7461212,0.2,,3.9349999999999996,0.0,0.0,3.0,68.25,628.0,1.1130700786563261,636,33.0,,,,,,,
,2559,6.0,,51.453061503,,,1763425397.0675194,0.2,,1.7149999999999999,0.0,1.0,3.0,65.75,631.0,1.3083290870419415,639,16.0,,,,,,,
,2578,19.0,,51.920346965,,,1763425397.5347352,0.2,,6.1899999999999995,0.0,0.0,3.0,50.25,632.0,1.2038687636117174,640,52.0,,,,,,,
,2598,8.0,,52.416868739,,,1763425398.0312662,0.2,,2.4425,0.0,0.0,3.0,74.0,635.0,1.6481865034030578,643,21.0,,,,,,,
,2655,11.0,,53.749723191,,,1763425399.3641808,0.2,,3.0125,0.0,1.0,3.0,53.0,639.0,1.9321280366476752,647,27.0,,,,,,,
,2706,32.0,,54.960683123,,,1763425400.575139,0.2,,13.130000000000003,0.0,1.0,3.0,68.75,642.0,1.4379673153448242,650,105.0,,,,,,,
,2881,10.0,,59.237321166,,,1763425404.8519049,0.2,,3.629999999999999,0.0,1.0,3.0,65.75,656.0,1.653284609497106,664,31.0,,,,,,,
,2973,6.0,,61.497713847,,,1763425407.112171,0.2,,1.6300000000000001,0.0,0.0,3.0,57.25,663.0,0.5810765870347903,671,16.0,,,,,,,
,3058,17.0,,63.547151228,,,1763425409.1615584,0.2,,5.187499999999999,0.0,2.0,3.0,64.5,668.0,2.6681114575669427,680,43.0,,,,,,,
,3136,25.0,,65.429494184,,,1763425411.0435605,0.2,,7.117499999999999,0.0,2.0,3.0,74.5,672.0,3.582257493536723,684,57.0,,,,,,,
,3191,5.0,,66.76486667,,,1763425412.3793159,0.2,,1.6649999999999998,0.0,0.0,3.0,74.25,677.0,0.9011242977525352,689,15.0,,,,,,,
,3240,2.0,,67.845592963,,,1763425413.4601982,0.2,,0.2675,0.0,0.0,3.0,62.5,680.0,0.8329278180010559,692,5.0,,,,,,,
,3328,3.0,,69.115856784,,,1763425414.7304885,0.2,,0.525,0.0,0.0,3.0,62.25,686.0,0.7106511098985211,698,7.0,,,,,,,
,3353,17.0,,69.416606164,,,1763425415.0312674,0.2,,5.1549999999999985,0.0,3.0,3.0,48.75,688.0,2.109437128714672,700,44.0,,,,,,,
,3382,13.0,,69.723124969,,,1763425415.337747,0.2,,3.885,0.0,1.0,3.0,50.75,690.0,0.8594911285173341,702,34.0,,,,,,,
,3401,19.0,,69.925043006,,,1763425415.5397627,0.2,,5.525,0.0,2.0,3.0,58.75,691.0,3.521849656075625,703,46.0,,,,,,,
,3483,23.0,,70.784529278,,,1763425416.3991437,0.2,,9.797500000000003,0.0,1.0,3.0,44.5,695.0,0.9209064827657572,707,81.0,,,,,,,
,3530,18.0,,71.342960928,,,1763425416.9574044,0.2,,5.1075,0.0,0.0,3.0,55.5,697.0,2.498373220717833,709,43.0,,,,,,,
,3542,12.0,,71.633999568,,,1763425417.2483697,0.2,,3.4724999999999997,0.0,0.0,3.0,60.5,698.0,1.4853850510894469,710,30.0,,,,,,,
,3630,25.0,,73.803578459,,,1763425419.4179318,0.2,,7.8649999999999975,0.0,0.0,3.0,61.75,704.0,4.227236094660435,716,64.0,,,,,,,
,3669,14.0,,74.720527135,,,1763425420.3347645,0.2,,4.759999999999999,0.0,0.0,3.0,62.25,707.0,1.5994217705158322,719,40.0,,,,,,,
,3697,2.0,,75.408801515,,,1763425421.0233505,0.2,,0.5175000000000001,0.0,0.0,3.0,75.0,709.0,0.8703555308033608,721,6.0,,,,,,,
,3744,14.0,,76.556338046,,,1763425422.1710088,0.2,,5.5074999999999985,0.0,0.0,3.0,62.0,713.0,0.7120524910426199,725,46.0,,,,,,,
,3791,18.0,,77.718380149,,,1763425423.3327434,0.2,,6.949999999999999,0.0,1.0,3.0,64.75,717.0,2.4783361353940676,729,57.0,,,,,,,
,3807,16.0,,78.095520814,,,1763425423.7099154,0.2,,5.275,0.0,1.0,3.0,74.25,718.0,2.230364320015903,730,43.0,,,,,,,
,4029,20.0,,83.426577971,,,1763425429.0410402,0.2,,5.525,0.0,3.0,3.0,57.75,734.0,3.9082253005680223,750,46.0,,,,,,,
,4132,6.0,,85.833546803,,,1763425431.4481306,0.2,,1.2949999999999997,0.0,1.0,3.0,61.25,741.0,0.8367347249875553,757,13.0,,,,,,,
,4216,13.0,,87.852895026,,,1763425433.4672403,0.2,,3.587499999999999,0.0,2.0,3.0,46.0,746.0,2.333370684224861,762,32.0,,,,,,,
,4298,9.0,,89.730763532,,,1763425435.3452523,0.2,,2.08,0.0,1.0,3.0,61.75,751.0,0.6185870997684966,767,19.0,,,,,,,
,4352,5.0,,90.889289447,,,1763425436.5037098,0.2,,1.08,0.0,0.0,3.0,53.25,755.0,0.5829236656715868,771,12.0,,,,,,,
,4414,42.0,,92.105069314,,,1763425437.7195797,0.2,,16.632500000000007,0.0,2.0,3.0,59.0,757.0,1.9566728776164943,773,133.0,,,,,,,
,4424,10.0,,92.247611249,,,1763425437.8621492,0.2,,3.4999999999999996,0.0,0.0,3.0,65.25,758.0,0.6898188167917718,774,30.0,,,,,,,
,4436,12.0,,92.416831069,,,1763425438.0313256,0.2,,3.3424999999999994,0.0,3.0,3.0,47.5,759.0,1.5140900732783373,775,30.0,,,,,,,
,4506,6.0,,93.421938573,,,1763425439.0365617,0.2,,2.145,0.0,0.0,3.0,58.75,764.0,0.7182791936287727,780,20.0,,,,,,,
,4595,13.0,,94.73526484,,,1763425440.3496838,0.2,,4.012499999999999,0.0,1.0,3.0,38.5,772.0,1.7846200576032982,788,36.0,,,,,,,
,4603,8.0,,94.904036841,,,1763425440.518432,0.2,,1.5375,0.0,1.0,3.0,33.5,773.0,0.7572771949557177,789,17.0,,,,,,,
,4641,13.0,,95.672793466,,,1763425441.287297,0.2,,1.9674999999999998,1.0,1.0,3.0,34.0,777.0,1.8374625846530857,793,20.0,,,,,,,
,4725,10.0,,97.648566097,,,1763425443.2629528,0.2,,3.1525,0.0,0.0,3.0,43.0,781.0,1.693847321927215,797,29.0,,,,,,,
,4866,18.0,,100.915198093,,,1763425446.5297275,0.2,,5.547499999999999,1.0,1.0,3.0,49.5,790.0,2.500163744637539,806,47.0,,,,,,,
,4915,8.0,,102.124799819,,,1763425447.7392218,0.2,,2.5949999999999998,0.0,0.0,3.0,51.75,793.0,1.5202055782031583,809,24.0,,,,,,,
,5000,,0.28435179591178894,104.18518189,,,1763425449.7999582,,,,,,,,,,815,,,,,0.0009256791090592742,,,0.29565030336380005
,5101,22.0,,106.572238385,,,1763425452.1869485,0.2,,7.547500000000001,0.0,0.0,3.0,58.0,803.0,2.229353886219055,823,62.0,,,,,,,
,5151,8.0,,107.793375111,,,1763425453.4076421,0.2,,2.2074999999999996,0.0,1.0,3.0,50.5,806.0,0.766236745399227,826,21.0,,,,,,,
,5213,21.0,,109.260324952,,,1763425454.8745224,0.2,,6.569999999999999,1.0,2.0,3.0,48.75,810.0,3.7952009169476124,830,55.0,,,,,,,
,5349,11.0,,112.548980421,,,1763425458.1633158,0.2,,3.5149999999999992,0.0,0.0,2.0,41.0,819.0,1.4390708808116432,839,32.0,,,,,,,
,5390,22.0,,113.54451594,,,1763425459.1588645,0.2,,6.240000000000002,0.0,1.0,3.0,39.75,821.0,3.5828270960234754,841,53.0,,,,,,,
,5463,25.0,,115.25060267,,,1763425460.8649375,0.2,,7.210000000000002,0.0,0.0,3.0,46.25,826.0,2.1642666194348625,846,60.0,,,,,,,
,5620,21.0,,119.019716453,,,1763425464.6341145,0.2,,5.362500000000001,0.0,1.0,3.0,53.0,838.0,3.478522495255709,858,45.0,,,,,,,
,5671,17.0,,120.282263631,,,1763425465.896686,0.2,,5.914999999999998,1.0,3.0,2.0,50.0,843.0,3.0967765498982973,863,50.0,,,,,,,
,5688,15.0,,120.652872873,,,1763425466.2672827,0.2,,4.859999999999999,0.0,1.0,3.0,33.75,845.0,0.6226154511413924,865,43.0,,,,,,,
,5782,9.0,,122.940641406,,,1763425468.5551374,0.2,,2.0175,0.0,1.0,3.0,43.0,852.0,0.4207359623326724,872,20.0,,,,,,,
,5824,8.0,,123.914420308,,,1763425469.5288339,0.2,,2.195,0.0,1.0,3.0,74.25,856.0,1.0883588562601947,876,19.0,,,,,,,
,5884,5.0,,125.220023283,,,1763425470.8345783,0.2,,1.3075,1.0,2.0,3.0,51.0,860.0,0.8377760739004187,880,14.0,,,,,,,
,5888,2.0,,125.319391777,,,1763425470.9339588,0.2,,0.5175000000000001,0.0,0.0,3.0,75.0,862.0,0.8703555308033608,882,6.0,,,,,,,
,6000,,,128.083072698,0.45593205094337463,,1763425473.697801,,,,,,,,,,893,,0.07950922846794128,,,,0.0010063557419925928,,
,6010,22.0,,128.309527884,,,1763425473.923885,0.2,,6.884999999999998,1.0,2.0,3.0,41.75,870.0,1.9542070002944927,894,58.0,,,,,,,
,6070,12.0,,129.780885728,,,1763425475.3953536,0.2,,4.2299999999999995,0.0,2.0,3.0,73.75,876.0,2.9645488695584015,900,35.0,,,,,,,
,6275,11.0,,134.68641933,,,1763425480.3008687,0.2,,2.655,0.0,2.0,3.0,54.75,892.0,2.0150248137429965,916,24.0,,,,,,,
,6300,17.0,,135.286154391,,,1763425480.900691,0.2,,5.192500000000001,0.0,0.0,3.0,27.5,894.0,2.1055328897929866,918,46.0,,,,,,,
,6348,20.0,,136.459104898,,,1763425482.0732896,0.2,,8.14,0.0,2.0,3.0,56.75,897.0,0.9341038486164177,921,67.0,,,,,,,
,6363,15.0,,136.829133548,,,1763425482.4436045,0.2,,2.879999999999999,0.0,1.0,3.0,60.75,898.0,3.024954545113032,922,25.0,,,,,,,
,6485,5.0,,139.793148452,,,1763425485.4076211,0.2,,1.5474999999999999,0.0,1.0,3.0,75.0,906.0,1.0025062343945796,930,14.0,,,,,,,
,6513,17.0,,140.491130082,,,1763425486.1056252,0.2,,4.9925,0.0,3.0,3.0,57.5,908.0,2.058171214938155,932,42.0,,,,,,,
,6621,19.0,,143.182803317,,,1763425488.7971966,0.2,,6.187500000000001,0.0,2.0,3.0,37.5,914.0,1.5732827940329115,938,53.0,,,,,,,
,6662,16.0,,144.207595563,,,1763425489.8219843,0.2,,6.3375,0.0,0.0,3.0,43.0,917.0,0.40622499923072136,941,54.0,,,,,,,
,6667,5.0,,144.331256711,,,1763425489.9459395,0.2,,1.2075,0.0,0.0,3.0,53.5,918.0,0.98151349965245,942,13.0,,,,,,,
,6716,6.0,,145.507254733,,,1763425491.121836,0.2,,2.1575,0.0,0.0,3.0,60.0,922.0,0.7179963440018339,946,20.0,,,,,,,
,6731,3.0,,145.874610538,,,1763425491.489053,0.2,,0.79,0.0,0.0,3.0,63.75,924.0,0.8294877937619094,948,9.0,,,,,,,
,6879,6.0,,149.537832375,,,1763425495.152302,0.2,,1.9324999999999997,0.0,0.0,3.0,75.0,932.0,1.1418269352226718,956,17.0,,,,,,,
,7000,,,152.534109006,,0.24147513508796692,1763425498.148992,,,,,,,,,,965,,,0.0005698333261534572,,,,0.4163953363895416,
,7099,8.0,,154.954228144,,,1763425500.5686631,0.2,,1.7424999999999997,0.0,2.0,3.0,54.0,946.0,1.1051329105587253,974,17.0,,,,,,,
,7168,32.0,,156.64297893,,,1763425502.2575521,0.2,,9.4075,0.0,3.0,3.0,21.5,949.0,2.978652170025897,977,79.0,,,,,,,
,7216,18.0,,157.769428877,,,1763425503.3838096,0.2,,6.002500000000001,0.0,0.0,3.0,32.5,952.0,1.561975912106203,980,52.0,,,,,,,
,7219,3.0,,157.84458206,,,1763425503.4591572,0.2,,1.0274999999999999,0.0,0.0,3.0,75.0,953.0,0.8703555308033608,981,10.0,,,,,,,
,7290,27.0,,159.548699298,,,1763425505.1630843,0.2,,8.462499999999999,0.0,2.0,3.0,57.0,957.0,2.468819302824736,985,69.0,,,,,,,
,7346,56.0,,160.936316737,,,1763425506.550635,0.2,,17.062500000000004,0.0,2.0,3.0,38.0,958.0,4.411294452878884,986,137.0,,,,,,,
,7452,27.0,,163.57399574,,,1763425509.1883607,0.2,,7.370000000000001,0.0,1.0,3.0,60.25,964.0,3.328115082144848,992,60.0,,,,,,,
,7469,9.0,,163.997168027,,,1763425509.6118104,0.2,,2.205,0.0,0.0,3.0,36.75,966.0,0.8876513955376852,994,22.0,,,,,,,
,7486,17.0,,164.411945725,,,1763425510.026411,0.2,,3.99,0.0,1.0,3.0,44.75,967.0,2.2197409758798434,995,35.0,,,,,,,
,7530,32.0,,165.482738925,,,1763425511.0971365,0.2,,12.547499999999998,0.0,1.0,3.0,48.0,969.0,1.6564325371110047,997,102.0,,,,,,,
,7570,3.0,,166.477930836,,,1763425512.0925245,0.2,,0.7775000000000001,0.0,0.0,3.0,62.5,972.0,0.8329278180010558,1000,9.0,,,,,,,
,7625,27.0,,167.855850122,,,1763425513.4702344,0.2,,9.240000000000002,0.0,0.0,3.0,47.25,976.0,2.4719728962915415,1004,76.0,,,,,,,
,7827,30.0,,171.906636084,,,1763425517.5211554,0.2,,9.950000000000003,0.0,0.0,3.0,65.25,987.0,3.396593882111904,1015,80.0,,,,,,,
,7848,16.0,,172.186023901,,,1763425517.800718,0.2,,5.0725,0.0,0.0,3.0,66.5,989.0,1.9135095374729654,1017,42.0,,,,,,,
,7858,10.0,,172.30878674,,,1763425517.9236357,0.2,,3.1375,0.0,0.0,3.0,41.5,990.0,0.7359135479117094,1018,29.0,,,,,,,
,7866,8.0,,172.401280706,,,1763425518.015996,0.2,,1.595,0.0,3.0,2.0,39.5,991.0,1.530988242933302,1019,17.0,,,,,,,
,7883,17.0,,172.584201331,,,1763425518.1988235,0.2,,6.414999999999999,0.0,1.0,3.0,62.25,992.0,1.7542876046988425,1020,53.0,,,,,,,
,8044,11.0,,175.130400225,,,1763425520.744819,0.2,,2.6749999999999994,0.0,3.0,3.0,44.25,999.0,2.175873387860608,1031,25.0,,,,,,,
,8055,11.0,,175.399560019,,,1763425521.0139937,0.2,,3.9574999999999996,0.0,1.0,3.0,60.0,1000.0,1.4762346527568029,1032,34.0,,,,,,,
,8119,26.0,,176.955698786,,,1763425522.5701056,0.2,,6.047499999999998,0.0,1.0,3.0,16.5,1003.0,3.4215959361093464,1035,53.0,,,,,,,
,8175,16.0,,178.297558871,,,1763425523.9118257,0.2,,5.869999999999999,0.0,1.0,3.0,58.75,1006.0,1.502181746660503,1038,49.0,,,,,,,
,8190,5.0,,178.662542881,,,1763425524.2769744,0.2,,1.5474999999999999,0.0,1.0,3.0,75.0,1008.0,1.2288282019875683,1040,14.0,,,,,,,
,8196,6.0,,178.806308555,,,1763425524.4208398,0.2,,1.7275,0.0,1.0,3.0,54.5,1009.0,0.9909938193550956,1041,17.0,,,,,,,
,8218,22.0,,179.331694386,,,1763425524.9460928,0.2,,6.3125,0.0,2.0,3.0,34.5,1010.0,3.044793712224196,1042,54.0,,,,,,,
,8378,55.0,,182.283697582,,,1763425527.8980951,0.2,,14.56750000000001,0.0,4.0,3.0,39.5,1018.0,7.612802949636895,1050,117.0,,,,,,,
,8413,16.0,,182.894279455,,,1763425528.508812,0.2,,3.5424999999999995,0.0,1.0,3.0,38.5,1021.0,2.385281691960092,1053,32.0,,,,,,,
,8465,17.0,,183.83066358,,,1763425529.445257,0.2,,6.655000000000002,0.0,0.0,3.0,73.75,1026.0,0.8633799858694904,1058,54.0,,,,,,,
,8485,20.0,,184.286340641,,,1763425529.900843,0.2,,6.607500000000002,0.0,2.0,3.0,53.5,1027.0,2.027342780587439,1059,55.0,,,,,,,
,8632,22.0,,187.676857004,,,1763425533.2913506,0.2,,8.492500000000001,0.0,0.0,3.0,40.0,1036.0,1.1851239386663315,1068,71.0,,,,,,,
,8735,3.0,,190.152794284,,,1763425535.76738,0.2,,0.9,0.0,0.0,3.0,74.75,1044.0,0.8234986338786483,1076,9.0,,,,,,,
,8809,10.0,,191.985189525,,,1763425537.5998125,0.2,,3.5825,0.0,0.0,3.0,61.0,1050.0,0.7650939484795316,1082,31.0,,,,,,,
,8830,21.0,,192.50886236,,,1763425538.1232505,0.2,,6.482500000000002,1.0,2.0,3.0,52.5,1051.0,4.326461458282045,1083,54.0,,,,,,,
,8877,8.0,,193.640232887,,,1763425539.2547638,0.2,,2.4499999999999997,0.0,1.0,3.0,62.25,1055.0,1.714103264100503,1087,22.0,,,,,,,
,8939,22.0,,195.158176854,,,1763425540.7726808,0.2,,7.584999999999999,0.0,0.0,3.0,49.25,1059.0,2.2429723582781858,1091,63.0,,,,,,,
,8969,18.0,,195.892920004,,,1763425541.5073678,0.2,,7.16,0.0,0.0,3.0,60.75,1061.0,1.1833638493717804,1093,59.0,,,,,,,
,9000,,,196.698977716,0.47310173511505127,,1763425542.3137822,,,,,,,,,,1099,,0.15478582680225372,,,,0.000743697804864496,,
,9052,17.0,,197.94668085,,,1763425543.5611253,0.2,,4.49,1.0,4.0,3.0,32.25,1067.0,2.005155854291631,1103,40.0,,,,,,,
,9122,25.0,,199.63282518,,,1763425545.2471647,0.2,,7.2825000000000015,0.0,1.0,3.0,41.0,1070.0,3.455397046650356,1106,61.0,,,,,,,
,9135,13.0,,199.93884865,,,1763425545.5532699,0.2,,3.0725000000000007,0.0,0.0,3.0,57.0,1071.0,1.2979864213465406,1107,27.0,,,,,,,
,9224,9.0,,202.133636504,,,1763425547.7481315,0.2,,2.2800000000000002,0.0,3.0,3.0,44.25,1078.0,1.1173853408739527,1114,22.0,,,,,,,
,9238,14.0,,202.485134572,,,1763425548.0996032,0.2,,3.799999999999999,0.0,3.0,3.0,41.25,1079.0,0.908432716275674,1115,34.0,,,,,,,
,9312,26.0,,204.038929689,,,1763425549.6535647,0.2,,8.489999999999998,0.0,4.0,3.0,35.75,1082.0,3.9854548046615714,1118,71.0,,,,,,,
,9328,16.0,,204.379684175,,,1763425549.9940784,0.2,,5.3075,0.0,0.0,3.0,52.5,1083.0,2.297176255754008,1119,45.0,,,,,,,
,9371,13.0,,205.342686475,,,1763425550.9570749,0.2,,3.4049999999999994,0.0,0.0,3.0,52.75,1087.0,0.7496832664532401,1123,30.0,,,,,,,
,9414,23.0,,206.384306185,,,1763425551.9988651,0.2,,7.070000000000002,0.0,3.0,3.0,34.25,1089.0,3.3988453921883544,1125,60.0,,,,,,,
,9547,25.0,,209.524255386,,,1763425555.1386356,0.2,,6.2925,0.0,2.0,3.0,42.0,1096.0,5.171563472490695,1132,53.0,,,,,,,
,9560,13.0,,209.834465667,,,1763425555.4490027,0.2,,3.309999999999999,0.0,1.0,3.0,55.75,1097.0,1.997072857959869,1133,29.0,,,,,,,
,9585,6.0,,210.448445183,,,1763425556.0629303,0.2,,2.0549999999999997,0.0,0.0,3.0,74.75,1100.0,1.0049999999999997,1136,18.0,,,,,,,
,9624,2.0,,211.350522724,,,1763425556.96509,0.2,,0.38999999999999996,0.0,0.0,3.0,74.75,1103.0,0.8234986338786483,1139,5.0,,,,,,,
,9712,12.0,,213.500770179,,,1763425559.1154382,0.2,,4.1225000000000005,0.0,0.0,3.0,50.5,1109.0,1.0153170687031712,1145,36.0,,,,,,,
,9981,34.0,,220.079850916,,,1763425565.694214,0.2,,12.187500000000004,0.0,1.0,3.0,47.5,1126.0,2.254211336587587,1162,99.0,,,,,,,
,9988,5.0,,220.256121883,,,1763425565.8705637,0.2,,1.5599999999999998,0.0,0.0,3.0,51.25,1128.0,0.9902272466459402,1164,16.0,,,,,,,
0.0001344997581327334,10000,,,220.558186284,,,1763425566.1727426,,0.28050854802131653,,,,,,,,1165,,,,0.363444983959198,,,,
,10074,24.0,,222.349446636,,,1763425567.9638226,0.2,,4.6025,0.0,2.0,3.0,36.5,1131.0,2.4819586519521235,1171,40.0,,,,,,,
,10087,13.0,,222.664714685,,,1763425568.2791677,0.2,,4.8625,0.0,0.0,3.0,61.0,1132.0,1.4389644714168581,1172,41.0,,,,,,,
,10107,20.0,,223.150781663,,,1763425568.7652164,0.2,,6.417499999999999,0.0,2.0,3.0,47.0,1133.0,2.287021807941499,1173,54.0,,,,,,,
,10239,17.0,,226.392408454,,,1763425572.0068183,0.2,,5.089999999999998,0.0,3.0,3.0,54.75,1141.0,1.359650690434864,1181,43.0,,,,,,,
,10251,12.0,,226.681085574,,,1763425572.2955892,0.2,,4.09,0.0,0.0,3.0,47.25,1142.0,1.4682131997771988,1182,36.0,,,,,,,
,10291,11.0,,227.678283098,,,1763425573.2928073,0.2,,4.1075,0.0,0.0,3.0,50.0,1146.0,1.1401836474884204,1186,36.0,,,,,,,
,10323,14.0,,228.457813961,,,1763425574.0722387,0.2,,5.41,0.0,0.0,3.0,52.25,1148.0,1.1671118198356143,1188,46.0,,,,,,,
,10390,13.0,,230.025036081,,,1763425575.6396027,0.2,,3.6399999999999992,0.0,2.0,3.0,63.75,1154.0,2.634966792959637,1194,31.0,,,,,,,
,10453,26.0,,231.503315404,,,1763425577.1176932,0.2,,6.279999999999999,0.0,1.0,3.0,52.25,1157.0,2.5088343907081647,1197,52.0,,,,,,,
,10466,13.0,,231.831030232,,,1763425577.4454453,0.2,,3.8849999999999993,0.0,1.0,3.0,63.25,1158.0,2.2978740174343755,1198,33.0,,,,,,,
,10681,6.0,,237.123952173,,,1763425582.7385457,0.2,,1.0524999999999998,0.0,1.0,3.0,62.0,1173.0,1.228828201987568,1213,11.0,,,,,,,
,10697,8.0,,237.519637784,,,1763425583.1340683,0.2,,2.0124999999999997,0.0,2.0,3.0,56.0,1175.0,1.7207901528077152,1215,19.0,,,,,,,
,10755,13.0,,238.934402712,,,1763425584.548818,0.2,,4.85,0.0,1.0,3.0,72.25,1179.0,1.6776918668217946,1219,40.0,,,,,,,
,10776,2.0,,239.464224495,,,1763425585.078799,0.2,,0.28,0.0,0.0,3.0,63.75,1182.0,0.8294877937619095,1222,5.0,,,,,,,
,10815,10.0,,240.443241131,,,1763425586.0576653,0.2,,1.2349999999999999,0.0,1.0,2.0,39.0,1186.0,1.8600336018470203,1226,14.0,,,,,,,
,10891,14.0,,242.334539867,,,1763425587.9490323,0.2,,5.3625,0.0,1.0,3.0,47.5,1190.0,1.3150166348757726,1230,46.0,,,,,,,
,10910,15.0,,242.817655737,,,1763425588.4320157,0.2,,2.514999999999999,0.0,1.0,3.0,61.75,1192.0,3.0930607818146725,1232,22.0,,,,,,,
,10932,16.0,,243.366639829,,,1763425588.9810658,0.2,,5.027500000000002,0.0,0.0,3.0,49.5,1194.0,2.539058634612443,1234,43.0,,,,,,,
,11024,29.0,,245.587938413,,,1763425591.2024124,0.2,,8.972500000000002,0.0,2.0,3.0,31.0,1201.0,2.602185379637664,1245,75.0,,,,,,,
,11088,27.0,,246.480247117,,,1763425592.0948875,0.2,,5.835000000000001,0.0,2.0,3.0,56.75,1205.0,3.8869879083938517,1249,48.0,,,,,,,
,11132,44.0,,246.954408445,,,1763425592.5690608,0.2,,12.677500000000006,0.0,3.0,3.0,49.0,1206.0,3.189085879997597,1250,102.0,,,,,,,
,11178,15.0,,247.441777224,,,1763425593.056477,0.2,,4.615,0.0,1.0,3.0,59.25,1209.0,1.514075625588102,1253,39.0,,,,,,,
,11193,15.0,,247.601576058,,,1763425593.2162297,0.2,,3.767499999999999,0.0,1.0,3.0,62.0,1210.0,1.6751921531573617,1254,32.0,,,,,,,
,11241,8.0,,248.115903344,,,1763425593.7306957,0.2,,2.4449999999999994,0.0,2.0,3.0,61.75,1213.0,1.7210534564620583,1257,22.0,,,,,,,
,11353,8.0,,249.320113922,,,1763425594.9348042,0.2,,3.0774999999999997,0.0,0.0,3.0,62.5,1222.0,1.2288282019875678,1266,27.0,,,,,,,
,11388,11.0,,249.715401998,,,1763425595.3301122,0.2,,3.9675,0.0,0.0,3.0,61.0,1225.0,1.0260939284490473,1269,34.0,,,,,,,
,11390,2.0,,249.741308047,,,1763425595.3562546,0.2,,0.2675,0.0,0.0,3.0,62.5,1226.0,0.8329278180010559,1270,5.0,,,,,,,
,11393,3.0,,249.7792848,,,1763425595.3942316,0.2,,1.0275,0.0,0.0,3.0,75.0,1227.0,0.8703555308033607,1271,10.0,,,,,,,
,11460,19.0,,250.700901008,,,1763425596.3153956,0.2,,7.055,0.0,0.0,3.0,74.25,1232.0,2.9781747766039524,1276,57.0,,,,,,,
,11683,17.0,,256.199115394,,,1763425601.8136296,0.2,,2.9175000000000004,0.0,1.0,3.0,62.5,1247.0,2.6147119822267237,1291,25.0,,,,,,,
,11708,25.0,,256.801963266,,,1763425602.4165335,0.2,,5.09,0.0,1.0,3.0,46.75,1248.0,3.942467501451346,1292,43.0,,,,,,,
,11737,29.0,,257.498612677,,,1763425603.1130593,0.2,,12.5375,0.0,0.0,3.0,75.0,1249.0,2.0183579340642233,1293,100.0,,,,,,,
,11816,6.0,,259.428060301,,,1763425605.0425072,0.2,,1.4224999999999999,0.0,1.0,3.0,74.0,1254.0,1.2058269983708276,1298,13.0,,,,,,,
,11837,21.0,,259.924421324,,,1763425605.5389807,0.2,,8.180000000000001,0.0,1.0,3.0,59.75,1255.0,0.890870360939233,1299,67.0,,,,,,,
,11937,5.0,,262.318328883,,,1763425607.9328914,0.2,,1.6649999999999998,0.0,0.0,3.0,74.25,1261.0,0.9011242977525353,1305,15.0,,,,,,,
,12000,,,263.794827766,,0.19746631383895874,1763425609.4096289,,,,,,,,,,1312,,,0.0011672540567815304,,,,0.4603169560432434,
,12052,17.0,,265.057735275,,,1763425610.672364,0.2,,5.39,0.0,1.0,3.0,34.75,1269.0,2.5373017163908593,1317,47.0,,,,,,,
,12084,15.0,,265.810707145,,,1763425611.425299,0.2,,4.7525,0.0,0.0,3.0,60.5,1271.0,2.3482693095128595,1319,40.0,,,,,,,
,12173,19.0,,267.98010738,,,1763425613.5944896,0.2,,4.055,0.0,3.0,0.0,0.0,1276.0,2.0728904939721255,1324,39.0,,,,,,,
,12213,12.0,,268.971622221,,,1763425614.5860174,0.2,,3.9049999999999994,0.0,0.0,3.0,53.75,1280.0,0.4864411577981447,1328,34.0,,,,,,,
,12332,22.0,,271.786266604,,,1763425617.4008093,0.2,,6.472500000000001,1.0,1.0,3.0,50.5,1290.0,2.890461684575668,1338,54.0,,,,,,,
,12364,32.0,,272.569721817,,,1763425618.184073,0.2,,10.420000000000005,0.0,3.0,3.0,47.75,1291.0,3.6463749121559106,1339,85.0,,,,,,,
,12372,8.0,,272.774177402,,,1763425618.3886855,0.2,,2.7024999999999997,0.0,1.0,3.0,50.0,1292.0,1.1401836474884208,1340,25.0,,,,,,,
,12504,11.0,,275.890733951,,,1763425621.5051923,0.2,,3.3824999999999994,1.0,2.0,3.0,40.0,1301.0,1.7932564652051302,1349,31.0,,,,,,,
,12575,26.0,,277.639646403,,,1763425623.2542064,0.2,,7.112500000000002,0.0,2.0,3.0,35.5,1305.0,4.311220099925311,1353,60.0,,,,,,,
,12674,12.0,,279.751664859,,,1763425625.366297,0.2,,3.0599999999999996,0.0,2.0,2.0,32.0,1315.0,2.323477996452731,1363,29.0,,,,,,,
,12740,45.0,,281.233423851,,,1763425626.8478777,0.2,,16.755000000000003,0.0,2.0,3.0,43.25,1317.0,3.8852445225493857,1365,135.0,,,,,,,
,12755,15.0,,281.5784239,,,1763425627.1928034,0.2,,3.902499999999999,0.0,3.0,3.0,38.0,1318.0,2.9568342445933613,1366,35.0,,,,,,,
,12808,22.0,,282.388884855,,,1763425628.0033698,0.2,,6.960000000000001,1.0,3.0,3.0,36.75,1322.0,2.8199379425795885,1370,59.0,,,,,,,
,12823,15.0,,282.603848067,,,1763425628.2183993,0.2,,2.380000000000001,1.0,3.0,2.0,23.5,1323.0,2.1141901522805377,1371,24.0,,,,,,,
,12910,14.0,,283.595650324,,,1763425629.2105334,0.2,,4.144999999999998,0.0,1.0,3.0,50.75,1331.0,2.0200804439427653,1379,36.0,,,,,,,
,12924,14.0,,283.743926196,,,1763425629.3586335,0.2,,4.0424999999999995,0.0,2.0,3.0,53.0,1332.0,2.914209798556034,1380,35.0,,,,,,,
,12934,10.0,,283.848600903,,,1763425629.4633472,0.2,,3.0225,0.0,0.0,3.0,67.5,1333.0,1.7335710974748049,1381,26.0,,,,,,,
,13000,,,284.553470684,,0.21149802207946777,1763425630.1683712,,,,,,,,,,1388,,,0.0009834179654717445,,,,0.3779812455177307,
,13000,,,284.556270415,0.4116189777851105,,1763425630.171349,,,,,,,,,,1389,,0.19773972034454346,,,,0.0005864729755558074,,
,13131,10.0,,287.576708681,,,1763425633.191054,0.2,,2.5975000000000006,0.0,2.0,3.0,50.0,1343.0,0.8451146371942685,1395,24.0,,,,,,,
,13152,12.0,,288.103306593,,,1763425633.7177007,0.2,,4.087499999999999,1.0,3.0,3.0,34.5,1345.0,0.618076653822161,1397,37.0,,,,,,,
,13179,9.0,,288.74772747,,,1763425634.3622382,0.2,,3.7125000000000004,0.0,0.0,3.0,75.0,1347.0,1.0271410565253432,1399,31.0,,,,,,,
,13202,17.0,,289.325921511,,,1763425634.940373,0.2,,4.91,0.0,1.0,3.0,49.25,1349.0,2.456755991139536,1401,42.0,,,,,,,
,13277,18.0,,291.122082884,,,1763425636.7365282,0.2,,5.6825,0.0,0.0,3.0,25.5,1353.0,1.8387818658013795,1405,50.0,,,,,,,
,13402,7.0,,294.15049821,,,1763425639.764947,0.2,,1.6799999999999997,0.0,0.0,3.0,73.75,1363.0,0.9621070626494744,1415,15.0,,,,,,,
,13415,13.0,,294.46894093,,,1763425640.0833137,0.2,,4.06,0.0,2.0,3.0,55.75,1364.0,0.7069653456853465,1416,35.0,,,,,,,
,13447,7.0,,295.274039509,,,1763425640.8884928,0.2,,2.59,0.0,0.0,3.0,64.75,1366.0,1.054348139847555,1418,23.0,,,,,,,
,13580,18.0,,298.541578005,,,1763425644.1560693,0.2,,4.59,0.0,3.0,3.0,41.25,1373.0,2.731849190566712,1425,40.0,,,,,,,
,13603,23.0,,299.019878203,,,1763425644.6344128,0.2,,5.440000000000001,0.0,2.0,3.0,33.75,1374.0,3.0576216247273,1426,47.0,,,,,,,
,13678,12.0,,300.14384773,,,1763425645.7585077,0.2,,3.515,0.0,0.0,3.0,52.25,1380.0,0.9000138887817233,1432,31.0,,,,,,,
,13691,13.0,,300.350443877,,,1763425645.9649365,0.2,,3.8874999999999997,0.0,1.0,3.0,51.0,1381.0,2.119284961962406,1433,34.0,,,,,,,
,13693,2.0,,300.382131475,,,1763425645.9969337,0.2,,0.39,0.0,0.0,3.0,74.75,1382.0,0.8234986338786482,1434,5.0,,,,,,,
,13733,2.0,,301.324221898,,,1763425646.9387767,0.2,,0.265,0.0,1.0,3.0,74.75,1387.0,0.8336815938954152,1439,4.0,,,,,,,
,13857,2.0,,303.170898456,,,1763425648.7857707,0.2,,0.5175000000000001,0.0,0.0,3.0,75.0,1395.0,0.8703555308033607,1447,6.0,,,,,,,
,13929,4.0,,304.353317289,,,1763425649.967923,0.2,,0.3450000000000001,0.0,1.0,3.0,43.25,1400.0,0.6022665522839534,1452,7.0,,,,,,,
,13961,14.0,,305.14877976,,,1763425650.7631776,0.2,,3.6425,0.0,1.0,3.0,63.0,1403.0,1.2669328119517627,1455,31.0,,,,,,,
,13970,9.0,,305.377839163,,,1763425650.9922843,0.2,,2.6449999999999996,0.0,2.0,3.0,68.25,1404.0,1.4377847544051923,1456,23.0,,,,,,,
,13979,9.0,,305.604579698,,,1763425651.2189877,0.2,,2.7299999999999995,0.0,1.0,3.0,51.75,1405.0,1.0574261203507314,1457,25.0,,,,,,,
,14000,,0.3340558409690857,306.125999321,,,1763425651.7408729,,,,,,,,,,1461,,,,,0.0005364157259464264,,,0.29973283410072327
,14063,17.0,,307.608130974,,,1763425653.2225144,0.2,,3.6949999999999994,0.0,1.0,3.0,52.75,1410.0,1.5685263784839594,1466,32.0,,,,,,,
,14118,28.0,,308.948315365,,,1763425654.562723,0.2,,8.080000000000002,0.0,2.0,2.0,43.0,1412.0,3.7026409493765433,1468,67.0,,,,,,,
,14166,14.0,,310.111562786,,,1763425655.7259912,0.2,,3.8824999999999994,0.0,1.0,3.0,74.5,1416.0,1.031391656937364,1472,32.0,,,,,,,
,14188,22.0,,310.661164457,,,1763425656.2755594,0.2,,5.705,0.0,1.0,3.0,36.25,1417.0,3.4280716153546154,1473,49.0,,,,,,,
,14275,14.0,,312.676763238,,,1763425658.2912238,0.2,,3.4649999999999994,0.0,3.0,3.0,45.25,1423.0,1.7406966996004787,1479,31.0,,,,,,,
,14427,8.0,,316.349972035,,,1763425661.9644413,0.2,,2.0675,0.0,1.0,3.0,74.0,1432.0,1.3821247230261091,1488,18.0,,,,,,,
,14845,29.0,,326.370911522,,,1763425671.9853146,0.2,,7.4125,0.0,2.0,3.0,50.0,1458.0,2.6935791709173893,1514,61.0,,,,,,,
,14859,14.0,,326.711971243,,,1763425672.3264537,0.2,,4.16,0.0,1.0,2.0,40.0,1459.0,2.6920531198325186,1515,37.0,,,,,,,
,14878,19.0,,327.195503705,,,1763425672.809839,0.2,,6.327500000000001,0.0,0.0,3.0,51.5,1460.0,2.257679948531236,1516,53.0,,,,,,,
,14915,12.0,,328.086736728,,,1763425673.7011309,0.2,,3.662499999999999,0.0,0.0,3.0,42.0,1463.0,1.5134625036650222,1519,33.0,,,,,,,
,14957,33.0,,329.08129449,,,1763425674.6957078,0.2,,9.002500000000001,0.0,1.0,3.0,42.5,1465.0,3.5015880325932147,1521,74.0,,,,,,,
,14971,14.0,,329.432572711,,,1763425675.0469604,0.2,,4.6325,0.0,0.0,3.0,49.5,1466.0,1.7404938236029455,1522,40.0,,,,,,,
,14991,20.0,,329.938482927,,,1763425675.552898,0.2,,5.975,0.0,0.0,3.0,52.75,1467.0,2.241589837592953,1523,50.0,,,,,,,
0.0015469269128516316,15000,,,330.166859156,,,1763425675.7814355,,0.23087753355503082,,,,,,,,1524,,,,0.3589017391204834,,,,
,15000,,0.34254899621009827,330.172914982,,,1763425675.7877612,,,,,,,,,,1525,,,,,0.006010410841554403,,,0.238439679145813
,15000,,,330.184303951,0.3229900896549225,,1763425675.7992902,,,,,,,,,,1527,,0.357437402009964,,,,0.0005336336907930672,,
,15004,2.0,,330.397085912,,,1763425676.0115163,0.2,,0.28,0.0,0.0,3.0,63.75,1469.0,0.8294877937619094,1529,5.0,,,,,,,
,15075,2.0,,332.170985928,,,1763425677.785577,0.2,,0.5175000000000001,0.0,0.0,3.0,75.0,1474.0,0.8703555308033607,1534,6.0,,,,,,,
,15101,7.0,,332.781508531,,,1763425678.3959467,0.2,,1.855,0.0,0.0,3.0,53.75,1476.0,1.247768007283405,1536,18.0,,,,,,,
,15200,10.0,,335.157961531,,,1763425680.7720602,0.2,,2.727499999999999,0.0,1.0,3.0,50.5,1482.0,2.3798883902401804,1542,25.0,,,,,,,
,15202,2.0,,335.207973101,,,1763425680.82259,0.2,,0.2675,0.0,0.0,3.0,62.5,1483.0,0.8329278180010559,1543,5.0,,,,,,,
,15214,9.0,,335.500047401,,,1763425681.1145368,0.2,,2.575,0.0,1.0,3.0,61.25,1485.0,2.021861765799037,1545,23.0,,,,,,,
,15221,7.0,,335.671701627,,,1763425681.28617,0.2,,2.3024999999999998,0.0,0.0,3.0,61.0,1486.0,0.9776854044118689,1546,21.0,,,,,,,
,15298,24.0,,337.493030345,,,1763425683.1074452,0.2,,7.724999999999999,0.0,2.0,3.0,61.25,1491.0,4.247696434539549,1551,63.0,,,,,,,
,15343,19.0,,338.610145283,,,1763425684.2245705,0.2,,6.3999999999999995,1.0,2.0,3.0,58.75,1495.0,2.2425543471675335,1555,53.0,,,,,,,
,15387,14.0,,339.687245963,,,1763425685.3016949,0.2,,3.8075,0.0,1.0,3.0,42.0,1498.0,1.656417444366003,1558,34.0,,,,,,,
,15397,10.0,,339.937230504,,,1763425685.551583,0.2,,2.7749999999999995,0.0,1.0,3.0,42.75,1499.0,1.3315122981031753,1559,26.0,,,,,,,
,15443,16.0,,341.087172567,,,1763425686.7015007,0.2,,4.229999999999999,0.0,2.0,3.0,57.25,1503.0,1.6760817402501589,1563,36.0,,,,,,,
,15485,27.0,,342.138212056,,,1763425687.7526398,0.2,,5.9174999999999995,0.0,4.0,3.0,52.5,1506.0,4.24466945120583,1566,49.0,,,,,,,
,15533,5.0,,343.313839607,,,1763425688.9283202,0.2,,1.3199999999999998,0.0,0.0,3.0,64.75,1510.0,1.4367150030538414,1570,13.0,,,,,,,
,15548,15.0,,343.665790434,,,1763425689.280256,0.2,,4.975,0.0,2.0,3.0,32.75,1511.0,1.381493756771996,1571,44.0,,,,,,,
,15626,12.0,,345.571577027,,,1763425691.1860924,0.2,,3.4824999999999995,0.0,2.0,2.0,36.75,1516.0,1.1626989077142893,1576,32.0,,,,,,,
,15725,25.0,,347.941680403,,,1763425693.5559819,0.2,,6.722500000000002,0.0,2.0,3.0,60.0,1522.0,2.119862908303273,1582,55.0,,,,,,,
,15868,14.0,,351.482077926,,,1763425697.096569,0.2,,5.6625000000000005,0.0,0.0,3.0,65.0,1528.0,1.022017000837071,1588,47.0,,,,,,,
,15873,5.0,,351.604159655,,,1763425697.218706,0.2,,1.085,0.0,1.0,3.0,41.25,1529.0,1.106537392047824,1589,13.0,,,,,,,
0.00046274479245767,16000,,,354.726397169,,,1763425700.3409584,,0.16287514567375183,,,,,,,,1597,,,,0.41350167989730835,,,,
,16075,3.0,,356.560555508,,,1763425702.1753776,0.2,,0.65,0.0,0.0,3.0,74.75,1543.0,0.8975800799928662,1607,7.0,,,,,,,
,16108,7.0,,357.393395444,,,1763425703.0079043,0.2,,1.83,0.0,1.0,3.0,63.75,1545.0,1.3786043667419596,1609,17.0,,,,,,,
,16122,14.0,,357.738267332,,,1763425703.3527148,0.2,,4.8575,0.0,1.0,3.0,47.0,1546.0,1.123863314642844,1610,42.0,,,,,,,
,16142,10.0,,358.245144488,,,1763425703.859645,0.2,,2.7250000000000005,0.0,0.0,3.0,37.75,1548.0,1.3713770451629999,1612,26.0,,,,,,,
,16187,27.0,,359.341017556,,,1763425704.9554036,0.2,,8.065,1.0,4.0,3.0,54.75,1550.0,2.8056594590220687,1614,66.0,,,,,,,
,16208,21.0,,359.851424891,,,1763425705.4659512,0.2,,4.3375,0.0,3.0,3.0,50.5,1551.0,2.2726347594807224,1615,37.0,,,,,,,
,16326,15.0,,362.69378626499997,,,1763425708.3081923,0.2,,3.3375,0.0,1.0,3.0,56.5,1558.0,1.2296417161108353,1622,29.0,,,,,,,
,16378,16.0,,363.944731147,,,1763425709.5591867,0.2,,6.045,0.0,1.0,3.0,63.75,1561.0,2.5903522926428364,1625,50.0,,,,,,,
,16409,31.0,,364.692500371,,,1763425710.307092,0.2,,10.29,0.0,2.0,3.0,48.25,1562.0,2.7033405260898946,1626,84.0,,,,,,,
,16590,15.0,,369.224336279,,,1763425714.8387291,0.2,,5.767499999999998,0.0,2.0,3.0,74.5,1574.0,1.6789338134661538,1638,47.0,,,,,,,
,16742,21.0,,373.017861394,,,1763425718.6323376,0.2,,7.312499999999999,0.0,2.0,3.0,73.0,1584.0,1.8401409592745892,1648,59.0,,,,,,,
,16813,16.0,,374.787901972,,,1763425720.4023015,0.2,,2.32,0.0,4.0,3.0,41.25,1589.0,1.273675782921226,1653,22.0,,,,,,,
,16876,12.0,,376.345401346,,,1763425721.959888,0.2,,3.1574999999999993,0.0,2.0,3.0,54.0,1592.0,2.0600652295497826,1656,28.0,,,,,,,
,16922,10.0,,377.464396865,,,1763425723.0787888,0.2,,3.33,0.0,1.0,3.0,48.25,1596.0,1.1299778758896117,1660,30.0,,,,,,,
,17066,23.0,,381.017631553,,,1763425726.6320183,0.2,,5.6325,0.0,0.0,3.0,53.0,1606.0,3.687257619152749,1674,47.0,,,,,,,
,17079,13.0,,381.345574225,,,1763425726.9601278,0.2,,3.8674999999999997,0.0,0.0,3.0,74.0,1607.0,1.6848794467260855,1675,32.0,,,,,,,
,17234,17.0,,385.243259386,,,1763425730.8576505,0.2,,4.4875,0.0,0.0,3.0,57.0,1617.0,3.965169447829436,1685,38.0,,,,,,,
,17256,9.0,,385.797739376,,,1763425731.412195,0.2,,3.3349999999999995,0.0,0.0,3.0,62.25,1619.0,0.9055523176492893,1687,29.0,,,,,,,
,17302,23.0,,386.896762888,,,1763425732.5110986,0.2,,7.510000000000001,0.0,1.0,3.0,65.75,1622.0,2.1297300298394632,1690,61.0,,,,,,,
,17549,9.0,,393.078091992,,,1763425738.6925793,0.2,,3.585,0.0,0.0,3.0,62.25,1638.0,0.9380964769148208,1706,31.0,,,,,,,
,17691,14.0,,396.60441873,,,1763425742.2188678,0.2,,5.795000000000002,0.0,0.0,3.0,65.75,1648.0,0.8369438451891511,1716,48.0,,,,,,,
,17841,6.0,,400.359470963,,,1763425745.9739969,0.2,,0.5775000000000001,1.0,2.0,3.0,52.0,1657.0,1.1349311653135623,1725,8.0,,,,,,,
,17907,2.0,,401.986994197,,,1763425747.601572,0.2,,0.5175000000000001,0.0,0.0,3.0,75.0,1663.0,0.8703555308033608,1731,6.0,,,,,,,
,17923,16.0,,402.391732605,,,1763425748.0062037,0.2,,5.7075,0.0,1.0,3.0,55.0,1664.0,1.198548601434252,1732,48.0,,,,,,,
,18028,18.0,,405.033558528,,,1763425750.6480474,0.2,,5.617500000000001,0.0,0.0,3.0,44.0,1669.0,3.461794151881363,1741,48.0,,,,,,,
,18053,9.0,,405.667786632,,,1763425751.2817707,0.2,,3.0774999999999997,0.0,0.0,3.0,74.0,1673.0,1.5557212957339108,1745,26.0,,,,,,,
,18136,7.0,,407.694643006,,,1763425753.3090193,0.2,,0.9975,0.0,1.0,3.0,55.5,1681.0,1.54774634549722,1753,11.0,,,,,,,
,18150,14.0,,408.039854116,,,1763425753.654257,0.2,,4.890000000000001,0.0,1.0,3.0,62.75,1682.0,1.6286650975568924,1754,41.0,,,,,,,
,18267,25.0,,410.943576994,,,1763425756.5580428,0.2,,9.337500000000002,0.0,1.0,3.0,59.0,1690.0,1.8075726126493548,1762,76.0,,,,,,,
,18290,7.0,,411.506641997,,,1763425757.121069,0.2,,1.0625,0.0,2.0,3.0,74.5,1693.0,1.624828837139469,1765,10.0,,,,,,,
,18352,21.0,,413.049840427,,,1763425758.664248,0.2,,5.085000000000002,0.0,1.0,3.0,50.25,1696.0,3.249257607515909,1768,43.0,,,,,,,
,18382,10.0,,413.771573107,,,1763425759.3859556,0.2,,3.01,1.0,1.0,3.0,53.75,1698.0,1.5198190681788402,1770,27.0,,,,,,,
,18439,22.0,,415.164513087,,,1763425760.778952,0.2,,7.665000000000003,0.0,1.0,3.0,44.75,1701.0,1.5495563881317793,1773,64.0,,,,,,,
,18521,23.0,,417.121596373,,,1763425762.7361126,0.2,,8.307499999999997,1.0,4.0,3.0,20.5,1705.0,1.5573274382736608,1777,71.0,,,,,,,
,18554,10.0,,417.955115627,,,1763425763.56951,0.2,,2.0749999999999997,0.0,1.0,3.0,47.75,1708.0,2.0544403130779925,1780,20.0,,,,,,,
,18682,11.0,,421.010726303,,,1763425766.6252315,0.2,,2.4349999999999996,1.0,2.0,3.0,45.25,1717.0,1.8156748056852026,1789,23.0,,,,,,,
,18727,10.0,,422.1272615,,,1763425767.7417119,0.2,,3.385,0.0,0.0,3.0,53.75,1721.0,0.791785955924958,1793,30.0,,,,,,,
,18873,16.0,,425.621209019,,,1763425771.2356422,0.2,,4.8125,0.0,0.0,3.0,53.0,1733.0,1.1236630945261135,1805,41.0,,,,,,,
,18996,14.0,,428.614565401,,,1763425774.2290385,0.2,,3.7549999999999986,0.0,3.0,2.0,37.0,1741.0,2.7256971585266023,1813,34.0,,,,,,,
,19005,9.0,,428.836442357,,,1763425774.4509008,0.2,,2.3924999999999996,0.0,1.0,3.0,43.0,1742.0,1.625382647255716,1818,23.0,,,,,,,
,19021,16.0,,429.229311586,,,1763425774.8437743,0.2,,2.73,0.0,4.0,2.0,32.5,1743.0,2.013107051301545,1819,26.0,,,,,,,
,19088,10.0,,430.296495482,,,1763425775.9111476,0.2,,2.2849999999999997,0.0,2.0,3.0,31.25,1747.0,1.3144105142610507,1823,23.0,,,,,,,
,19492,15.0,,439.884841623,,,1763425785.4991872,0.2,,4.667499999999999,0.0,1.0,3.0,27.0,1771.0,1.9282294339626702,1847,42.0,,,,,,,
,19526,10.0,,440.727015807,,,1763425786.341489,0.2,,3.3324999999999996,0.0,0.0,3.0,73.5,1775.0,0.8360136063486046,1851,28.0,,,,,,,
,19601,20.0,,442.586749817,,,1763425788.2011843,0.2,,5.66,0.0,2.0,3.0,33.75,1780.0,1.4760928155099209,1856,49.0,,,,,,,
,19669,15.0,,444.297066451,,,1763425789.9115036,0.2,,5.13,0.0,2.0,3.0,48.25,1785.0,1.4582009463719323,1861,44.0,,,,,,,
,19694,25.0,,444.919117738,,,1763425790.5335565,0.2,,6.345000000000001,1.0,2.0,3.0,47.25,1786.0,3.7859642100791198,1862,53.0,,,,,,,
,19801,17.0,,447.551398015,,,1763425793.165784,0.2,,3.255,0.0,3.0,3.0,46.25,1792.0,3.0116233164192368,1868,29.0,,,,,,,
,19853,9.0,,448.775917904,,,1763425794.3903885,0.2,,2.0149999999999997,0.0,1.0,3.0,67.75,1797.0,1.3839346082817643,1873,18.0,,,,,,,
,19886,18.0,,449.600273695,,,1763425795.214666,0.2,,4.55,1.0,2.0,3.0,49.75,1799.0,2.5052345199601564,1875,39.0,,,,,,,
,19895,9.0,,449.833388031,,,1763425795.4477854,0.2,,2.0150000000000006,0.0,1.0,3.0,55.25,1800.0,2.020501175451279,1876,19.0,,,,,,,
,19916,21.0,,450.337744074,,,1763425795.9521945,0.2,,6.332499999999999,0.0,1.0,3.0,50.0,1801.0,2.2887373702546125,1877,53.0,,,,,,,
,19952,25.0,,451.217065498,,,1763425796.831454,0.2,,6.590000000000002,0.0,1.0,3.0,21.75,1803.0,2.0273998125678148,1879,57.0,,,,,,,
,19962,10.0,,451.461134722,,,1763425797.0755892,0.2,,3.272499999999999,0.0,1.0,3.0,55.0,1804.0,1.924907465308397,1880,29.0,,,,,,,
,20000,,0.4211653769016266,452.389043044,,,1763425798.0037525,,,,,,,,,,1886,,,,,0.0018631453858688474,,,0.16337428987026215
,20077,5.0,,454.019936846,,,1763425799.634563,0.2,,1.5574999999999999,0.0,1.0,3.0,63.5,1813.0,1.0596550146156059,1893,15.0,,,,,,,
,20124,26.0,,454.744027184,,,1763425800.3584487,0.2,,9.004999999999997,0.0,1.0,3.0,62.25,1815.0,2.080871211776452,1895,73.0,,,,,,,
,20146,22.0,,455.067409227,,,1763425800.6819708,0.2,,8.2025,0.0,0.0,3.0,61.0,1816.0,1.5281913329161376,1896,67.0,,,,,,,
,20252,8.0,,457.559967807,,,1763425803.174464,0.2,,2.7474999999999996,0.0,0.0,3.0,54.5,1822.0,1.3369999065071017,1902,25.0,,,,,,,
,20262,10.0,,457.799118383,,,1763425803.4136431,0.2,,2.7874999999999996,0.0,0.0,3.0,56.5,1823.0,1.8075034578113534,1903,25.0,,,,,,,
,20310,15.0,,458.964792441,,,1763425804.5792153,0.2,,6.045,0.0,1.0,3.0,52.25,1826.0,1.2672904165975525,1906,51.0,,,,,,,
,20341,9.0,,459.739517721,,,1763425805.3540194,0.2,,2.7124999999999995,0.0,2.0,3.0,75.0,1828.0,2.13659044975868,1908,23.0,,,,,,,
,20353,12.0,,460.028902048,,,1763425805.6431806,0.2,,3.4800000000000004,0.0,0.0,3.0,36.25,1829.0,1.2264786993666057,1909,32.0,,,,,,,
,20497,22.0,,463.632278978,,,1763425809.2466826,0.2,,4.42,0.0,2.0,3.0,45.25,1838.0,2.697563715651589,1918,38.0,,,,,,,
,20534,20.0,,464.530175015,,,1763425810.1446526,0.2,,6.405,0.0,1.0,2.0,21.0,1840.0,1.1512710367241938,1920,56.0,,,,,,,
,20734,9.0,,469.362514711,,,1763425814.977008,0.2,,2.8274999999999997,0.0,0.0,3.0,49.0,1850.0,0.6502066979045974,1930,26.0,,,,,,,
,20790,6.0,,470.786243302,,,1763425816.400819,0.2,,2.0574999999999997,0.0,2.0,3.0,75.0,1854.0,1.736380934587799,1934,18.0,,,,,,,
,20905,14.0,,473.648642292,,,1763425819.2631562,0.2,,5.9125,0.0,0.0,3.0,52.5,1863.0,0.9216934143195332,1943,50.0,,,,,,,
,20941,15.0,,474.525901807,,,1763425820.140451,0.2,,3.3175,1.0,1.0,3.0,42.0,1865.0,1.3315850517334593,1945,30.0,,,,,,,
,21000,,0.39091867208480835,475.969115348,,,1763425821.5839653,,,,,,,,,,1950,,,,,0.0017386144027113914,,,0.24531768262386322
,21005,18.0,,476.082062806,,,1763425821.6962898,0.2,,5.5375000000000005,0.0,0.0,3.0,23.5,1869.0,1.4435611348328845,1953,49.0,,,,,,,
,21087,11.0,,478.09533835,,,1763425823.7097955,0.2,,3.1775,0.0,1.0,3.0,57.0,1874.0,1.3925762995254516,1958,28.0,,,,,,,
,21120,33.0,,478.897728489,,,1763425824.51217,0.2,,9.145,0.0,1.0,2.0,44.5,1875.0,2.845246035055673,1959,75.0,,,,,,,
,21282,33.0,,482.771760268,,,1763425828.386178,0.2,,10.065000000000001,0.0,1.0,3.0,48.75,1883.0,2.659497132918178,1967,82.0,,,,,,,
,21331,13.0,,483.896339002,,,1763425829.5109015,0.2,,3.94,0.0,0.0,3.0,56.25,1887.0,2.8181642961332116,1971,34.0,,,,,,,
,21350,11.0,,484.203674768,,,1763425829.818272,0.2,,3.6049999999999995,0.0,1.0,3.0,62.25,1889.0,2.2682647552699833,1973,31.0,,,,,,,
,21552,22.0,,488.035573827,,,1763425833.6499512,0.2,,8.469999999999999,0.0,2.0,3.0,37.75,1901.0,0.5666127425323205,1985,71.0,,,,,,,
,21566,14.0,,488.346541343,,,1763425833.9609346,0.2,,2.9825000000000004,0.0,1.0,3.0,34.5,1902.0,1.8677442945970955,1986,28.0,,,,,,,
,21633,4.0,,489.978050602,,,1763425835.5925298,0.2,,0.9125000000000001,0.0,0.0,3.0,50.0,1907.0,0.8965315108795675,1991,11.0,,,,,,,
,21665,2.0,,490.774668845,,,1763425836.3893127,0.2,,0.2625,0.0,0.0,3.0,74.5,1911.0,0.834457158876356,1995,4.0,,,,,,,
,21728,15.0,,492.325456707,,,1763425837.939875,0.2,,3.2600000000000007,0.0,1.0,3.0,61.25,1917.0,1.947601088518899,2001,28.0,,,,,,,
,21758,30.0,,493.065252178,,,1763425838.6796753,0.2,,10.037500000000003,0.0,1.0,3.0,49.0,1918.0,2.766743347330941,2002,82.0,,,,,,,
,21786,5.0,,493.739213928,,,1763425839.3537443,0.2,,1.4725000000000001,0.0,0.0,3.0,55.0,1921.0,0.9049965469547383,2005,15.0,,,,,,,
,21821,21.0,,494.562961152,,,1763425840.1774073,0.2,,6.364999999999999,0.0,1.0,3.0,65.75,1923.0,1.026900676794013,2007,52.0,,,,,,,
,21930,18.0,,497.289625701,,,1763425842.903903,0.2,,4.869999999999999,0.0,1.0,3.0,69.25,1932.0,1.4795776424371918,2016,40.0,,,,,,,
,21932,2.0,,497.342892029,,,1763425842.9571445,0.2,,0.5175000000000001,0.0,0.0,3.0,75.0,1933.0,0.8703555308033608,2017,6.0,,,,,,,
,21946,10.0,,497.698534809,,,1763425843.3130953,0.2,,1.6925,1.0,2.0,3.0,34.5,1935.0,1.9054051406459467,2019,18.0,,,,,,,
0.0001662161957938224,22000,,,499.034547121,,,1763425844.6490343,,0.15900461375713348,,,,,,,,2024,,,,0.4022095799446106,,,,
,22000,,,499.054620326,0.3837857246398926,,1763425844.6693192,,,,,,,,,,2027,,0.3014247417449951,,,,0.0007491982541978359,,
,22041,29.0,,500.035752384,,,1763425845.6499956,0.2,,8.155,0.0,1.0,3.0,61.75,1941.0,2.325838558455857,2029,66.0,,,,,,,
,22073,13.0,,500.793553827,,,1763425846.4079065,0.2,,4.87,0.0,0.0,3.0,61.75,1943.0,0.838242208433816,2031,41.0,,,,,,,
,22115,4.0,,501.826289937,,,1763425847.4407296,0.2,,1.0375,0.0,0.0,3.0,75.0,1946.0,1.2288282019875685,2034,10.0,,,,,,,
,22142,3.0,,502.473319721,,,1763425848.0877697,0.2,,1.0275,0.0,0.0,3.0,75.0,1949.0,0.8703555308033607,2037,10.0,,,,,,,
,22155,13.0,,502.792067975,,,1763425848.4064062,0.2,,2.2175,0.0,1.0,3.0,46.5,1950.0,2.4113520584933257,2038,21.0,,,,,,,
,22175,20.0,,503.280402518,,,1763425848.8945801,0.2,,5.397500000000001,0.0,0.0,2.0,45.25,1951.0,3.1659230486542156,2039,46.0,,,,,,,
,22189,14.0,,503.584211258,,,1763425849.1985073,0.2,,6.134999999999999,0.0,0.0,3.0,62.25,1952.0,1.0653755206498778,2040,51.0,,,,,,,
,22274,36.0,,505.681695444,,,1763425851.296037,0.2,,12.845000000000004,0.0,2.0,3.0,48.75,1957.0,3.8145281490637926,2045,104.0,,,,,,,
,22403,31.0,,508.857380937,,,1763425854.4718392,0.2,,7.9225,0.0,2.0,3.0,74.0,1963.0,1.8090795311428416,2051,63.0,,,,,,,
,22429,26.0,,509.485729826,,,1763425855.1001422,0.2,,8.552500000000002,0.0,0.0,3.0,67.0,1964.0,1.4030391120706518,2052,69.0,,,,,,,
,22482,40.0,,510.805556477,,,1763425856.4199111,0.2,,8.96,0.0,2.0,3.0,31.25,1966.0,2.8270744595783133,2054,74.0,,,,,,,
,22543,18.0,,512.314276578,,,1763425857.9286578,0.2,,4.7125,1.0,3.0,3.0,41.0,1970.0,2.595018063520947,2058,41.0,,,,,,,
,22667,16.0,,515.311941196,,,1763425860.9263864,0.2,,5.692499999999999,0.0,1.0,3.0,53.5,1977.0,2.22982482495823,2065,48.0,,,,,,,
,22734,15.0,,516.938396959,,,1763425862.5527267,0.2,,5.945,0.0,0.0,3.0,67.25,1981.0,0.8497205422961128,2069,49.0,,,,,,,
,22741,7.0,,517.108794527,,,1763425862.7232635,0.2,,1.5949999999999998,0.0,1.0,3.0,65.25,1982.0,1.2693403798824014,2070,15.0,,,,,,,
,22824,6.0,,519.126014246,,,1763425864.7404861,0.2,,1.6799999999999997,0.0,1.0,3.0,74.75,1988.0,1.5590542004689896,2076,15.0,,,,,,,
,22851,27.0,,519.768864673,,,1763425865.383235,0.2,,4.819999999999998,0.0,3.0,3.0,55.25,1989.0,2.1165183675082986,2077,40.0,,,,,,,
,22862,11.0,,520.036237003,,,1763425865.6506708,0.2,,3.01,0.0,0.0,3.0,40.25,1990.0,1.111013051228472,2078,28.0,,,,,,,
