robot_1/q_mean,total_kills_per_episode,total_charges_per_episode,robot_2/loss,robot_1/loss,robot_3/q_std,_timestamp,_runtime,robot_0/loss,survival_rate,total_agent_collisions_per_episode,robot_0/q_std,mean_final_energy,_step,robot_2/q_std,epsilon,episode_length,std_episode_reward,mean_episode_reward,robot_0/q_mean,episode,robot_3/loss,robot_3/q_mean,robot_1/q_std,robot_2/q_mean,global_step
,0.0,2.0,,,,1763449571.8210971,17.6034146,,2.0,1.0,,23.75,0,,1.0,4.0,0.35365060441062446,-0.4775,,0.0,,,,,4
,0.0,3.0,,,,1763449571.9905818,17.77218657,,3.0,1.0,,50.75,7,,0.9655206468094844,3.0,0.42255177197593197,-0.08999999999999997,,7.0,,,,,22
,0.0,0.0,,,,1763449571.9917605,17.773303949,,3.0,1.0,,49.0,8,,0.960693043575437,2.0,0.35002678468940057,-0.4925,,8.0,,,,,24
,0.0,1.0,,,,1763449571.9929833,17.774555086,,3.0,1.0,,61.5,9,,0.9558895783575597,2.0,0.5579146440092785,-0.2425,,9.0,,,,,26
,0.0,1.0,,,,1763449572.0256915,17.807173665,,3.0,0.0,,49.5,27,,0.8734200960253871,2.0,0.41685579041198406,-0.3625,,27.0,,,,,69
,1.0,1.0,,,,1763449572.0285087,17.810086852,,2.0,2.0,,23.5,28,,0.8690529955452602,4.0,0.2108909670896314,-0.605,,28.0,,,,,73
,0.0,1.0,,,,1763449572.0393434,17.820997761,,3.0,2.0,,50.75,33,,0.8475428503023453,2.0,0.42871902220452035,-0.35,,33.0,,,,,85
,0.0,3.0,,,,1763449572.0590544,17.84055433,,3.0,1.0,,39.25,41,,0.8142285204175609,3.0,0.48210476039964595,-0.20499999999999996,,41.0,,,,,104
,0.0,1.0,,,,1763449572.0675528,17.849128894,,3.0,2.0,,49.25,44,,0.8020760579717637,2.0,0.5448623679425842,-0.365,,44.0,,,,,111
,0.0,1.0,,,,1763449572.076783,17.858339438,,3.0,0.0,,61.5,47,,0.7901049725470279,2.0,0.5579146440092785,-0.2425,,47.0,,,,,118
,0.0,0.0,,,,1763449572.1121042,17.893593058,,3.0,0.0,,49.0,60,,0.7402609576967045,2.0,0.3500267846894006,-0.4925,,60.0,,,,,146
,0.0,1.0,,,,1763449572.1145766,17.896235232,,3.0,0.0,,49.25,61,,0.736559652908221,2.0,0.4146383966783588,-0.365,,61.0,,,,,148
,0.0,0.0,,,,1763449572.123,17.904631961,,3.0,2.0,,49.0,64,,0.7255664080186093,2.0,0.3500267846894006,-0.4925,,64.0,,,,,154
,0.0,0.0,,,,1763449572.149496,17.931145316,,2.0,0.0,,24.5,74,,0.6900935609921609,2.0,0.25,-0.74,,74.0,,,,,178
,0.0,3.0,,,,1763449572.1560986,17.937507651,,2.0,1.0,,24.5,77,,0.6797938283326578,3.0,0.414578098794425,-0.355,,77.0,,,,,186
,0.0,1.0,,,,1763449572.1785471,17.959901388,,3.0,0.0,,49.25,85,,0.653073201944699,2.0,0.4146383966783588,-0.365,,85.0,,,,,206
,0.0,3.0,,,,1763449572.1861944,17.96783055,,2.0,3.0,,27.0,88,,0.6433260027715241,4.0,0.6637394066951277,-0.31999999999999995,,88.0,,,,,214
,0.0,2.0,,,,1763449572.235375,18.016794712,,3.0,0.0,,74.25,102,,0.5997278763867329,2.0,0.7106686991840854,0.010000000000000007,,102.0,,,,,245
,0.0,1.0,,,,1763449572.241121,18.022461909,,2.0,0.0,,36.25,104,,0.5937455908197752,3.0,0.3465093793824346,-0.4875,,104.0,,,,,250
,0.0,2.0,,,,1763449572.2556357,18.037252901,,3.0,0.0,,49.5,109,,0.5790496471185967,2.0,0.7541675874764177,-0.2375,,109.0,,,,,261
,0.0,1.0,,,,1763449572.3041232,18.085751761,,3.0,1.0,,38.25,124,,0.5371084840724134,2.0,0.375066660741794,-0.475,,124.0,,,,,292
,0.0,3.0,,,,1763449572.3332338,18.114721528,,3.0,0.0,,51.0,133,,0.5134164023722473,2.0,0.5494258366695182,-0.09749999999999998,,133.0,,,,,313
,0.0,0.0,,,,1763449572.341919,18.123416099,,2.0,0.0,,36.75,136,,0.5057535983897912,2.0,0.41081473926820106,-0.6174999999999999,,136.0,,,,,319
,0.0,0.0,,,,1763449572.3627295,18.144346699,,1.0,1.0,,12.25,143,,0.4883155414435353,2.0,0.21650635094610965,-0.865,,143.0,,,,,333
,0.0,1.0,,,,1763449572.3746996,18.156130028,,3.0,0.0,,38.25,147,,0.47862223409330756,2.0,0.375066660741794,-0.475,,147.0,,,,,341
,0.0,1.0,,,,1763449572.3807435,18.162350586,,2.0,0.0,,37.0,149,,0.4738479773082268,2.0,0.5000499975002499,-0.49,,149.0,,,,,345
,0.0,2.0,,,,1763449572.3837054,18.165322476,,3.0,0.0,,38.5,150,,0.47147873742168567,2.0,0.43083494519363214,-0.3475,,150.0,,,,,347
,0.0,1.0,,,,1763449572.3963375,18.177900436,,1.0,1.0,,24.75,155,,0.4598090507939749,2.0,0.649519052838329,-0.615,,155.0,,,,,358
,0.0,0.0,,,,1763449572.4030569,18.184516804,,2.0,1.0,,36.75,157,,0.45522245551230495,2.0,0.41081473926820106,-0.6174999999999999,,157.0,,,,,362
,0.0,1.0,,,,1763449572.4169862,18.198547525,,3.0,0.0,,49.5,162,,0.4439551321314536,2.0,0.41685579041198406,-0.3625,,162.0,,,,,372
,0.0,1.0,,,,1763449572.4414341,18.223041851,,2.0,0.0,,26.0,170,,0.42650460709830135,2.0,0.4373785545725808,-0.6,,170.0,,,,,388
,0.0,0.0,,,,1763449572.4480968,18.229440559,,2.0,0.0,,24.5,172,,0.4222502236424958,2.0,0.25,-0.74,,172.0,,,,,392
,0.0,0.0,,,,1763449572.4537573,18.235369304,,3.0,0.0,,36.75,174,,0.4180382776616619,2.0,0.21650635094610965,-0.615,,174.0,,,,,396
,0.0,0.0,,,,1763449572.4746566,18.256278353,,2.0,1.0,,24.5,180,,0.40565285250151817,2.0,0.25,-0.74,,180.0,,,,,408
,0.0,3.0,,,,1763449572.5148687,18.296266539,,3.0,0.0,,28.25,193,,0.3800621177172763,3.0,0.5867069114984074,-0.31499999999999995,,193.0,,,,,436
,0.0,3.0,,,,1763449572.521403,18.302913812,,3.0,0.0,,38.0,195,,0.37627099809304654,3.0,0.569446002707895,-0.21749999999999997,,195.0,,,,,441
,0.0,0.0,,,,1763449572.530243,18.311876582,,2.0,0.0,,24.5,198,,0.3706551064126331,2.0,0.25,-0.74,,198.0,,,,,447
,0.0,0.0,,,,1763449572.5552578,18.336603194,,3.0,0.0,,61.5,203,,0.3614809303671764,2.0,0.41233329964968873,-0.3675,,203.0,,,,,458
,0.0,0.0,,,,1763449572.5882442,18.369834864,,2.0,0.0,,37.0,213,,0.3438081748424137,2.0,0.414578098794425,-0.615,,213.0,,,,,478
,0.0,0.0,,,,1763449572.5916877,18.37329557,,1.0,0.0,,24.5,214,,0.3420891339682016,2.0,0.4286825748732971,-0.7424999999999999,,214.0,,,,,480
,0.0,0.0,,,,1763449572.5946636,18.376128351,,2.0,0.0,,36.75,215,,0.3403786882983606,2.0,0.41081473926820106,-0.6174999999999999,,215.0,,,,,482
,0.0,0.0,,,,1763449572.6007986,18.382255466,,1.0,1.0,,12.25,217,,0.33698341088258443,2.0,0.21650635094610965,-0.865,,217.0,,,,,486
,0.0,2.0,,,,1763449572.6371129,18.418621418,,3.0,1.0,,38.5,228,,0.31890579420988907,2.0,0.43083494519363214,-0.3475,,228.0,,,,,509
,0.0,3.0,,,,1763449572.6531959,18.434758674,,3.0,0.0,,51.0,233,,0.31101247816653554,2.0,0.7462363901606515,-0.09749999999999998,,233.0,,,,,519
,0.0,1.0,,,,1763449572.6833975,18.464996926,,2.0,0.0,,37.0,242,,0.29729358661854943,2.0,0.5000499975002499,-0.49,,242.0,,,,,537
,0.0,0.0,,,,1763449572.705419,18.487019505,,1.0,2.0,,12.25,248,,0.2884855236625661,2.0,0.21650635094610965,-0.865,,248.0,,,,,549
,0.0,0.0,,,,1763449572.7165108,18.498021688,,3.0,0.0,,49.0,251,,0.28417984116121187,2.0,0.3500267846894006,-0.4925,,251.0,,,,,555
,0.0,0.0,,,,1763449572.7437003,18.525313837,,1.0,1.0,,12.25,259,,0.2730095965279488,2.0,0.21650635094610965,-0.865,,259.0,,,,,571
,0.0,1.0,,,,1763449572.7644296,18.546064189,,2.0,0.0,,26.0,265,,0.2649210072611673,2.0,0.4373785545725808,-0.6,,265.0,,,,,583
,0.0,0.0,,,,1763449572.7828841,18.564354659,,1.0,0.0,,24.75,270,,0.2583638820072446,2.0,0.4330127018922193,-0.74,,270.0,,,,,593
,0.0,1.0,,,,1763449572.7902699,18.571878384,,2.0,0.0,,37.0,272,,0.25578670228422234,2.0,0.5000499975002499,-0.49,,272.0,,,,,597
,0.0,1.0,,,,1763449572.7940936,18.575647306,,2.0,0.0,,26.0,273,,0.25450776877280124,2.0,0.4373785545725808,-0.6,,273.0,,,,,599
,0.0,1.0,,,,1763449572.7975693,18.579113307,,3.0,0.0,,38.25,274,,0.2532352299289372,2.0,0.375066660741794,-0.475,,274.0,,,,,601
,0.0,0.0,,,,1763449572.8165092,18.597945532,,2.0,1.0,,24.5,279,,0.24696734223472733,2.0,0.25,-0.74,,279.0,,,,,611
,0.0,1.0,,,,1763449572.8324516,18.614074764,,2.0,1.0,,24.75,283,,0.24206491716205145,2.0,0.4183524232032127,-0.6125,,283.0,,,,,620
,0.0,1.0,,,,1763449572.8643079,18.645926525,,2.0,0.0,,26.0,292,,0.231387331601191,2.0,0.4373785545725808,-0.6,,292.0,,,,,638
,0.0,2.0,,,,1763449572.9099193,18.691492884,,2.0,0.0,,38.5,302,,0.22007483514733558,2.0,0.6586349520030045,-0.35,,302.0,,,,,658
,0.0,2.0,,,,1763449572.9777293,18.75913514,,3.0,2.0,,39.75,321,,0.2000824143909432,2.0,0.44189930979805797,-0.33499999999999996,,321.0,,,,,696
,0.0,1.0,,,,1763449572.9879627,18.769388036,,2.0,1.0,,24.75,324,,0.19709615934585656,2.0,0.4183524232032127,-0.6125,,324.0,,,,,702
,0.0,2.0,,,,1763449572.9981658,18.779788958,,2.0,0.0,,38.5,327,,0.19415447453059972,2.0,0.6586349520030045,-0.35,,327.0,,,,,708
,0.0,1.0,,,,1763449573.0092087,18.790598899,,2.0,0.0,,26.0,330,,0.1912566947289212,2.0,0.4373785545725808,-0.6,,330.0,,,,,714
,0.0,0.0,,,,1763449573.017224,18.798790204,,1.0,1.0,,12.25,332,,0.18934890919900021,2.0,0.21650635094610965,-0.865,,332.0,,,,,718
,0.0,0.0,,,,1763449573.0349493,18.816420275,,1.0,1.0,,12.25,337,,0.1846622876013121,2.0,0.21650635094610965,-0.865,,337.0,,,,,728
,0.0,1.0,,,,1763449573.0455341,18.827136963,,2.0,0.0,,26.0,340,,0.18190617987607657,2.0,0.4373785545725808,-0.6,,340.0,,,,,734
,0.0,0.0,,,,1763449573.0953372,18.87696262,,2.0,1.0,,24.5,353,,0.17043057265153258,2.0,0.25,-0.74,,353.0,,,,,760
,0.0,0.0,,,,1763449573.0995333,18.881155981,,1.0,1.0,,12.25,354,,0.16957841978827493,2.0,0.21650635094610965,-0.865,,354.0,,,,,762
,0.0,1.0,,,,1763449573.1145086,18.896118779,,2.0,1.0,,24.75,358,,0.1662122034722543,2.0,0.4183524232032127,-0.6125,,358.0,,,,,770
,0.0,0.0,,,,1763449573.159427,18.941055081000002,,3.0,0.0,,49.0,370,,0.15650920157696743,2.0,0.3500267846894006,-0.4925,,370.0,,,,,794
,0.0,1.0,,,,1763449573.1769216,18.958522295,,2.0,1.0,,24.75,375,,0.1526354036900377,2.0,0.4183524232032127,-0.6124999999999999,,375.0,,,,,804
,0.0,0.0,,,,1763449573.2582846,19.039685591,,1.0,1.0,,12.25,396,,0.13738520790976036,2.0,0.21650635094610965,-0.865,,396.0,,,,,846
,0.0,0.0,,,,1763449573.2995632,19.081156916,,2.0,1.0,,37.0,405,,0.1313250884614265,2.0,0.414578098794425,-0.615,,405.0,,,,,864
,0.0,0.0,,,,1763449573.3034606,19.085036221,,1.0,1.0,,12.25,406,,0.13066846301911936,2.0,0.21650635094610965,-0.865,,406.0,,,,,866
,0.0,0.0,,,,1763449573.3072891,19.088705764,,1.0,1.0,,12.25,407,,0.13001512070402377,2.0,0.21650635094610965,-0.865,,407.0,,,,,868
,0.0,0.0,,,,1763449573.3551502,19.136570243,,1.0,1.0,,12.25,421,,0.12120401149972035,2.0,0.21650635094610965,-0.865,,421.0,,,,,896
,0.0,0.0,,,,1763449573.3691094,19.150671748,,2.0,0.0,,24.5,425,,0.11879805134519765,2.0,0.25,-0.74,,425.0,,,,,904
,0.0,1.0,,,,1763449573.382973,19.164312622,,2.0,0.0,,26.0,429,,0.11643985070121858,2.0,0.4373785545725808,-0.6,,429.0,,,,,912
,0.0,0.0,,,,1763449573.3863385,19.16783326,,1.0,0.0,,24.5,430,,0.11585765144771248,2.0,0.4286825748732971,-0.7424999999999999,,430.0,,,,,914
,0.0,0.0,,,,1763449573.428098,19.209410576,,1.0,1.0,,12.25,441,,0.10964241905397228,2.0,0.21650635094610965,-0.865,,441.0,,,,,936
,0.0,0.0,,,,1763449573.4480307,19.229352152,,1.0,1.0,,12.25,447,,0.1063939893092943,2.0,0.21650635094610965,-0.865,,447.0,,,,,948
,0.0,1.0,,,,1763449573.4581177,19.239491868,,2.0,1.0,,24.75,450,,0.10480604571960442,2.0,0.4183524232032127,-0.6124999999999999,,450.0,,,,,954
,0.0,1.0,,,,1763449573.480789,19.262208804,,2.0,0.0,,26.0,457,,0.10119240105273684,2.0,0.4373785545725808,-0.6,,457.0,,,,,968
,0.0,0.0,,,,1763449573.5307567,19.312353701,,1.0,1.0,,12.25,471,,0.0943346041173244,2.0,0.21650635094610965,-0.865,,471.0,,,,,996
,0.0,0.0,,,,1763449573.5346692,19.316100099,,1.0,1.0,,12.25,472,,0.09386293109673778,2.0,0.21650635094610965,-0.865,,472.0,,,,,998
,0.0,19.0,,,,1763449574.1971972,19.97919201,,3.0,0.0,,39.25,481,,0.09153970651645797,10.0,1.3765627482973668,1.8649999999999993,,477.0,,,,,1019
,0.0,17.0,,,,1763449576.0404701,21.822372418,,3.0,0.0,,66.25,490,,0.08750185146499175,5.0,0.8242724064288456,1.835,,486.0,,,,,1095
,0.0,37.0,,,,1763449580.6794903,26.461622811,,3.0,2.0,,62.5,497,,0.08448484422350626,12.0,1.6811510193911792,4.3675,,493.0,,,,,1290
,0.0,105.0,,,,1763449587.5107825,33.292957311,,3.0,4.0,,49.25,504,,0.08157186144027828,41.0,4.916962985420987,13.025,,500.0,,,,,1574
,0.0,46.0,,,,1763449587.8266509,33.608702351,,3.0,0.0,,62.5,505,,0.0811640021330769,13.0,1.1418269352226715,5.5024999999999995,,501.0,,,,,1587
,0.0,188.0,,,,1763449596.8838243,42.666115352,,3.0,3.0,,46.25,515,,0.07719590465791494,72.0,10.443493189541533,23.680000000000017,,511.0,,,,,1962
,0.0,408.0,,,,1763449601.0955625,46.877611249,,3.0,0.0,,75.0,522,,0.07604374613140748,113.0,2.3866857250170117,51.87749999999998,,514.0,,,,,2136
,0.0,821.0,,,,1763449620.7678998,66.550035727,,3.0,1.0,,55.25,530,,0.07305469791585968,230.0,3.8533005333090826,104.47500000000034,,522.0,,,,,2924
,,,0.004790836945176125,,,1763449622.1742673,67.95597363,,,,,,534,0.5986482501029968,,,,,,,,,,0.8654794692993164,3000
,0.0,402.0,,,,1763449644.2182136,90.000424461,,3.0,1.0,,75.0,539,,0.0712465030521374,107.0,1.277700571338991,51.06749999999999,,527.0,,,,,3912
,0.0,1236.0,,,,1763449666.990018,112.771998394,,3.0,0.0,,58.75,547,,0.06983222438783,335.0,1.7308740566546954,157.43500000000014,,531.0,,,,,4921
,,,0.014729474671185017,,,1763449667.8309717,113.612550819,,,,,,550,0.7726114988327026,,,,,,,,,,1.7676414251327515,5000
,0.0,166.0,,,,1763449679.4156568,125.197718342,,3.0,0.0,,75.0,555,,0.06844601986126451,47.0,1.87483832636311,20.96750000000001,,535.0,,,,,5506
,0.0,101.0,,,,1763449684.382322,130.164440355,,3.0,0.0,,60.0,559,,0.06708733218678724,28.0,1.0376746840893807,12.5025,,539.0,,,,,5712
,0.0,396.0,,,,1763449695.5035627,141.285684313,,3.0,1.0,,74.75,567,,0.06575561514114299,109.0,2.016810600924137,50.33500000000001,,543.0,,,,,6170
,0.0,161.0,,,,1763449696.4518428,142.233976922,,3.0,0.0,,55.0,568,,0.06542683706543727,43.0,0.7543333149211982,20.102500000000006,,544.0,,,,,6213
,0.0,143.0,,,,1763449704.589537,150.371625419,,3.0,0.0,,75.0,570,,0.06477420436570952,38.0,0.9630777486786871,18.0025,,546.0,,,,,6575
,0.0,119.0,,,,1763449708.7626615,154.544704198,,3.0,0.0,,70.0,573,,0.06380744126877576,32.0,1.5507316821423378,14.892499999999998,,549.0,,,,,6745
,,,,,0.419273316860199,1763449733.517333,179.2989733,,,,,,589,,,,,,,,0.02528602071106434,4.338752269744873,,,8000
,0.0,250.0,,,,1763449741.3982146,187.180286448,,3.0,1.0,,75.0,593,,0.06008254194952879,71.0,1.9052608089183058,31.707500000000017,,561.0,,,,,8405
,,,,,,1763449755.6910083,201.472859747,0.056942276656627655,,,0.6747104525566101,,595,,,,,,3.3197548389434814,,,,,,9000
,,,,,,1763449806.1059253,251.887693944,0.013262593187391758,,,1.2098191976547241,,612,,,,,,4.248793601989746,,,,,,11000
,,,0.01290429849177599,,,1763449806.118815,251.900518784,,,,,,614,1.6420071125030518,,,,,,,,,,4.559772968292236,11000
,,,,,,1763449853.710309,299.492306431,0.07717670500278473,,,1.762717604637146,,627,,,,,,4.704256057739258,,,,,,13000
,,,,,1.38145911693573,1763449853.7300684,299.511756234,,,,,,630,,,,,,,,0.3260766565799713,6.372048377990723,,,13000
6.746227264404297,,,,0.0192412119358778,,1763449878.08882,323.870585506,,,,,,636,,,,,,,,,,0.9276571273803711,,14000
,0.0,237.0,,,,1763449878.8832133,324.665308634,,3.0,0.0,,75.0,639,,0.05380914294022049,64.0,1.676683855114019,30.012500000000003,,583.0,,,,,14033
,0.0,332.0,,,,1763449880.5740235,326.355639485,,3.0,1.0,,55.75,640,,0.05354009722551939,97.0,6.832548938719705,42.025000000000006,,584.0,,,,,14130
7.3882365226745605,,,,0.0021642863284796476,,1763449891.8280637,337.609848322,,,,,,647,,,,,,,,,,0.608134925365448,,15000
,0.0,982.0,,,,1763449896.110723,341.892789356,,3.0,2.0,,64.75,650,,0.05195383849590569,270.0,5.574587428680277,125.09500000000051,,590.0,,,,,15173
,0.0,542.0,,,,1763449927.1715484,372.953789991,,3.0,0.0,,75.0,664,,0.0494138221100385,147.0,2.32002559253127,68.9675,,600.0,,,,,16443
,0.0,615.0,,,,1763449973.9170744,419.699188873,,3.0,0.0,,67.0,680,,0.047471515157588115,167.0,2.760130205262062,78.21250000000006,,608.0,,,,,18332
,0.0,273.0,,,,1763449985.7582476,431.540290266,,3.0,0.0,,55.75,684,,0.04652918187562211,76.0,1.552369157127274,34.440000000000005,,612.0,,,,,18818
,,,,,,1763449990.3604429,436.142456713,0.05312325805425644,,,2.327242374420166,,689,,,,,,7.352975845336914,,,,,,19000
,,,,,0.5006520748138428,1763449990.3813534,436.163120961,,,,,,692,,,,,,,,0.1883484125137329,9.624601364135742,,,19000
,0.0,98.0,,,,1763450005.3593352,451.141410918,,3.0,0.0,,75.0,698,,0.04425437624418858,28.0,1.8748383263630992,12.277499999999998,,622.0,,,,,19589
9.629119873046875,,,,0.0054210489615798,,1763450014.7701895,460.551924118,,,,,,702,,,,,,,,,,0.25964972376823425,,20000
,,,0.02231672778725624,,,1763450014.7767403,460.558389772,,,,,,703,1.1399186849594116,,,,,,,,,,8.914909362792969,20000
,0.0,483.0,,,,1763450023.8725932,469.654653792,,3.0,1.0,,66.25,707,,0.043159025252331236,130.0,3.4105608043252453,61.33499999999996,,627.0,,,,,20375
,,,,,,1763450064.060639,509.842719824,0.06114059314131737,,,2.7572343349456787,,721,,,,,,8.393696784973145,,,,,,22000
,0.0,617.0,,,,1763450065.2235827,511.005712229,,3.0,3.0,,62.5,725,,0.04104898613852031,168.0,4.80663798824082,78.4275000000001,,637.0,,,,,22040
10.590106964111328,,,,0.022965019568800926,,1763450089.821225,535.602917316,,,,,,729,,,,,,,,,,1.0829224586486816,,23000
,,,0.01920793578028679,,,1763450089.8276727,535.609351479,,,,,,730,0.0951341837644577,,,,,,,,,,10.2993803024292,23000
11.564985275268555,,,,0.06995338946580887,,1763450139.639796,585.421529256,,,,,,750,,,,,,,,,,0.8802808523178101,,25000
,0.0,1073.0,,,,1763450158.7068431,604.488976867,,3.0,2.0,,74.0,757,,0.037133343065552986,289.0,8.913417905046234,136.7525000000004,,657.0,,,,,25887
,,,,,1.1561741828918457,1763450161.5375001,607.319191847,,,,,,762,,,,,,,,0.4342118203639984,13.991804122924805,,,26000
,0.0,165.0,,,,1763450173.490469,619.272558983,,3.0,0.0,,53.25,767,,0.036033175291307735,49.0,3.163261765962473,20.645000000000007,,663.0,,,,,26494
,0.0,235.0,,,,1763450179.0219035,624.804457007,,3.0,0.0,,52.0,771,,0.035317898767708356,66.0,2.636013799281037,29.552500000000023,,667.0,,,,,26720
,0.0,300.0,,,,1763450184.9279084,630.709902469,,3.0,3.0,,59.75,773,,0.03496560272750046,108.0,16.9867161334968,38.175,,669.0,,,,,26970
,,,,,,1763450185.6652327,631.447035522,0.006773001980036497,,,0.26574960350990295,,774,,,,,,11.337234497070312,,,,,,27000
12.508840560913086,,,,0.005475437268614769,,1763450185.6719794,631.453688517,,,,,,775,,,,,,,,,,0.3552912175655365,,27000
,,,0.030521076172590256,,,1763450206.2766962,652.058166232,,,,,,788,0.715665340423584,,,,,,,,,,12.5257568359375,28000
,,,,,3.1173272132873535,1763450206.2807996,652.062295498,,,,,,789,,,,,,,,0.8554414510726929,14.701324462890625,,,28000
,0.0,586.0,,,,1763450223.4157598,669.197703787,,3.0,1.0,,75.0,797,,0.03227084302572862,158.0,3.020764596919123,74.57750000000007,,685.0,,,,,28720
,0.0,497.0,,,,1763450248.5799446,694.361913715,,3.0,4.0,,46.0,806,,0.03147209942303359,164.0,10.589210015388431,63.2225,,690.0,,,,,29840
,0.0,851.0,,,,1763450257.5705557,703.352590247,,3.0,2.0,,60.75,815,,0.030693125720441184,232.0,4.529608150822853,108.30000000000031,,695.0,,,,,30358
,,,,,2.0540339946746826,1763450281.4211626,727.202689452,,,,,,830,,,,,,,,2.929292917251587,19.33125877380371,,,32000
,,,0.019335826858878136,,,1763450297.2873273,743.069047923,,,,,,839,0.36626997590065,,,,,,,,,,14.24075984954834,33000
,,,,,2.7114288806915283,1763450321.6422262,767.423871729,,,,,,846,,,,,,,,3.734027862548828,21.338130950927734,,,34000
,0.0,714.0,,,,1763450374.527707,820.309930085,,3.0,0.0,,75.0,863,,0.027214167668287145,193.0,3.8245939326940346,90.92750000000018,,719.0,,,,,36170
,,,,,,1763450394.9139845,840.695935738,0.014739762991666794,,,0.1518145203590393,,865,,,,,,15.071722030639648,,,,,,37000
,0.0,439.0,,,,1763450404.981459,850.763694318,,3.0,0.0,,63.75,872,,0.02654058308574668,121.0,4.653821010739486,55.71999999999998,,724.0,,,,,37409
16.58289337158203,,,,0.014980349689722061,,1763450416.447573,862.229284225,,,,,,876,,,,,,,,,,1.1472114324569702,,38000
,0.0,1814.0,,,,1763450431.1214187,876.90343447,,3.0,2.0,,75.0,880,,0.02601373925779093,491.0,14.149647301257303,231.40749999999932,,728.0,,,,,38599
,1.0,597.0,,,,1763450453.2996917,899.081785462,,3.0,5.0,,49.25,894,,0.024741930939380097,190.0,22.755652594465495,76.0150000000001,,738.0,,,,,39496
,0.0,605.0,,,,1763450464.4942281,910.276260552,,3.0,1.0,,74.75,900,,0.024008889611965685,172.0,13.842891677680745,77.09000000000006,,744.0,,,,,39959
18.143798828125,,,,0.0065301889553666115,,1763450514.5644038,960.346095147,,,,,,916,,,,,,,,,,0.4886772632598877,,42000
,0.0,205.0,,,,1763450520.3555133,966.137469313,,3.0,0.0,,64.5,921,,0.022949847368015076,67.0,9.333558739837672,25.937500000000018,,753.0,,,,,42232
,0.0,1202.0,,,,1763450529.287983,975.070024499,,3.0,1.0,,75.0,922,,0.022835098131175,345.0,20.342935352352463,153.44750000000013,,754.0,,,,,42577
,0.0,299.0,,,,1763450556.7574923,1002.539490624,,3.0,0.0,,58.25,930,,0.022381810029994047,89.0,6.177396296175272,37.84500000000002,,758.0,,,,,43519
,0.0,125.0,,,,1763450561.1344404,1006.916466002,,3.0,2.0,,54.75,932,,0.022158551474944856,46.0,3.575856540746561,15.629999999999995,,760.0,,,,,43679
18.658674240112305,,,,0.04915453866124153,,1763450569.7703764,1015.552110277,,,,,,938,,,,,,,,,,0.6239323019981384,,44000
,0.0,723.0,,,,1763450573.5226982,1019.304880498,,3.0,3.0,,51.75,941,,0.021610099696926857,223.0,18.506446174239045,92.12000000000023,,765.0,,,,,44135
,0.0,149.0,,,,1763450574.8259938,1020.611961686,,3.0,1.0,,66.75,942,,0.021502049198442223,46.0,3.5134100244634188,18.750000000000004,,766.0,,,,,44181
,0.0,797.0,,,,1763450594.4515643,1040.233626163,,3.0,1.0,,75.0,948,,0.020864997436994256,255.0,24.50119933289005,101.92250000000033,,772.0,,,,,44959
,0.0,1263.0,,,,1763450610.493434,1056.275486281,,3.0,1.0,,58.25,956,,0.020450816818411825,334.0,3.9442267936820765,160.79500000000002,,776.0,,,,,45883
,0.0,405.0,,,,1763450630.5696418,1076.35144607,,3.0,3.0,,72.5,965,,0.019944633602480003,119.0,11.56798248399431,51.53750000000001,,781.0,,,,,46808
,0.0,581.0,,,,1763450645.7843168,1091.566376363,,3.0,1.0,,49.5,974,,0.019450979052291272,227.0,21.256734668100073,74.38750000000009,,786.0,,,,,47717
,,,,,5.333709716796875,1763450650.6260097,1096.407684447,,,,,,980,,,,,,,,22.344833374023438,35.97566604614258,,,48000
,0.0,299.0,,,,1763450651.9677255,1097.749879661,,3.0,4.0,,40.5,981,,0.019160670758563442,134.0,14.11909588996407,38.11749999999997,,789.0,,,,,48055
,0.0,553.0,,,,1763450662.1725817,1107.954711262,,3.0,1.0,,74.75,985,,0.018780321875645996,180.0,29.74240491285125,70.67000000000016,,793.0,,,,,48472
,0.0,435.0,,,,1763450666.4127178,1112.194738331,,3.0,3.0,,73.5,986,,0.018686420266267767,170.0,23.365452461914764,55.80750000000002,,794.0,,,,,48642
,0.0,156.0,,,,1763450679.1629305,1124.944902152,,3.0,1.0,,74.75,994,,0.01831548549245123,44.0,2.4919921749475904,19.68500000000001,,798.0,,,,,49158
,0.0,97.0,,,,1763450679.9926114,1125.77465519,,3.0,0.0,,75.0,995,,0.018223908064988973,35.0,7.448910574708223,12.2225,,799.0,,,,,49193
,0.0,603.0,,,,1763450689.1469002,1134.929017235,,3.0,3.0,,74.75,997,,0.018042124582040707,190.0,15.858062618113317,77.02000000000004,,801.0,,,,,49507
,0.0,490.0,,,,1763450700.7381597,1146.52012166,,3.0,3.0,,57.5,1000,,0.017772843617388175,168.0,24.484152400073032,62.50250000000008,,804.0,,,,,49938
,,,1.3127726316452026,,,1763450702.7126768,1148.494421479,,,,,,1004,1.3529406785964966,,,,,,,,,,19.712055206298828,50000
20.51735496520996,,,,0.13817276060581207,,1763450724.020345,1169.80203327,,,,,,1015,,,,,,,,,,3.6038894653320312,,51000
,0.0,1050.0,,,,1763450738.1298065,1183.912066859,,3.0,2.0,,60.5,1020,,0.016735314893855303,342.0,35.37192557311475,134.27250000000035,,816.0,,,,,51576
,0.0,974.0,,,,1763450766.8555102,1212.637738139,,3.0,3.0,,75.0,1031,,0.01615829206087557,327.0,62.09599438570884,124.76750000000004,,823.0,,,,,52697
22.037933349609375,,,,0.13898952305316925,,1763450774.4443216,1220.225941484,,,,,,1035,,,,,,,,,,2.103456497192383,,53000
,0.0,425.0,,,,1763450776.7053554,1222.487309568,,3.0,1.0,,71.25,1038,,0.015917127532080494,135.0,13.129106024402434,54.18500000000001,,826.0,,,,,53094
,0.0,324.0,,,,1763450786.5765634,1232.358453633,,3.0,1.0,,75.0,1040,,0.01575835418494799,91.0,4.483443849319372,41.157499999999985,,828.0,,,,,53493
,0.0,298.0,,,,1763450817.3684132,1263.150445217,,3.0,1.0,,72.75,1050,,0.01529147369377279,138.0,29.380587553689256,38.35499999999997,,834.0,,,,,54672
,,,0.03363146260380745,,,1763450825.4455895,1271.227202454,,,,,,1053,0.6270454525947571,,,,,,,,,,21.435197830200195,55000
,0.0,987.0,,,,1763450844.5465503,1290.328547321,,3.0,7.0,,61.75,1058,,0.014987930304771725,358.0,69.11618949276635,126.56999999999977,,838.0,,,,,55781
,0.0,593.0,,,,1763450849.4947383,1295.276883555,,3.0,1.0,,75.0,1059,,0.014912990653247866,200.0,38.38950076192721,75.87250000000019,,839.0,,,,,55981
,0.0,322.0,,,,1763450888.482397,1334.264388599,,3.0,1.0,,74.5,1082,,0.013832827362230486,102.0,8.178940564033946,41.012500000000024,,854.0,,,,,57506
,0.0,294.0,,,,1763450890.8238118,1336.605793186,,3.0,1.0,,64.0,1083,,0.013763663225419333,96.0,8.08741421901959,37.34750000000002,,855.0,,,,,57602
,,,,,10.439786911010742,1763450900.6193569,1346.400970268,,,,,,1091,,,,,,,,6.457545757293701,40.62992858886719,,,58000
,0.0,1406.0,,,,1763450910.437469,1356.219520838,,4.0,2.0,,71.25,1093,,0.01335588042198471,500.0,100.66448836978168,180.46249999999918,,861.0,,,,,58612
23.91452407836914,,,,0.0863945260643959,,1763450945.0927708,1390.874475831,,,,,,1103,,,,,,,,,,2.8049049377441406,,60000
,0.0,861.0,,,,1763450951.6266541,1397.40878272,,3.0,2.0,,59.75,1106,,0.01302530572838545,296.0,45.31466263804722,110.18000000000026,,866.0,,,,,60268
,0.0,104.0,,,,1763450952.4336562,1398.215701508,,3.0,1.0,,60.0,1107,,0.012960179199743523,33.0,3.373658066550312,12.927500000000002,,867.0,,,,,60301
,0.0,712.0,,,,1763450982.1101441,1427.892040149,,3.0,2.0,,48.25,1118,,0.012513320603703188,301.0,55.068891853750074,91.49000000000022,,874.0,,,,,61794
,0.0,548.0,,,,1763450991.676689,1437.458726877,,3.0,2.0,,68.25,1125,,0.012326557729527843,169.0,20.420659881600415,69.87000000000005,,877.0,,,,,62351
,0.0,992.0,,,,1763451016.3093414,1462.091454074,,3.0,3.0,,75.0,1133,,0.01208186940302195,340.0,67.81057269150583,127.14749999999988,,881.0,,,,,63338
,0.0,44.0,,,,1763451045.7626026,1491.544619064,,3.0,0.0,,75.0,1145,,0.011606967888870102,14.0,3.0354190402644567,5.387499999999998,,889.0,,,,,64560
,0.0,438.0,,,,1763451081.9116747,1527.693752883,,3.0,1.0,,42.0,1164,,0.01098430721937979,129.0,11.341927470672708,55.45749999999999,,900.0,,,,,66026
,0.0,1662.0,,,,1763451094.2861192,1540.068189148,,4.0,3.0,,87.5,1165,,0.010929385683282892,500.0,47.76428451259322,212.62499999999986,,901.0,,,,,66526
,,,,,9.97195053100586,1763451106.7529185,1552.534627851,,,,,,1172,,,,,,,,9.237653732299805,48.38580322265625,,,67000
,0.0,752.0,,,,1763451108.3675253,1554.149997347,,3.0,0.0,,59.5,1173,,0.01071243191960775,211.0,4.457192922681311,95.70250000000024,,905.0,,,,,67054
29.04582977294922,,,,0.03200457990169525,,1763451137.455697,1583.237441369,,,,,,1181,,,,,,,,,,3.261629104614258,,68000
,0.0,667.0,,,,1763451149.5730958,1595.355591105,,3.0,3.0,,75.0,1186,,0.010239902030817916,239.0,29.611737854270167,85.51250000000012,,914.0,,,,,68471
,0.0,1466.0,,,,1763451162.544439,1608.326520831,,4.0,3.0,,98.75,1188,,0.010137759008060509,500.0,105.56458553298008,188.23749999999885,,916.0,,,,,69000
,0.0,55.0,,,,1763451171.372194,1617.154283821,,3.0,0.0,,70.0,1197,,0.01,18.0,3.5457395208898235,6.7524999999999995,,921.0,,,,,69359
,0.0,9.0,,,,1763451171.450962,1617.232798421,,3.0,0.0,,65.0,1198,,0.01,3.0,0.8266007198158007,0.8025,,922.0,,,,,69362
,0.0,268.0,,,,1763451204.2110515,1649.993092874,,3.0,0.0,,53.75,1213,,0.01,98.0,9.1242492841877,34.01500000000002,,933.0,,,,,70678
,0.0,55.0,,,,1763451204.8684528,1650.650332701,,3.0,1.0,,70.0,1215,,0.01,18.0,3.5457395208898235,6.7524999999999995,,935.0,,,,,70703
,0.0,296.0,,,,1763451217.050362,1662.832448338,,3.0,1.0,,56.25,1222,,0.01,100.0,10.371935692048975,37.559999999999995,,938.0,,,,,71184
,0.0,480.0,,,,1763451230.8761296,1676.65813468,,3.0,1.0,,32.75,1226,,0.01,178.0,18.77201307798404,61.10500000000012,,942.0,,,,,71738
,0.0,21.0,,,,1763451233.7283309,1679.510319718,,3.0,1.0,,48.75,1230,,0.01,9.0,0.6121682775185268,2.2,,946.0,,,,,71851
29.265111923217773,,,,1.3074758052825928,,1763451237.3421984,1683.12389318,,,,,,1232,,,,,,,,,,2.3109242916107178,,72000
,,,,,7.39151668548584,1763451237.3548324,1683.136492928,,,,,,1234,,,,,,,,2.9745936393737793,51.167720794677734,,,72000
,0.0,59.0,,,,1763451254.42172,1700.203672915,,3.0,0.0,,55.0,1245,,0.01,21.0,4.641822783131643,7.132500000000001,,957.0,,,,,72855
,,,0.029646195471286774,,,1763451258.094146,1703.875896437,,,,,,1249,2.9934897422790527,,,,,,,,,,26.841028213500977,73000
,0.0,314.0,,,,1763451268.0558388,1713.837768032,,3.0,0.0,,43.0,1254,,0.01,104.0,12.66340668027369,39.717500000000015,,962.0,,,,,73400
,0.0,1822.0,,,,1763451306.6737893,1752.455798604,,4.0,3.0,,88.75,1271,,0.01,500.0,5.137530413535026,232.6374999999992,,971.0,,,,,75025
,0.0,132.0,,,,1763451321.7931485,1767.575139107,,3.0,4.0,,51.0,1276,,0.01,48.0,6.110287943296942,16.487499999999994,,976.0,,,,,75871
,0.0,1336.0,,,,1763451364.9410222,1810.722960436,,3.0,4.0,,58.75,1291,,0.01,411.0,33.70446446689153,170.69499999999996,,983.0,,,,,77608
,0.0,84.0,,,,1763451386.338729,1832.120498773,,3.0,0.0,,54.25,1299,,0.01,26.0,2.5672261295024215,10.299999999999999,,987.0,,,,,78486
,,,,,7.1317644119262695,1763451399.0473661,1844.829024725,,,,,,1305,,,,,,,,3.0791850090026855,51.284034729003906,,,79000
30.523963928222656,,,,0.18033847212791443,,1763451450.2252138,1896.006748117,,,,,,1324,,,,,,,,,,6.839100360870361,,81000
,0.0,382.0,,,,1763451454.0136933,1899.795730292,,3.0,1.0,,69.5,1328,,0.01,142.0,23.210209364630916,48.86249999999999,,1004.0,,,,,81164
,0.0,113.0,,,,1763451472.2482858,1918.030305477,,3.0,1.0,,70.0,1339,,0.01,56.0,13.609546970784896,14.382500000000013,,1015.0,,,,,81907
,,,,,,1763451474.5421503,1920.324100876,0.020706038922071457,,,5.726199626922607,,1340,,,,,,28.99648666381836,,,,,,82000
33.21879577636719,,,,0.07043543457984924,,1763451499.433477,1945.215085254,,,,,,1349,,,,,,,,,,1.3741782903671265,,83000
,0.0,382.0,,,,1763451504.5216653,1950.303763953,,3.0,0.0,,74.75,1353,,0.01,120.0,14.70527201380507,48.69499999999999,,1021.0,,,,,83294
,0.0,511.0,,,,1763451531.2072396,1976.989301106,,3.0,3.0,,62.25,1363,,0.01,172.0,30.146559090549705,65.21500000000012,,1027.0,,,,,84584
,,,,,,1763451541.4752486,1987.257246506,0.29270023107528687,,,2.622476577758789,,1365,,,,,,30.03767967224121,,,,,,85000
33.64051055908203,,,,0.28176453709602356,,1763451541.4820755,1987.263872939,,,,,,1366,,,,,,,,,,2.818204879760742,,85000
,0.0,656.0,,,,1763451550.5128164,1996.294644738,,3.0,2.0,,47.75,1370,,0.01,269.0,51.482428312969354,84.16500000000023,,1030.0,,,,,85455
,0.0,128.0,,,,1763451551.0115857,1996.793359227,,3.0,2.0,,61.25,1371,,0.01,45.0,6.291744591128921,16.060000000000002,,1031.0,,,,,85500
,0.0,235.0,,,,1763451572.9532156,2018.735244812,,3.0,0.0,,75.0,1380,,0.01,63.0,2.682353211268061,29.75250000000002,,1036.0,,,,,86481
,0.0,1032.0,,,,1763451579.756552,2025.53862498,,3.0,2.0,,60.25,1381,,0.01,270.0,3.810793880545099,131.3000000000005,,1037.0,,,,,86751
,0.0,540.0,,,,1763451589.6742415,2035.456329228,,3.0,0.0,,59.5,1388,,0.01,153.0,4.284573345153504,68.62250000000004,,1040.0,,,,,87154
,0.0,1074.0,,,,1763451598.0912635,2043.873315726,,3.0,0.0,,65.0,1389,,0.01,344.0,46.53114031216085,137.3375000000003,,1041.0,,,,,87498
,0.0,1545.0,,,,1763451611.2677019,2057.049761648,,4.0,0.0,,85.75,1395,,0.01,500.0,37.74978038015628,197.98249999999993,,1043.0,,,,,88029
,0.0,19.0,,,,1763451613.754203,2059.536087678,,3.0,0.0,,74.75,1397,,0.01,6.0,0.8975800799928659,2.1799999999999997,,1045.0,,,,,88131
,0.0,196.0,,,,1763451616.7910223,2062.57309239,,3.0,2.0,,42.25,1399,,0.01,64.0,10.188775686999897,24.560000000000006,,1047.0,,,,,88253
,0.0,199.0,,,,1763451620.4773095,2066.25939042,,3.0,0.0,,56.0,1401,,0.01,54.0,1.5870156741507155,24.97250000000001,,1049.0,,,,,88403
33.91612243652344,,,,0.04884869605302811,,1763451635.1892915,2080.970935262,,,,,,1405,,,,,,,,,,2.9950809478759766,,89000
34.791603088378906,,,,0.10018229484558105,,1763451655.846269,2101.628084447,,,,,,1418,,,,,,,,,,1.6553821563720703,,90000
,0.0,34.0,,,,1763451661.8283405,2107.61033193,,3.0,0.0,,73.75,1425,,0.01,11.0,2.029267109081503,4.095000000000001,,1065.0,,,,,90246
,0.0,252.0,,,,1763451664.112501,2109.894588409,,3.0,1.0,,61.75,1426,,0.01,93.0,13.957328720066688,32.04500000000003,,1066.0,,,,,90339
,0.0,469.0,,,,1763451679.5301278,2125.312184481,,3.0,1.0,,65.0,1432,,0.01,147.0,20.481168637311676,59.74250000000001,,1072.0,,,,,90968
,,,,,,1763451680.3535573,2126.135471954,0.06548001617193222,,,3.153770685195923,,1433,,,,,,31.241519927978516,,,,,,91000
35.357460021972656,,,,0.04357758164405823,,1763451680.3601604,2126.141886907,,,,,,1434,,,,,,,,,,1.766148567199707,,91000
,,,0.08797051757574081,,,1763451706.4844043,2152.266073439,,,,,,1447,0.9712203741073608,,,,,,,,,,32.79859161376953,92000
,0.0,125.0,,,,1763451717.363417,2163.145503027,,3.0,1.0,,63.75,1452,,0.01,42.0,7.997690291577944,15.680000000000007,,1084.0,,,,,92610
,0.0,297.0,,,,1763451721.3747182,2167.156550069,,3.0,2.0,,55.75,1455,,0.01,169.0,30.36426106461346,38.369999999999976,,1087.0,,,,,92920
,,,,,,1763451722.2909355,2168.07275262,0.15647540986537933,,,1.4515353441238403,,1456,,,,,,32.534149169921875,,,,,,93000
35.70295715332031,,,,0.07277943193912506,,1763451722.2941337,2168.075722907,,,,,,1457,,,,,,,,,,0.48047393560409546,,93000
,0.0,1147.0,,,,1763451731.9055278,2177.687544436,,3.0,1.0,,65.0,1461,,0.01,374.0,23.168988297937915,146.76250000000041,,1089.0,,,,,93400
,0.0,765.0,,,,1763451750.8454852,2196.627513951,,3.0,1.0,,62.75,1468,,0.01,258.0,13.056326052914118,97.83000000000034,,1092.0,,,,,94129
,0.0,1246.0,,,,1763451813.2669685,2259.049068832,,3.0,2.0,,53.5,1488,,0.01,422.0,35.210273625036855,159.50249999999997,,1104.0,,,,,96312
,0.0,39.0,,,,1763451882.1934,2327.975375533,,3.0,2.0,,63.5,1514,,0.01,14.0,2.4300964487032197,4.647500000000001,,1118.0,,,,,99110
,0.0,94.0,,,,1763451882.9849458,2328.766942285,,3.0,3.0,,75.0,1515,,0.01,33.0,7.241375473623778,11.8275,,1119.0,,,,,99143
,0.0,97.0,,,,1763451883.785227,2329.567284972,,3.0,3.0,,70.75,1516,,0.01,32.0,4.625294585212923,12.149999999999999,,1120.0,,,,,99175
,,,,,,1763451903.9196928,2349.701642799,0.22470246255397797,,,2.2784337997436523,,1519,,,,,,34.059112548828125,,,,,,100000
,,,0.16797104477882385,,,1763451903.9328973,2349.714559867,,,,,,1521,6.539124011993408,,,,,,,,,,33.834938049316406,100000
,,,,,8.86892032623291,1763451903.9393651,2349.721064305,,,,,,1522,,,,,,,,1.0577545166015625,52.293724060058594,,,100000
,0.0,1306.0,,,,1763451904.6047976,2350.3869228,,4.0,4.0,,80.5,1523,,0.01,500.0,84.35815209569157,168.05499999999986,,1123.0,,,,,100029
,0.0,263.0,,,,1763451906.5613267,2352.343388746,,3.0,3.0,,75.0,1524,,0.01,79.0,8.069387755585899,33.41250000000001,,1124.0,,,,,100108
,0.0,771.0,,,,1763451912.1075804,2357.889606993,,3.0,1.0,,75.0,1525,,0.01,231.0,31.550673824024972,98.4325000000003,,1125.0,,,,,100339
,0.0,529.0,,,,1763451917.1191075,2362.901150204,,3.0,1.0,,57.25,1527,,0.01,182.0,27.86836064428618,67.51500000000014,,1127.0,,,,,100548
,0.0,291.0,,,,1763451924.8956277,2370.677705904,,3.0,2.0,,57.5,1529,,0.01,115.0,19.07045538916153,37.09749999999998,,1129.0,,,,,100872
,0.0,628.0,,,,1763451929.762441,2375.544522318,,3.0,2.0,,75.0,1534,,0.01,201.0,34.79387544884886,80.25750000000023,,1130.0,,,,,101073
,0.0,1054.0,,,,1763451949.1720085,2394.954187048,,3.0,5.0,,75.0,1536,,0.01,306.0,32.34818416464821,134.55750000000018,,1132.0,,,,,101879
,0.0,179.0,,,,1763451957.3606465,2403.142713157,,3.0,3.0,,63.25,1542,,0.01,60.0,7.567081669970274,22.605000000000018,,1134.0,,,,,102218
,0.0,1510.0,,,,1763451967.483052,2413.264942858,,3.0,3.0,,63.25,1543,,0.01,474.0,27.34357054226774,193.11999999999944,,1135.0,,,,,102692
38.56684112548828,,,,0.12870332598686218,,1763451973.3943808,2419.176073925,,,,,,1545,,,,,,,,,,1.0130726099014282,,103000
,,,0.2916479706764221,,,1763451973.4011197,2419.18277719,,,,,,1546,3.5063133239746094,,,,,,,,,,34.843017578125,103000
,0.0,1380.0,,,,1763452018.1612573,2463.943381143,,3.0,2.0,,73.75,1558,,0.01,487.0,36.425443374102485,177.10499999999993,,1142.0,,,,,104841
,0.0,304.0,,,,1763452021.0133927,2466.795457548,,3.0,10.0,,54.5,1559,,0.01,117.0,16.070414392603556,38.712500000000055,,1143.0,,,,,104958
,,,,,8.199955940246582,1763452022.0607753,2467.842456972,,,,,,1563,,,,,,,,0.3995918929576874,53.720523834228516,,,105000
,0.0,1160.0,,,,1763452032.3087623,2478.090954741,,3.0,5.0,,64.75,1566,,0.01,402.0,72.30052057212272,148.66499999999982,,1146.0,,,,,105426
,,,,,,1763452046.2183933,2492.000314297,0.11848270893096924,,,1.885092854499817,,1570,,,,,,35.52147674560547,,,,,,106000
39.287776947021484,,,,0.13372431695461273,,1763452046.2246337,2492.006303206,,,,,,1571,,,,,,,,,,0.8310830593109131,,106000
,0.0,401.0,,,,1763452067.5534742,2513.335517709,,3.0,0.0,,75.0,1576,,0.01,113.0,10.909457766085321,51.00249999999997,,1152.0,,,,,106909
,0.0,1276.0,,,,1763452090.702419,2536.484389633,,3.0,1.0,,62.5,1588,,0.01,342.0,7.038644667121642,162.54249999999996,,1156.0,,,,,108066
,0.0,499.0,,,,1763452093.9925797,2539.774765971,,3.0,1.0,,72.5,1589,,0.01,135.0,3.7326959091252188,63.44749999999999,,1157.0,,,,,108201
,0.0,615.0,,,,1763452125.6010332,2571.38306595,,3.0,2.0,,66.25,1597,,0.01,190.0,24.903703037902005,78.43500000000014,,1161.0,,,,,109615
,1.0,183.0,,,,1763452155.2094646,2600.99149517,,3.0,1.0,,63.5,1607,,0.01,54.0,5.424976382437083,23.047500000000024,,1167.0,,,,,110830
,,,,,,1763452159.3682873,2605.150274162,0.0676455944776535,,,0.9514951109886169,,1609,,,,,,37.105621337890625,,,,,,111000
39.5030517578125,,,,0.16554886102676392,,1763452159.3750517,2605.156905831,,,,,,1610,,,,,,,,,,2.150949001312256,,111000
,,,,,4.673294544219971,1763452159.3875518,2605.169027849,,,,,,1612,,,,,,,,2.98958420753479,54.35926818847656,,,111000
,0.0,281.0,,,,1763452193.8628407,2639.64492956,,3.0,0.0,,75.0,1626,,0.01,75.0,3.0698157518000846,35.62250000000004,,1178.0,,,,,112427
,0.0,258.0,,,,1763452215.170292,2660.952254576,,3.0,0.0,,57.0,1638,,0.01,78.0,8.708577309182033,32.59750000000001,,1186.0,,,,,113311
,0.0,554.0,,,,1763452241.5584748,2687.34047559,,3.0,2.0,,51.25,1648,,0.01,171.0,9.819905804028917,70.47000000000006,,1192.0,,,,,114392
,0.0,517.0,,,,1763452250.055768,2695.837784575,,3.0,1.0,,57.0,1653,,0.01,185.0,25.089341736083906,66.04250000000013,,1197.0,,,,,114744
,,,,,,1763452256.2504232,2702.032390784,0.10699909180402756,,,1.2710111141204834,,1656,,,,,,38.06224822998047,,,,,,115000
,0.0,991.0,,,,1763452286.6552706,2732.437477267,,3.0,17.0,,73.75,1675,,0.01,314.0,21.533544761603757,126.75000000000028,,1211.0,,,,,116226
,0.0,45.0,,,,1763452310.9812045,2756.763118663,,3.0,0.0,,75.0,1687,,0.01,12.0,1.0868618817494695,5.492499999999999,,1219.0,,,,,117220
,,,,,,1763452325.7988372,2771.580757702,0.7199482917785645,,,2.874587297439575,,1690,,,,,,38.07440185546875,,,,,,118000
,0.0,1280.0,,,,1763452355.412839,2801.194940129,,3.0,4.0,,75.0,1706,,0.01,378.0,33.562870389017,163.52749999999997,,1230.0,,,,,119183
,,,0.11891549825668335,,,1763452399.3223972,2845.104049907,,,,,,1732,3.1659388542175293,,,,,,,,,,39.34100341796875,121000
,,,,,,1763452446.143659,2891.925482288,0.10085169970989227,,,2.2595503330230713,,1745,,,,,,38.660255432128906,,,,,,123000
,0.0,505.0,,,,1763452452.967448,2898.749549299,,3.0,1.0,,62.25,1753,,0.01,134.0,2.590371594964673,64.08499999999998,,1261.0,,,,,123284
,0.0,64.0,,,,1763452453.5051308,2899.287278621,,3.0,0.0,,63.5,1754,,0.01,22.0,3.8798026689510885,7.852499999999999,,1262.0,,,,,123306
,0.0,1199.0,,,,1763452471.4123611,2917.194306716,,3.0,2.0,,63.75,1762,,0.01,362.0,24.256202299618028,153.1300000000001,,1266.0,,,,,124219
,0.0,3.0,,,,1763452475.4569466,2921.238869437,,3.0,0.0,,63.25,1765,,0.01,2.0,0.711143445445432,0.025000000000000022,,1269.0,,,,,124393
,0.0,675.0,,,,1763452487.956364,2933.73859903,,3.0,1.0,,48.5,1768,,0.01,205.0,14.658559572823073,85.90750000000024,,1272.0,,,,,124909
,,,,,,1763452490.3397577,2936.121955,0.06160815805196762,,,0.936221718788147,,1770,,,,,,39.287139892578125,,,,,,125000
,,,,,9.43205451965332,1763452490.3646774,2936.146410007,,,,,,1773,,,,,,,,0.5646770596504211,53.67216873168945,,,125000
,0.0,296.0,,,,1763452504.6522586,2950.434170574,,3.0,0.0,,63.5,1777,,0.01,87.0,6.325355227178948,37.50250000000001,,1277.0,,,,,125552
,0.0,447.0,,,,1763452508.7832615,2954.565419447,,3.0,0.0,,48.25,1780,,0.01,146.0,5.1642739083050015,56.81500000000004,,1280.0,,,,,125721
,0.0,593.0,,,,1763452532.7199965,2978.501985843,,3.0,1.0,,32.75,1789,,0.01,202.0,35.97240678631343,75.47000000000017,,1285.0,,,,,126711
,,,,,,1763452564.176451,3009.958615008,0.0753406435251236,,,1.453434944152832,,1805,,,,,,40.218780517578125,,,,,,128000
,0.0,40.0,,,,1763452591.8997426,3037.681744934,,3.0,0.0,,54.0,1818,,0.01,17.0,3.4126629997701214,4.7075000000000005,,1302.0,,,,,129187
,0.0,478.0,,,,1763452594.066868,3039.848697959,,3.0,2.0,,61.25,1819,,0.01,137.0,3.8256045273917225,60.730000000000004,,1303.0,,,,,129324
,,,,,,1763452608.3831081,3054.16509009,0.5864511728286743,,,4.322904109954834,,1823,,,,,,40.06188201904297,,,,,,130000
,,,,,,1763452657.6604064,3103.442409363,0.06179139018058777,,,3.4515275955200195,,1851,,,,,,40.39540481567383,,,,,,132000
,0.0,68.0,,,,1763452660.6686175,3106.45042775,,3.0,1.0,,74.75,1856,,0.01,19.0,1.6431752797556303,8.434999999999999,,1328.0,,,,,132126
,1.0,745.0,,,,1763452684.280503,3130.062564154,,3.0,2.0,,66.25,1868,,0.01,234.0,39.72127169414403,95.12500000000041,,1336.0,,,,,133098
,0.0,53.0,,,,1763452698.0090368,3143.791036859,,3.0,0.0,,56.25,1873,,0.01,15.0,1.4547937998218152,6.334999999999999,,1341.0,,,,,133666
,0.0,231.0,,,,1763452703.7090168,3149.491065616,,3.0,5.0,,67.0,1875,,0.01,87.0,11.17178673042053,29.412500000000012,,1343.0,,,,,133911
,,,,,,1763452705.9306078,3151.712402822,0.04203840717673302,,,6.0831217765808105,,1876,,,,,,39.05891799926758,,,,,,134000
42.71405792236328,,,,0.08824488520622253,,1763452705.937136,3151.718787408,,,,,,1877,,,,,,,,,,2.7328498363494873,,134000
,,,,,9.233381271362305,1763452705.9504216,3151.732080615,,,,,,1879,,,,,,,,3.7770752906799316,55.306983947753906,,,134000
,,,,,,1763452731.2015622,3176.983272586,0.06527376174926758,,,2.297316074371338,,1886,,,,,,40.614139556884766,,,,,,135000
43.313392639160156,,,,0.06490710377693176,,1763452755.4494638,3201.231114713,,,,,,1895,,,,,,,,,,1.3387538194656372,,136000
,,,0.05102895572781563,,,1763452755.4559245,3201.237570878,,,,,,1896,4.96132230758667,,,,,,,,,,40.43436813354492,136000
,0.0,211.0,,,,1763452769.5186012,3215.300290895,,3.0,1.0,,34.75,1902,,0.01,75.0,8.702680621509673,26.470000000000002,,1358.0,,,,,136595
,0.0,1235.0,,,,1763452774.2574372,3220.03949919,,3.0,1.0,,61.0,1903,,0.01,372.0,21.258836251074193,157.70250000000044,,1359.0,,,,,136967
,,,0.6974519491195679,,,1763452775.0780334,3220.859782025,,,,,,1906,2.4370710849761963,,,,,,,,,,41.513710021972656,137000
,0.0,451.0,,,,1763452781.5430524,3227.324922467,,3.0,0.0,,45.0,1909,,0.01,149.0,15.493136181870993,57.31250000000002,,1361.0,,,,,137273
,,,0.13505205512046814,,,1763452799.1822913,3244.963963639,,,,,,1918,2.7700300216674805,,,,,,,,,,42.01138687133789,138000
,0.0,542.0,,,,1763452802.613736,3248.395717462,,3.0,0.0,,43.5,1920,,0.01,152.0,8.514538669240963,68.70250000000006,,1368.0,,,,,138139
,,,,,8.954801559448242,1763452823.4758196,3269.257418318,,,,,,1930,,,,,,,,9.895451545715332,54.004364013671875,,,139000
,0.0,1150.0,,,,1763452868.164809,3313.946961611,,3.0,2.0,,61.0,1945,,0.01,299.0,5.278055394745302,146.34750000000025,,1385.0,,,,,140844
,,,,,4.822865962982178,1763452872.0241246,3317.805755664,,,,,,1950,,,,,,,,0.7077631950378418,57.054901123046875,,,141000
,0.0,221.0,,,,1763452883.0548775,3328.836717769,,3.0,2.0,,47.25,1953,,0.01,60.0,1.9541046543110354,27.695000000000007,,1389.0,,,,,141565
,0.0,408.0,,,,1763452889.1907635,3334.972862691,,3.0,1.0,,66.25,1959,,0.01,178.0,37.40822168989062,52.44000000000011,,1395.0,,,,,141838
,,,0.08286356925964355,,,1763452893.0546436,3338.836270466,,,,,,1967,3.3571407794952393,,,,,,,,,,42.17549514770508,142000
,0.0,479.0,,,,1763452898.4260702,3344.208085833,,3.0,1.0,,49.25,1971,,0.01,149.0,14.831871931755638,60.85500000000002,,1403.0,,,,,142220
,0.0,208.0,,,,1763452902.423199,3348.205204483,,3.0,2.0,,52.0,1973,,0.01,79.0,13.063949201906757,26.307499999999994,,1405.0,,,,,142380
,0.0,206.0,,,,1763452929.370999,3375.152947649,,3.0,1.0,,44.5,1985,,0.01,60.0,2.757828629556221,25.792500000000025,,1413.0,,,,,143471
,0.0,47.0,,,,1763452934.526307,3380.30826243,,3.0,2.0,,75.0,1991,,0.01,13.0,1.5198745836416896,5.752499999999999,,1419.0,,,,,143678
,0.0,676.0,,,,1763452948.5994651,3394.381447945,,3.0,0.0,,53.25,2001,,0.01,226.0,38.541988142803476,86.2900000000003,,1425.0,,,,,144327
,0.0,654.0,,,,1763452952.9145823,3398.696594154,,3.0,4.0,,70.0,2002,,0.01,176.0,2.388727433174426,83.20750000000015,,1426.0,,,,,144503
,,,0.34748876094818115,,,1763452964.9612844,3410.742978573,,,,,,2007,5.790217399597168,,,,,,,,,,42.634376525878906,145000
,0.0,110.0,,,,1763452979.2269924,3425.009044706,,3.0,2.0,,63.25,2016,,0.01,34.0,3.2581973543663665,13.72,,1436.0,,,,,145586
,0.0,51.0,,,,1763452988.943021,3434.725073638,,3.0,1.0,,75.0,2019,,0.01,17.0,4.1179507949950045,6.292499999999999,,1439.0,,,,,145989
,0.0,191.0,,,,1763452990.330296,3436.112322062,,3.0,2.0,,75.0,2024,,0.01,57.0,6.5795150847156005,24.192500000000013,,1440.0,,,,,146046
,0.0,129.0,,,,1763452999.4397726,3445.221849259,,3.0,1.0,,46.25,2027,,0.01,53.0,8.717420776812382,16.11500000000001,,1443.0,,,,,146421
,0.0,262.0,,,,1763453003.4612412,3449.243353276,,3.0,5.0,,33.0,2029,,0.01,93.0,7.8553974278835605,33.0075,,1445.0,,,,,146692
,,,0.2792432904243469,,,1763453009.2164528,3454.998143415,,,,,,2034,5.59956169128418,,,,,,,,,,41.934356689453125,147000
,0.0,96.0,,,,1763453010.35957,3456.141554273,,3.0,4.0,,46.75,2037,,0.01,39.0,4.981006424408629,11.855000000000002,,1449.0,,,,,147047
,0.0,679.0,,,,1763453016.7157483,3462.497832827,,3.0,3.0,,28.25,2038,,0.01,261.0,36.75461161541518,86.7650000000002,,1450.0,,,,,147308
,0.0,527.0,,,,1763453020.3018806,3466.084003366,,3.0,0.0,,75.0,2039,,0.01,150.0,5.824733362996157,67.12250000000006,,1451.0,,,,,147458
44.87798309326172,,,,0.06588294357061386,,1763453034.432425,3480.214176525,,,,,,2045,,,,,,,,,,0.9313821792602539,,148000
,0.0,367.0,,,,1763453045.70104,3491.483171137,,3.0,1.0,,75.0,2051,,0.01,121.0,20.28478540063955,46.83249999999995,,1459.0,,,,,148436
,0.0,239.0,,,,1763453048.3273141,3494.109415326,,3.0,1.0,,43.5,2052,,0.01,90.0,13.552734733255875,30.207500000000024,,1460.0,,,,,148526
45.271263122558594,,,,0.16500607132911682,,1763453061.8601794,3507.641931564,,,,,,2054,,,,,,,,,,1.0538153648376465,,149000
,,,,,7.241716384887695,1763453090.3679967,3536.149655546,,,,,,2065,,,,,,,,0.333938866853714,57.199825286865234,,,150000
,0.0,97.0,,,,1763453100.54904,3546.330943735,,3.0,3.0,,48.25,2069,,0.01,39.0,7.4782501295423405,11.995000000000001,,1469.0,,,,,150394
,0.0,1731.0,,,,1763453112.5028265,3558.28492323,,4.0,6.0,,80.25,2070,,0.01,500.0,40.26312852660532,221.17749999999927,,1470.0,,,,,150894
,0.0,1334.0,,,,1763453122.1243472,3567.906511575,,3.0,2.0,,75.0,2076,,0.01,398.0,29.7566382299809,170.47749999999982,,1472.0,,,,,151408
46.27165985107422,,,,0.03576481714844704,,1763453180.4899576,3626.27158156,,,,,,2093,,,,,,,,,,1.111525535583496,,154000
,,,0.22063769400119781,,,1763453180.4937587,3626.275388875,,,,,,2094,7.138854026794434,,,,,,,,,,41.97571563720703,154000
,0.0,115.0,,,,1763453239.927592,3685.709772142,,3.0,4.0,,62.75,2117,,0.01,52.0,8.04254623859883,14.52000000000001,,1493.0,,,,,156445
,0.0,480.0,,,,1763453278.794327,3724.576370642,,3.0,0.0,,75.0,2135,,0.01,122.0,1.8917633969394492,60.96749999999995,,1503.0,,,,,158351
,,,0.05449598282575607,,,1763453291.1903753,3736.971981411,,,,,,2141,3.7727863788604736,,,,,,,,,,44.73046875,159000
,0.0,5.0,,,,1763453295.7575667,3741.539325454,,3.0,0.0,,74.75,2146,,0.01,2.0,0.8234986338786482,0.39,,1510.0,,,,,159197
,0.0,1474.0,,,,1763453308.1686754,3753.950845406,,4.0,2.0,,88.5,2147,,0.01,500.0,106.31022845897695,189.1349999999989,,1511.0,,,,,159697
,,,,,,1763453313.6936033,3759.475394107,0.031120026484131813,,,1.1325438022613525,,2148,,,,,,44.44084167480469,,,,,,160000
,0.0,72.0,,,,1763453325.4530668,3771.235200187,,3.0,0.0,,75.0,2155,,0.01,23.0,4.7674698478333335,8.977499999999997,,1515.0,,,,,160598
,0.0,1516.0,,,,1763453357.222027,3803.004154819,,4.0,12.0,,86.0,2164,,0.01,500.0,33.21654407068843,194.35999999999927,,1520.0,,,,,161839
,,,0.13158264756202698,,,1763453362.0077255,3807.789446695,,,,,,2167,5.743585586547852,,,,,,,,,,44.22511291503906,162000
47.39917755126953,,,,0.051521606743335724,,1763453387.1165826,3832.898281056,,,,,,2172,,,,,,,,,,3.4791555404663086,,163000
,0.0,1849.0,,,,1763453431.820547,3877.602411244,,4.0,2.0,,83.25,2185,,0.01,500.0,12.117360222011857,235.95749999999867,,1529.0,,,,,164901
,,,,,8.636126518249512,1763453433.3825824,3879.164252106,,,,,,2189,,,,,,,,2.5168185234069824,59.68861389160156,,,165000
,0.0,1212.0,,,,1763453447.9310088,3893.712865812,,3.0,1.0,,56.5,2192,,0.01,360.0,23.20480594079553,154.6625000000002,,1532.0,,,,,165605
,0.0,1496.0,,,,1763453458.5831492,3904.365059929,,3.0,6.0,,50.5,2197,,0.01,437.0,28.401369135131176,190.8724999999996,,1533.0,,,,,166042
,0.0,225.0,,,,1763453460.0509682,3905.83309622,,3.0,0.0,,75.0,2198,,0.01,60.0,1.8871324145380153,28.472500000000014,,1534.0,,,,,166102
,0.0,36.0,,,,1763453460.328872,3906.110946935,,3.0,0.0,,74.75,2199,,0.01,11.0,0.905552317649289,4.3549999999999995,,1535.0,,,,,166113
46.260650634765625,,,,63.19154357910156,,1763453481.8888927,3927.670604646,,,,,,2208,,,,,,,,,,1.4109307527542114,,167000
,0.0,1421.0,,,,1763453495.54769,3941.329719036,,4.0,2.0,,68.0,2211,,0.01,500.0,69.8773627507495,182.30499999999978,,1543.0,,,,,167466
,0.0,393.0,,,,1763453498.9509077,3944.732947338,,3.0,2.0,,45.75,2212,,0.01,139.0,26.534883643988323,49.96999999999994,,1544.0,,,,,167605
,0.0,46.0,,,,1763453505.4894505,3951.271585671,,3.0,0.0,,62.75,2214,,0.01,15.0,2.3042189566098084,5.524999999999999,,1546.0,,,,,167871
45.14713668823242,,,,0.12710300087928772,,1763453509.4246318,3955.206369999,,,,,,2216,,,,,,,,,,3.375098943710327,,168000
,0.0,578.0,,,,1763453516.583062,3962.365132489,,3.0,0.0,,46.0,2220,,0.01,160.0,9.386818883413122,73.30750000000009,,1548.0,,,,,168239
,0.0,237.0,,,,1763453528.5187266,3974.300798384,,3.0,3.0,,48.75,2223,,0.01,66.0,2.7614760545766215,29.770000000000007,,1551.0,,,,,168673
,,,,,,1763453536.8145487,3982.59634184,28.405223846435547,,,5.483200550079346,,2224,,,,,,43.521324157714844,,,,,,169000
48.30575942993164,,,,0.5829716920852661,,1763453536.820679,3982.602194639,,,,,,2225,,,,,,,,,,7.753479957580566,,169000
,,,3.0990028381347656,,,1763453536.826639,3982.608146278,,,,,,2226,5.106605529785156,,,,,,,,,,46.318199157714844,169000
,,,,,6.09910774230957,1763453536.8328261,3982.61435246,,,,,,2227,,,,,,,,0.33395683765411377,55.86375045776367,,,169000
,0.0,123.0,,,,1763453548.0619414,3993.844054072,,3.0,1.0,,52.5,2231,,0.01,41.0,8.34727612757599,15.307500000000003,,1555.0,,,,,169464
,0.0,152.0,,,,1763453558.8939412,4004.67606384,,3.0,3.0,,44.0,2235,,0.01,57.0,9.31861141748061,19.0075,,1559.0,,,,,169912
,0.0,913.0,,,,1763453568.2874599,4014.069531214,,3.0,10.0,,60.25,2241,,0.01,365.0,64.91653429597108,117.3749999999998,,1561.0,,,,,170302
,,,0.20335891842842102,,,1763453585.1949573,4030.976722607,,,,,,2248,4.439984321594238,,,,,,,,,,47.19975280761719,171000
,0.0,1501.0,,,,1763453595.8118463,4041.593971319,,4.0,6.0,,82.5,2250,,0.01,500.0,40.06160880443913,192.44999999999987,,1566.0,,,,,171444
46.78785705566406,,,,0.08511622250080109,,1763453609.2338905,4055.01557992,,,,,,2253,,,,,,,,,,1.920140027999878,,172000
,0.0,54.0,,,,1763453626.5262852,4072.308306315,,3.0,0.0,,72.5,2260,,0.01,18.0,2.0228120896415462,6.6525,,1572.0,,,,,172715
,0.0,957.0,,,,1763453646.1028986,4091.884728327,,3.0,0.0,,75.0,2272,,0.01,305.0,47.28061197520617,122.42250000000021,,1580.0,,,,,173624
,0.0,6.0,,,,1763453648.6516602,4094.433310457,,3.0,0.0,,75.0,2274,,0.01,2.0,0.8703555308033607,0.5175000000000001,,1582.0,,,,,173859
,0.0,409.0,,,,1763453651.906043,4097.687953737,,3.0,2.0,,55.5,2280,,0.01,122.0,4.548034602990596,51.89749999999997,,1584.0,,,,,174160
,0.0,196.0,,,,1763453657.306303,4103.088412966,,3.0,3.0,,30.25,2282,,0.01,87.0,13.034026622651957,24.67,,1586.0,,,,,174534
,0.0,541.0,,,,1763453682.4664798,4128.248670126,,3.0,3.0,,35.5,2294,,0.01,185.0,15.32197176443042,68.8275000000001,,1594.0,,,,,175405
,0.0,661.0,,,,1763453687.3743567,4133.156499608,,3.0,2.0,,48.75,2295,,0.01,206.0,16.364016927392996,84.17000000000019,,1595.0,,,,,175611
,0.0,118.0,,,,1763453691.702287,4137.484458009,,3.0,2.0,,70.0,2298,,0.01,42.0,8.937827966010538,14.867500000000005,,1598.0,,,,,175789
,,,0.1854773461818695,,,1763453716.7264485,4162.508172742,,,,,,2310,5.386949062347412,,,,,,,,,,46.15672302246094,177000
,0.0,767.0,,,,1763453720.3120189,4166.094036499,,3.0,4.0,,75.0,2312,,0.01,267.0,24.69989916477408,98.29250000000033,,1604.0,,,,,177137
,,,,,,1763453738.545643,4184.327417775,1.650497317314148,,,2.5952820777893066,,2317,,,,,,44.635704040527344,,,,,,178000
48.34619140625,,,,0.35635268688201904,,1763453738.5488608,4184.330404144,,,,,,2318,,,,,,,,,,7.098796844482422,,178000
,0.0,230.0,,,,1763453740.6152217,4186.397131042,,3.0,2.0,,62.0,2322,,0.01,102.0,22.643322829258064,29.387499999999978,,1610.0,,,,,178105
,0.0,776.0,,,,1763453748.4435287,4194.225748399,,3.0,1.0,,58.5,2323,,0.01,283.0,56.540572766377466,99.41250000000038,,1611.0,,,,,178388
,0.0,82.0,,,,1763453749.453707,4195.235838954,,3.0,4.0,,40.75,2324,,0.01,38.0,6.230306974780619,10.035000000000002,,1612.0,,,,,178426
,,,,,,1763453762.417458,4208.199497541,0.2276262640953064,,,6.423933029174805,,2329,,,,,,44.631126403808594,,,,,,179000
47.15072250366211,,,,0.9667332768440247,,1763453762.4239786,4208.205711657,,,,,,2330,,,,,,,,,,2.7480545043945312,,179000
,0.0,82.0,,,,1763453782.5734608,4228.355610932,,3.0,2.0,,47.5,2339,,0.01,31.0,5.76257049848416,10.032499999999999,,1623.0,,,,,179836
49.19603729248047,,,,11.374814987182617,,1763453786.5646334,4232.346284407,,,,,,2343,,,,,,,,,,6.606056213378906,,180000
,0.0,1123.0,,,,1763453799.7663414,4245.548308389,,3.0,5.0,,52.0,2348,,0.01,382.0,55.40557254238958,143.7124999999998,,1628.0,,,,,180548
,,,,,10.73099422454834,1763453810.809867,4256.591538884,,,,,,2354,,,,,,,,0.2757325768470764,58.4660530090332,,,181000
,0.0,408.0,,,,1763453856.0322404,4301.81429843,,3.0,5.0,,55.5,2363,,0.01,157.0,25.645601352863636,52.12250000000002,,1635.0,,,,,182865
48.37584686279297,,,,0.2733357846736908,,1763453859.2443287,4305.0260314,,,,,,2367,,,,,,,,,,1.6584335565567017,,183000
,0.0,313.0,,,,1763453884.754235,4330.536437247,,3.0,2.0,,57.75,2379,,0.01,96.0,2.280756453460152,39.66,,1643.0,,,,,184083
,1.0,48.0,,,,1763453891.5634437,4337.34528415,,3.0,4.0,,48.5,2386,,0.01,17.0,1.7565502412399148,5.652500000000002,,1650.0,,,,,184661
50.71379852294922,,,,0.8280752897262573,,1763453897.0856292,4342.867256401,,,,,,2389,,,,,,,,,,11.429841995239258,,185000
,0.0,173.0,,,,1763453901.6080585,4347.390038767,,3.0,1.0,,74.25,2394,,0.01,57.0,7.464718681906249,21.935000000000013,,1654.0,,,,,185168
,0.0,587.0,,,,1763453924.002632,4369.784671842,,3.0,2.0,,51.0,2409,,0.01,169.0,5.850352019323307,74.5725000000001,,1665.0,,,,,186024
,0.0,334.0,,,,1763453963.37922,4409.161150248,,3.0,0.0,,56.25,2424,,0.01,87.0,1.5959479941401615,42.18,,1676.0,,,,,187736
,0.0,256.0,,,,1763453967.389245,4413.171324725,,3.0,0.0,,62.75,2426,,0.01,75.0,5.895084817031901,32.375000000000014,,1678.0,,,,,187901
,,,,,6.457672595977783,1763453969.7827797,4415.564463658,,,,,,2430,,,,,,,,0.31052663922309875,61.1645393371582,,,188000
,,,,,,1763454020.2639725,4466.045987687,0.1655983179807663,,,3.031076669692993,,2449,,,,,,45.31622314453125,,,,,,190000
,,,,,,1763454045.1758733,4490.957764326,0.27837836742401123,,,1.5040583610534668,,2457,,,,,,46.940956115722656,,,,,,191000
49.39408874511719,,,,0.4773222506046295,,1763454068.9643524,4514.746087963,,,,,,2465,,,,,,,,,,6.297132968902588,,192000
,0.0,1170.0,,,,1763454098.5495162,4544.331527166,,3.0,15.0,,75.0,2474,,0.01,406.0,53.39786998326805,150.05749999999972,,1702.0,,,,,193260
,,,0.24232818186283112,,,1763454116.375936,4562.15753288,,,,,,2479,1.9126386642456055,,,,,,,,,,50.891014099121094,194000
,0.0,298.0,,,,1763454132.0331311,4577.815262326,,3.0,1.0,,75.0,2484,,0.01,100.0,20.550000456204362,37.997499999999974,,1708.0,,,,,194654
,0.0,1486.0,,,,1763454143.4958963,4589.277922967,,4.0,3.0,,70.5,2489,,0.01,500.0,98.80361999947098,190.45499999999927,,1709.0,,,,,195154
,0.0,71.0,,,,1763454146.395119,4592.177204748,,3.0,1.0,,75.0,2491,,0.01,22.0,3.3090812546687327,8.8425,,1711.0,,,,,195282
,0.0,1504.0,,,,1763454158.910696,4604.692712719,,4.0,6.0,,81.5,2493,,0.01,500.0,92.34954615481288,192.81499999999917,,1713.0,,,,,195809
,,,,,,1763454163.4611123,4609.242910467,0.0917709693312645,,,1.229097843170166,,2495,,,,,,47.04176330566406,,,,,,196000
,0.0,18.0,,,,1763454165.8093286,4611.591331674,,3.0,2.0,,68.75,2500,,0.01,6.0,1.4444462606826185,1.9949999999999999,,1716.0,,,,,196097
,,,,,,1763454184.8920557,4630.674172648,0.3981364071369171,,,1.2310172319412231,,2506,,,,,,47.809539794921875,,,,,,197000
,0.0,1466.0,,,,1763454197.6197004,4643.401970861,,4.0,3.0,,90.75,2511,,0.01,500.0,88.70781148664395,188.1574999999996,,1723.0,,,,,197698
,0.0,160.0,,,,1763454203.43174,4649.213919441,,3.0,4.0,,53.5,2514,,0.01,61.0,12.12941131094169,20.14250000000001,,1726.0,,,,,197932
,0.0,38.0,,,,1763454203.9399347,4649.722112628,,3.0,1.0,,56.0,2515,,0.01,21.0,4.229771713698034,4.517500000000001,,1727.0,,,,,197953
,0.0,410.0,,,,1763454207.649244,4653.43149149,,3.0,4.0,,53.25,2520,,0.01,152.0,16.873295469468907,52.300000000000004,,1728.0,,,,,198105
,0.0,130.0,,,,1763454224.5678766,4670.349837574,,3.0,0.0,,52.0,2530,,0.01,42.0,6.012076908190716,16.187500000000007,,1734.0,,,,,199052
,0.0,164.0,,,,1763454229.5485947,4675.33067168,,3.0,4.0,,41.25,2533,,0.01,57.0,3.46898400111619,20.48000000000001,,1737.0,,,,,199357
,,,0.06185564026236534,,,1763454242.99339,4688.774912676,,,,,,2540,6.326761245727539,,,,,,,,,,49.42131042480469,200000
,0.0,37.0,,,,1763454261.7796066,4707.561673188,,3.0,1.0,,62.75,2547,,0.01,14.0,2.624795230108436,4.390000000000001,,1747.0,,,,,200860
,0.0,354.0,,,,1763454280.9073536,4726.689372745,,3.0,1.0,,53.75,2557,,0.01,121.0,25.867584444628733,44.99499999999995,,1753.0,,,,,201662
,0.0,452.0,,,,1763454311.4842112,4757.266098801,,3.0,2.0,,49.0,2570,,0.01,187.0,36.621640033592264,57.85750000000016,,1762.0,,,,,202976
,,,,,,1763454311.7587626,4757.540573264,0.07400112599134445,,,2.017331838607788,,2571,,,,,,47.81443786621094,,,,,,203000
,0.0,494.0,,,,1763454328.8653834,4774.647421872,,3.0,3.0,,57.0,2576,,0.01,170.0,33.61690525241733,63.01750000000007,,1764.0,,,,,203646
,0.0,422.0,,,,1763454332.3461862,4778.128355639,,3.0,7.0,,50.75,2577,,0.01,121.0,3.3857384718846415,53.465,,1765.0,,,,,203767
,0.0,1533.0,,,,1763454407.8128088,4853.594957869,,4.0,2.0,,85.0,2603,,0.01,500.0,54.19783505823745,196.4749999999995,,1779.0,,,,,206850
,,,,,8.645981788635254,1763454411.4119997,4857.193587954,,,,,,2608,,,,,,,,16.07575225830078,58.05754852294922,,,207000
,0.0,329.0,,,,1763454413.6888113,4859.470792591,,3.0,2.0,,59.0,2610,,0.01,118.0,7.189907422908851,41.89250000000001,,1782.0,,,,,207152
,,,0.0823126807808876,,,1763454434.9248142,4880.706595808,,,,,,2619,2.877126932144165,,,,,,,,,,50.00279998779297,208000
,,,,,8.306244850158691,1763454463.635067,4909.416762936,,,,,,2630,,,,,,,,0.39506515860557556,58.70073699951172,,,209000
,0.0,101.0,,,,1763454476.2171066,4921.999258587,,3.0,2.0,,62.0,2636,,0.01,36.0,7.768932922222976,12.602500000000004,,1800.0,,,,,209471
,0.0,135.0,,,,1763454499.006502,4944.788528704,,3.0,2.0,,61.25,2646,,0.01,64.0,9.58790514137475,17.125000000000018,,1806.0,,,,,210396
,0.0,124.0,,,,1763454500.0363197,4945.818412001,,3.0,0.0,,54.75,2647,,0.01,42.0,4.271653661054467,15.465000000000007,,1807.0,,,,,210438
,0.0,807.0,,,,1763454506.3665738,4952.148540837,,3.0,5.0,,38.75,2648,,0.01,261.0,23.001844491257696,102.87000000000057,,1808.0,,,,,210699
,0.0,62.0,,,,1763454506.8102791,4952.592382156,,3.0,1.0,,56.25,2649,,0.01,18.0,1.8693715521532883,7.49,,1809.0,,,,,210717
,0.0,17.0,,,,1763454508.0521326,4953.834233983,,3.0,0.0,,52.0,2651,,0.01,6.0,1.3652174735184133,1.7025,,1811.0,,,,,210767
,0.0,1364.0,,,,1763454550.140604,4995.922653554,,4.0,2.0,,83.0,2668,,0.01,500.0,99.40562207440747,175.3299999999993,,1820.0,,,,,212503
,,,0.18512070178985596,,,1763454562.7097707,5008.491439514,,,,,,2673,4.643599033355713,,,,,,,,,,50.82963180541992,213000
,0.0,41.0,,,,1763454565.069714,5010.851778786,,3.0,0.0,,36.0,2676,,0.01,13.0,0.7432151438177241,4.612499999999999,,1824.0,,,,,213095
53.656646728515625,,,,0.4337555468082428,,1763454586.2033775,5031.98502113,,,,,,2683,,,,,,,,,,8.767768859863281,,214000
,0.0,758.0,,,,1763454588.0811193,5033.863247438,,3.0,4.0,,46.25,2686,,0.01,226.0,10.467762416104103,96.47000000000028,,1830.0,,,,,214063
,0.0,640.0,,,,1763454594.3322272,5040.114304228,,3.0,3.0,,37.25,2687,,0.01,234.0,27.63439252091514,81.7100000000002,,1831.0,,,,,214297
,0.0,1695.0,,,,1763454608.423951,5054.205754353,,3.0,3.0,,74.5,2689,,0.01,465.0,12.25219648675247,216.26749999999976,,1833.0,,,,,214986
,,,0.1307450383901596,,,1763454608.590614,5054.372174639,,,,,,2692,6.0690836906433105,,,,,,,,,,51.040679931640625,215000
57.88737487792969,,,,0.3742232620716095,,1763454650.0698242,5095.851548583,,,,,,2709,,,,,,,,,,13.817293167114258,,217000
,0.0,221.0,,,,1763454702.3827438,5148.164897453,,3.0,2.0,,58.25,2722,,0.01,70.0,8.029179596945147,27.905000000000022,,1850.0,,,,,218877
,0.0,230.0,,,,1763454709.7064865,5155.488562447,,3.0,3.0,,58.25,2732,,0.01,81.0,10.860863225361047,29.140000000000015,,1856.0,,,,,219180
,0.0,5.0,,,,1763454715.416228,5161.198004749,,3.0,1.0,,61.25,2736,,0.01,4.0,1.1500543465419364,0.275,,1860.0,,,,,219416
57.750038146972656,,,,1.8758643865585327,,1763454729.0657132,5174.847344932,,,,,,2745,,,,,,,,,,14.24487018585205,,220000
,0.0,69.0,,,,1763454746.8032289,5192.585390305,,3.0,0.0,,62.25,2752,,0.01,25.0,5.313193484148679,8.495000000000001,,1872.0,,,,,220785
,1.0,578.0,,,,1763454753.2479124,5199.029870699,,3.0,16.0,,47.5,2757,,0.01,258.0,49.0353114474664,74.30250000000015,,1873.0,,,,,221043
,,,,,,1763454776.2632287,5222.045236308,0.210515558719635,,,2.046708106994629,,2760,,,,,,49.46409606933594,,,,,,222000
,0.0,129.0,,,,1763454803.3737872,5249.155728257,,3.0,3.0,,75.0,2772,,0.01,48.0,7.131358128014614,16.352500000000006,,1880.0,,,,,223124
55.84846496582031,,,,0.6730290651321411,,1763454848.8002663,5294.581990742,,,,,,2782,,,,,,,,,,6.982521057128906,,225000
,,,0.2820109724998474,,,1763454848.8068163,5294.588508976,,,,,,2783,3.9216206073760986,,,,,,,,,,51.405906677246094,225000
,,,,,10.839102745056152,1763454872.9716918,5318.753403065,,,,,,2793,,,,,,,,1.9947121143341064,64.6046371459961,,,226000
,0.0,420.0,,,,1763454902.7396092,5348.521671621,,3.0,5.0,,68.25,2802,,0.01,143.0,19.00771816920694,53.609999999999985,,1894.0,,,,,227236
,0.0,141.0,,,,1763454948.3946748,5394.176764746,,3.0,1.0,,62.75,2816,,0.01,40.0,1.9900628130790243,17.650000000000006,,1900.0,,,,,229335
,0.0,681.0,,,,1763454982.6892626,5428.471363817,,3.0,2.0,,74.75,2824,,0.01,183.0,3.34636369810581,86.7000000000001,,1904.0,,,,,230644
,0.0,375.0,,,,1763455024.4964843,5470.278577753,,3.0,3.0,,65.5,2840,,0.01,113.0,13.59008347104607,47.657499999999956,,1912.0,,,,,232366
60.91584014892578,,,,1.4145399332046509,,1763455039.8624063,5485.644110193,,,,,,2843,,,,,,,,,,15.920207977294922,,233000
,,,0.4380277395248413,,,1763455089.0557315,5534.837392567,,,,,,2856,4.125770092010498,,,,,,,,,,51.627525329589844,235000
,,,,,15.513162612915039,1763455089.0622003,5534.843913524,,,,,,2857,,,,,,,,0.6754351854324341,64.54818725585938,,,235000
56.3747673034668,,,,89.86551666259766,,1763455114.4145954,5560.196307133,,,,,,2861,,,,,,,,,,14.891410827636719,,236000
,0.0,6.0,,,,1763455139.9756021,5585.757280566,,3.0,0.0,,75.0,2872,,0.01,2.0,0.8703555308033608,0.5175000000000001,,1924.0,,,,,237052
,0.0,6.0,,,,1763455143.551943,5589.333842873,,3.0,0.0,,75.0,2882,,0.01,2.0,0.8703555308033608,0.5175000000000001,,1934.0,,,,,237201
,0.0,6.0,,,,1763455143.9566884,5589.738470381,,3.0,0.0,,75.0,2890,,0.01,2.0,0.8703555308033608,0.5175000000000001,,1942.0,,,,,237217
,0.0,21.0,,,,1763455152.5998032,5598.381725567,,3.0,0.0,,75.0,2900,,0.01,6.0,1.0868618817494702,2.4324999999999997,,1952.0,,,,,237571
,0.0,857.0,,,,1763455163.1536796,5608.935488698,,3.0,0.0,,62.25,2907,,0.01,237.0,8.783508695276634,109.11500000000045,,1955.0,,,,,238003
,0.0,1787.0,,,,1763455181.6290603,5627.411099938,,4.0,4.0,,100.0,2911,,0.01,500.0,15.175535410653362,228.37499999999903,,1959.0,,,,,238739
,0.0,1741.0,,,,1763455219.6516347,5665.433654487,,4.0,0.0,,91.25,2923,,0.01,500.0,17.732857038559498,222.53749999999894,,1963.0,,,,,240313
59.07903289794922,,,,0.8558273911476135,,1763455260.6110234,5706.392743786,,,,,,2934,,,,,,,,,,10.717386245727539,,242000
,,,0.12610232830047607,,,1763455260.6174545,5706.399159632,,,,,,2935,1.8332221508026123,,,,,,,,,,53.01506042480469,242000
,,,0.11305761337280273,,,1763455282.280452,5728.062243779,,,,,,2944,2.694934368133545,,,,,,,,,,52.816162109375,243000
60.98040008544922,,,,1.1654349565505981,,1763455307.6198416,5753.401458853,,,,,,2949,,,,,,,,,,11.629861831665039,,244000
,0.0,1915.0,,,,1763455318.594522,5764.376524114,,4.0,1.0,,100.0,2953,,0.01,500.0,7.48644608609449,244.37499999999858,,1977.0,,,,,244501
,0.0,1858.0,,,,1763455341.6613941,5787.443462507,,4.0,1.0,,100.0,2959,,0.01,500.0,10.43132302251234,237.24999999999875,,1979.0,,,,,245316
,0.0,281.0,,,,1763455344.3174222,5790.099428892,,3.0,3.0,,67.5,2960,,0.01,105.0,15.21410591359215,35.84749999999997,,1980.0,,,,,245421
,0.0,417.0,,,,1763455382.4922562,5828.274283344,,3.0,1.0,,67.25,2975,,0.01,152.0,29.439421274882456,53.315,,1987.0,,,,,247123
59.22742462158203,,,,0.5350040197372437,,1763455403.8299341,5849.611592148,,,,,,2981,,,,,,,,,,8.953584671020508,,248000
,0.0,259.0,,,,1763455422.1746607,5867.956572498,,3.0,1.0,,50.5,2987,,0.01,98.0,19.261886427606207,32.857500000000016,,1995.0,,,,,248827
,,,,,,1763455424.101704,5869.883586384,1.8732891082763672,,,5.309192657470703,,2989,,,,,,51.82212829589844,,,,,,249000
