robot_2/q_mean,robot_1/q_std,robot_2/q_std,robot_1/q_mean,epsilon,_timestamp,episode,mean_final_energy,global_step,robot_1/loss,robot_3/loss,_step,std_episode_reward,total_kills_per_episode,total_charges_per_episode,_runtime,robot_2/loss,robot_3/q_mean,episode_length,total_agent_collisions_per_episode,mean_episode_reward,robot_0/loss,robot_0/q_std,robot_3/q_std,survival_rate,robot_0/q_mean
,,,,1.0,1763425235.19367,0.0,23.75,4,,,0,0.35365060441062446,0.0,2.0,17.715271618,,,4.0,1.0,-0.4775,,,,2.0,
,,,,1.0,1763425235.2035718,1.0,38.5,6,,,1,0.43083494519363214,0.0,2.0,17.724839982,,,2.0,0.0,-0.3475,,,,3.0,
,,,,1.0,1763425235.2189062,7.0,50.75,22,,,7,0.42255177197593197,0.0,3.0,17.73980082,,,3.0,2.0,-0.08999999999999997,,,,3.0,
,,,,1.0,1763425235.2199757,8.0,74.0,24,,,8,0.6123877448153253,0.0,2.0,17.740823371,,,2.0,1.0,0.007500000000000007,,,,3.0,
,,,,1.0,1763425235.22103,9.0,49.25,26,,,9,0.4146383966783588,0.0,1.0,17.742067549,,,2.0,0.0,-0.365,,,,3.0,
,,,,1.0,1763425235.2234075,11.0,61.75,30,,,11,0.5449082491575991,0.0,2.0,17.744433199,,,2.0,0.0,-0.11499999999999999,,,,3.0,
,,,,1.0,1763425235.229604,16.0,24.75,46,,,16,0.649519052838329,0.0,1.0,17.750488781,,,2.0,0.0,-0.615,,,,1.0,
,,,,1.0,1763425235.2419908,27.0,0.0,75,,,27,0.21650635094610965,1.0,1.0,17.762844975,,,4.0,2.0,-0.845,,,,0.0,
,,,,1.0,1763425235.2430544,28.0,74.0,77,,,28,0.5443057504748594,0.0,1.0,17.763896093,,,2.0,0.0,-0.1175,,,,3.0,
,,,,1.0,1763425235.2486863,33.0,49.0,91,,,33,0.3500267846894006,0.0,0.0,17.769560711,,,2.0,1.0,-0.4925,,,,3.0,
,,,,1.0,1763425235.257688,41.0,49.0,113,,,41,0.5624222168442495,0.0,2.0,17.778581579,,,3.0,1.0,-0.23249999999999998,,,,3.0,
,,,,1.0,1763425235.259884,43.0,61.5,118,,,43,0.6510136327297609,0.0,2.0,17.780760999,,,3.0,1.0,-0.10749999999999998,,,,3.0,
,,,,1.0,1763425235.2609205,44.0,49.0,120,,,44,0.3500267846894006,0.0,0.0,17.781789484,,,2.0,0.0,-0.4925,,,,3.0,
,,,,1.0,1763425235.262982,46.0,61.75,124,,,46,0.4330704330706496,0.0,1.0,17.783848265,,,2.0,0.0,-0.24,,,,3.0,
,,,,1.0,1763425235.2640412,47.0,49.5,126,,,47,0.649519052838329,0.0,1.0,17.784906659,,,2.0,1.0,-0.365,,,,2.0,
,,,,1.0,1763425235.2650962,48.0,61.5,128,,,48,0.5579146440092785,0.0,1.0,17.785963486,,,2.0,0.0,-0.2425,,,,3.0,
,,,,1.0,1763425235.2696092,52.0,50.75,139,,,52,0.5662817320027196,0.0,2.0,17.790482537,,,2.0,0.0,-0.22499999999999998,,,,3.0,
,,,,1.0,1763425235.2764406,58.0,49.75,155,,,58,0.7437405461584032,0.0,3.0,17.797505344,,,2.0,1.0,-0.10999999999999999,,,,3.0,
,,,,1.0,1763425235.2789364,60.0,49.25,161,,,60,0.8284133931799992,0.0,2.0,17.799793239,,,3.0,0.0,-0.23249999999999998,,,,2.0,
,,,,1.0,1763425235.2800076,61.0,37.0,163,,,61,0.6123724356957945,0.0,1.0,17.800855952,,,2.0,2.0,-0.48999999999999994,,,,2.0,
,,,,1.0,1763425235.2831883,64.0,49.25,169,,,64,0.5448623679425842,0.0,1.0,17.80406445,,,2.0,2.0,-0.365,,,,3.0,
,,,,1.0,1763425235.286408,67.0,62.0,176,,,67,0.7106818908625715,0.0,3.0,17.80734711,,,2.0,0.0,0.012500000000000011,,,,3.0,
,,,,1.0,1763425235.2933018,73.0,36.75,194,,,73,0.8246931247439863,0.0,2.0,17.814169272,,,4.0,2.0,-0.3474999999999999,,,,2.0,
,,,,1.0,1763425235.2943544,74.0,49.5,196,,,74,0.7541675874764177,0.0,2.0,17.81524038,,,2.0,1.0,-0.2375,,,,3.0,
,,,,1.0,1763425235.2981234,77.0,48.75,204,,,77,0.35003571246374277,0.0,0.0,17.81902751,,,3.0,0.0,-0.485,,,,3.0,
,,,,1.0,1763425235.2992966,78.0,36.25,207,,,78,0.3465093793824346,1.0,1.0,17.820145475,,,3.0,2.0,-0.4875,,,,2.0,
,,,,1.0,1763425235.3071735,85.0,49.0,226,,,85,0.9582275303913992,2.0,5.0,17.828034689,,,4.0,4.0,0.15000000000000002,,,,2.0,
,,,,1.0,1763425235.310397,88.0,49.25,232,,,88,0.4146383966783588,0.0,1.0,17.831247199,,,2.0,0.0,-0.365,,,,3.0,
,,,,1.0,1763425235.317074,94.0,37.0,247,,,94,0.414578098794425,0.0,0.0,17.837943327,,,2.0,2.0,-0.615,,,,2.0,
,,,,1.0,1763425235.3224168,99.0,24.75,257,,,99,0.4183524232032127,0.0,1.0,17.843328095,,,2.0,0.0,-0.6125,,,,2.0,
,,,,1.0,1763425235.3335185,102.0,39.25,266,,,102,0.42355637169094745,0.0,4.0,17.854431486,,,3.0,1.0,-0.07999999999999996,,,,3.0,
,,,,1.0,1763425235.3357015,104.0,61.5,270,,,104,0.4316465568031326,0.0,1.0,17.856545414,,,2.0,0.0,-0.2425,,,,3.0,
,,,,1.0,1763425235.3379407,106.0,36.0,276,,,106,0.21217622392718746,0.0,0.0,17.858815423,,,3.0,3.0,-0.6125,,,,3.0,
,,,,1.0,1763425235.3410962,109.0,36.75,282,,,109,0.41081473926820106,0.0,0.0,17.861954047,,,2.0,0.0,-0.6174999999999999,,,,2.0,
,,,,1.0,1763425235.3446693,112.0,61.5,290,,,112,0.5579146440092785,0.0,1.0,17.865525109,,,2.0,0.0,-0.2425,,,,3.0,
,,,,1.0,1763425235.3525946,119.0,36.5,305,,,119,0.34651839777997356,0.0,1.0,17.873514671,,,3.0,1.0,-0.485,,,,2.0,
,,,,1.0,1763425235.353759,120.0,37.0,307,,,120,0.5000499975002499,0.0,1.0,17.874665457,,,2.0,0.0,-0.49,,,,2.0,
,,,,1.0,1763425235.3559136,122.0,49.75,311,,,122,0.7437405461584032,0.0,3.0,17.876751541,,,2.0,0.0,-0.10999999999999999,,,,3.0,
,,,,1.0,1763425235.3581104,124.0,24.25,316,,,124,0.21510172012329423,0.0,1.0,17.878970792,,,3.0,3.0,-0.6074999999999999,,,,2.0,
,,,,1.0,1763425235.3699958,133.0,49.0,342,,,133,0.3500267846894006,0.0,0.0,17.890828455,,,2.0,0.0,-0.4925,,,,3.0,
,,,,1.0,1763425235.373395,136.0,49.25,350,,,136,0.3535533905932738,0.0,0.0,17.894288888,,,2.0,1.0,-0.49,,,,3.0,
,,,,1.0,1763425235.3816683,143.0,12.0,369,,,143,0.24752525123712127,0.0,1.0,17.902516143,,,3.0,1.0,-0.7324999999999999,,,,1.0,
,,,,1.0,1763425235.3858833,147.0,37.0,377,,,147,0.414578098794425,0.0,0.0,17.906717304,,,2.0,0.0,-0.615,,,,2.0,
,,,,1.0,1763425235.3885112,149.0,38.5,386,,,149,0.41631568550800485,0.0,2.0,17.909393914,,,4.0,1.0,-0.32749999999999996,,,,3.0,
,,,,1.0,1763425235.3896492,150.0,61.5,388,,,150,0.5579146440092785,0.0,1.0,17.910570652,,,2.0,1.0,-0.2425,,,,3.0,
,,,,1.0,1763425235.3931143,153.0,37.0,395,,,153,0.3570976757135224,0.0,1.0,17.913954924,,,2.0,0.0,-0.4875,,,,3.0,
,,,,1.0,1763425235.3955512,155.0,37.0,399,,,155,0.35709767571352236,0.0,1.0,17.916449626,,,2.0,3.0,-0.4875,,,,3.0,
,,,,1.0,1763425235.3981864,157.0,12.0,405,,,157,0.413846287889598,0.0,2.0,17.919344866,,,4.0,3.0,-0.5974999999999999,,,,1.0,
,,,,1.0,1763425235.4037852,161.0,38.25,416,,,161,0.375066660741794,0.0,1.0,17.924796029,,,2.0,2.0,-0.475,,,,3.0,
,,,,1.0,1763425235.4051347,162.0,28.25,419,,,162,0.4741835087811469,0.0,4.0,17.926097099,,,3.0,0.0,-0.18999999999999995,,,,3.0,
,,,,1.0,1763425235.4109263,167.0,50.75,429,,,167,0.42871902220452035,0.0,1.0,17.931855881,,,2.0,0.0,-0.35,,,,3.0,
,,,,1.0,1763425235.4143374,170.0,61.25,435,,,170,0.4100609710762535,0.0,0.0,17.935271737,,,2.0,1.0,-0.37,,,,3.0,
,,,,1.0,1763425235.416812,172.0,49.5,439,,,172,0.43453279507995707,0.0,2.0,17.937787051,,,2.0,1.0,-0.2375,,,,3.0,
,,,,1.0,1763425235.4191103,174.0,74.25,443,,,174,0.7106686991840854,0.0,2.0,17.940032936,,,2.0,0.0,0.010000000000000007,,,,3.0,
,,,,1.0,1763425235.4263675,180.0,24.75,457,,,180,0.649519052838329,0.0,1.0,17.94729616,,,2.0,0.0,-0.615,,,,1.0,
,,,,1.0,1763425235.4423637,193.0,37.25,491,,,193,0.5025124376570196,0.0,1.0,17.96330139,,,2.0,0.0,-0.4875,,,,2.0,
,,,,1.0,1763425235.4447184,195.0,49.5,495,,,195,0.649519052838329,0.0,1.0,17.965693833,,,2.0,0.0,-0.365,,,,2.0,
,,,,1.0,1763425235.4485412,198.0,49.5,504,,,198,0.32911813988293015,0.0,4.0,17.969508255,,,4.0,3.0,0.03250000000000003,,,,3.0,
,,,,1.0,1763425235.4612613,201.0,49.25,511,,,201,0.25,1.0,2.0,17.982226461,,,3.0,1.0,-0.22999999999999998,,,,3.0,
,,,,1.0,1763425235.463653,203.0,49.0,516,,,203,0.3500267846894006,0.0,0.0,17.984544477,,,2.0,1.0,-0.4925,,,,3.0,
,,,,1.0,1763425235.4764652,213.0,62.0,549,,,213,0.7106818908625716,0.0,3.0,17.997400466,,,2.0,0.0,0.012500000000000011,,,,3.0,
,,,,1.0,1763425235.4776495,214.0,49.75,551,,,214,0.8329278180010558,0.0,2.0,17.998560914,,,2.0,1.0,-0.2375,,,,2.0,
,,,,1.0,1763425235.478866,215.0,51.0,553,,,215,0.5494258366695182,0.0,3.0,17.999838864,,,2.0,0.0,-0.09749999999999998,,,,3.0,
,,,,1.0,1763425235.4813116,217.0,24.5,558,,,217,0.5494770240874499,0.0,3.0,18.002217712,,,3.0,4.0,-0.355,,,,2.0,
,,,,1.0,1763425235.491536,225.0,49.5,580,,,225,0.5,0.0,0.0,18.012416259,,,2.0,1.0,-0.49,,,,2.0,
,,,,1.0,1763425235.495391,228.0,26.25,590,,,228,0.44572272771309296,1.0,4.0,18.016270873,,,5.0,1.0,-0.19249999999999992,,,,2.0,
,,,,1.0,1763425235.5015967,233.0,49.5,604,,,233,0.5601506493792541,0.0,2.0,18.02270537,,,2.0,2.0,-0.2375,,,,3.0,
,,,,1.0,1763425235.5027626,234.0,61.5,606,,,234,0.4316465568031326,0.0,1.0,18.024621476,,,2.0,0.0,-0.2425,,,,3.0,
,,,,1.0,1763425235.5051622,236.0,36.75,610,,,236,0.41081473926820106,0.0,0.0,18.026063901,,,2.0,2.0,-0.6174999999999999,,,,2.0,
,,,,1.0,1763425235.5077024,238.0,37.0,616,,,238,0.23826193569263224,0.0,2.0,18.028644855,,,4.0,0.0,-0.34249999999999997,,,,3.0,
,,,,1.0,1763425235.5100667,240.0,74.75,620,,,240,0.8234986338786482,0.0,5.0,18.031018745,,,2.0,0.0,0.39,,,,3.0,
,,,,1.0,1763425235.5113873,241.0,60.5,624,,,241,0.41093643060697355,0.0,2.0,18.032295499,,,4.0,1.0,-0.10749999999999998,,,,3.0,
,,,,1.0,1763425235.512769,242.0,48.25,628,,,242,0.427375712927162,1.0,2.0,18.033764933,,,4.0,1.0,-0.22999999999999998,,,,3.0,
,,,,1.0,1763425235.5194943,247.0,36.5,642,,,247,0.41535376488001163,0.0,2.0,18.040453333,,,4.0,0.0,-0.3475,,,,3.0,
,,,,1.0,1763425235.5206764,248.0,26.25,644,,,248,0.5178018443381599,0.0,2.0,18.041625967,,,2.0,0.0,-0.4725,,,,2.0,
,,,,1.0,1763425235.5246878,251.0,36.5,654,,,251,0.2179879583830263,0.0,2.0,18.045580356,,,3.0,2.0,-0.3575,,,,3.0,
,,,,1.0,1763425235.53499,259.0,37.0,674,,,259,0.35709767571352236,0.0,1.0,18.055902243,,,2.0,2.0,-0.4875,,,,3.0,
,,,,1.0,1763425235.5374885,261.0,50.5,679,,,261,0.4266365549270245,0.0,1.0,18.058427141,,,2.0,0.0,-0.3525,,,,3.0,
,,,,1.0,1763425235.5424361,265.0,49.5,688,,,265,0.5601506493792541,0.0,2.0,18.063367145,,,2.0,2.0,-0.2375,,,,3.0,
,,,,1.0,1763425235.5475106,269.0,38.25,698,,,269,0.375066660741794,0.0,1.0,18.068563424,,,2.0,0.0,-0.475,,,,3.0,
,,,,1.0,1763425235.54873,270.0,61.25,700,,,270,0.4100609710762535,0.0,0.0,18.069679829,,,2.0,0.0,-0.37,,,,3.0,
,,,,1.0,1763425235.551137,272.0,36.75,704,,,272,0.41081473926820106,0.0,0.0,18.072046667,,,2.0,0.0,-0.6174999999999999,,,,2.0,
,,,,1.0,1763425235.552509,273.0,38.0,708,,,273,0.578159796250137,0.0,3.0,18.073434882,,,4.0,0.0,-0.20749999999999996,,,,3.0,
,,,,1.0,1763425235.553816,274.0,36.5,711,,,274,0.5500624964492671,0.0,2.0,18.074781251,,,3.0,1.0,-0.3575,,,,3.0,
,,,,1.0,1763425235.560523,279.0,74.0,723,,,279,0.5443057504748595,0.0,1.0,18.081495205,,,2.0,0.0,-0.1175,,,,3.0,
,,,,1.0,1763425235.5647578,282.0,37.0,734,,,282,0.3535533905932738,1.0,1.0,18.085653929,,,3.0,2.0,-0.48,,,,2.0,
,,,,1.0,1763425235.5659902,283.0,62.0,736,,,283,0.7937372046212777,0.0,3.0,18.08694348,,,2.0,1.0,0.012500000000000011,,,,3.0,
,,,,1.0,1763425235.5774686,292.0,49.0,758,,,292,0.3500267846894006,0.0,0.0,18.098508783,,,2.0,1.0,-0.4925,,,,3.0,
,,,,1.0,1763425235.5997806,302.0,49.25,779,,,302,0.3535533905932738,0.0,0.0,18.120732629,,,2.0,0.0,-0.49,,,,3.0,
,,,,1.0,1763425235.6111746,311.0,35.75,803,,,311,0.26,0.0,3.0,18.13211229,,,4.0,2.0,-0.22999999999999998,,,,3.0,
,,,,1.0,1763425235.617478,316.0,52.0,816,,,316,0.6808588326518207,0.0,3.0,18.138466626,,,3.0,0.0,-0.07749999999999996,,,,3.0,
,,,,1.0,1763425235.6240387,321.0,49.0,827,,,321,0.3500267846894006,0.0,0.0,18.145082115,,,2.0,1.0,-0.4925,,,,3.0,
,,,,1.0,1763425235.6255014,322.0,62.75,829,,,322,0.439715817318413,0.0,1.0,18.146488344,,,2.0,1.0,-0.22999999999999998,,,,3.0,
,,,,1.0,1763425235.6281276,324.0,50.75,833,,,324,0.42871902220452035,0.0,1.0,18.149187583,,,2.0,0.0,-0.35,,,,3.0,
,,,,1.0,1763425235.6328745,327.0,27.75,847,,,327,0.04387482193696064,0.0,6.0,18.154046197,,,5.0,3.0,0.07500000000000008,,,,3.0,
,,,,1.0,1763425235.6370203,330.0,51.5,854,,,330,0.5969244089497431,0.0,2.0,18.157988422,,,3.0,0.0,-0.20749999999999996,,,,3.0,
,,,,1.0,1763425235.6396244,332.0,61.75,859,,,332,0.7429165498223874,0.0,2.0,18.160545313,,,2.0,0.0,-0.11499999999999999,,,,3.0,
,,,,1.0,1763425235.6459174,337.0,61.75,870,,,337,0.5590169943749475,0.0,1.0,18.166878005,,,2.0,0.0,-0.24,,,,3.0,
,,,,1.0,1763425235.649829,340.0,38.25,879,,,340,0.375066660741794,0.0,1.0,18.170664989,,,2.0,1.0,-0.475,,,,3.0,
,,,,1.0,1763425235.651052,341.0,49.0,881,,,341,0.3500267846894006,0.0,0.0,18.171885457,,,2.0,1.0,-0.4925,,,,3.0,
,,,,1.0,1763425235.6655083,352.0,49.5,907,,,352,0.649519052838329,0.0,1.0,18.186450663,,,2.0,0.0,-0.365,,,,2.0,
,,,,1.0,1763425235.6669796,353.0,12.0,911,,,353,0.41081473926820106,3.0,2.0,18.187964679,,,4.0,4.0,-0.5974999999999999,,,,1.0,
,,,,1.0,1763425235.678448,354.0,24.5,913,,,354,0.25,0.0,0.0,18.199532342,,,2.0,1.0,-0.74,,,,2.0,
,,,,1.0,1763425235.6832132,358.0,49.25,921,,,358,0.4146383966783588,0.0,1.0,18.20400801,,,2.0,2.0,-0.365,,,,3.0,
,,,,1.0,1763425235.6880403,362.0,25.5,933,,,362,0.22531921799970814,0.0,1.0,18.208819787,,,3.0,0.0,-0.5925,,,,3.0,
,,,,1.0,1763425235.6902175,364.0,49.25,937,,,364,0.4146383966783588,0.0,1.0,18.211075529,,,2.0,1.0,-0.365,,,,3.0,
,,,,1.0,1763425235.6974838,370.0,50.75,950,,,370,0.5662817320027196,0.0,2.0,18.21831193,,,2.0,0.0,-0.22499999999999998,,,,3.0,
,,,,1.0,1763425235.7036717,375.0,17.5,962,,,375,0.8940218118144545,1.0,5.0,18.22456959,,,4.0,2.0,-0.16499999999999992,,,,2.0,
,,,,1.0,1763425236.2782469,392.0,74.25,1008,,,396,0.6123724356957945,0.0,2.0,18.799363448,,,2.0,1.0,0.010000000000000007,,,,3.0,
,,,,1.0,1763425236.37819,394.0,37.0,1013,,,398,0.5000499975002499,0.0,1.0,18.899390283,,,2.0,0.0,-0.49,,,,2.0,
,,,,1.0,1763425236.5589616,397.0,50.5,1021,,,401,0.4266365549270245,0.0,1.0,19.080188363,,,2.0,1.0,-0.3525,,,,3.0,
,,,,1.0,1763425236.7159019,400.0,49.25,1027,,,404,0.49751256265545696,0.0,0.0,19.237107227,,,2.0,0.0,-0.4925,,,,2.0,
,,,,1.0,1763425236.7631774,401.0,37.25,1029,,,405,0.823874231906788,0.0,2.0,19.284381478,,,2.0,1.0,-0.36249999999999993,,,,2.0,
,,,,1.0,1763425236.8111744,402.0,61.5,1031,,,406,0.5579146440092785,0.0,1.0,19.332496038,,,2.0,1.0,-0.2425,,,,3.0,
,,,,1.0,1763425236.8815389,403.0,24.0,1034,,,407,0.21365860619221497,0.0,1.0,19.402929817,,,3.0,1.0,-0.61,,,,2.0,
,,,,1.0,1763425237.6057985,417.0,24.75,1063,,,421,0.4183524232032127,0.0,1.0,20.12704993,,,2.0,1.0,-0.6125,,,,2.0,
,,,,1.0,1763425237.8272958,421.0,37.75,1072,,,425,0.37155080406318597,0.0,1.0,20.348562861,,,3.0,2.0,-0.47,,,,3.0,
,,,,1.0,1763425238.1167407,425.0,39.75,1084,,,429,0.44189930979805797,0.0,2.0,20.637973217,,,2.0,0.0,-0.33499999999999996,,,,3.0,
,,,,1.0,1763425238.189427,426.0,36.25,1087,,,430,0.0050000000000000044,0.0,1.0,20.710714679,,,3.0,1.0,-0.485,,,,3.0,
,,,,1.0,1763425238.7989686,437.0,61.25,1112,,,441,0.4100609710762535,0.0,0.0,21.320152095,,,2.0,0.0,-0.37,,,,3.0,
,,,,1.0,1763425239.0218906,440.0,36.75,1121,,,444,0.4344752582138596,0.0,3.0,21.543244811,,,3.0,1.0,-0.23249999999999998,,,,2.0,
,,,,1.0,1763425239.1740515,443.0,61.5,1127,,,447,0.5579146440092785,0.0,1.0,21.695551926,,,2.0,0.0,-0.2425,,,,3.0,
,,,,1.0,1763425239.3485272,446.0,74.0,1134,,,450,0.5443057504748594,0.0,1.0,21.86993754,,,2.0,1.0,-0.1175,,,,3.0,
,,,,1.0,1763425239.74344,452.0,73.75,1150,,,456,0.43014532428006236,0.0,0.0,22.264553066,,,2.0,0.0,-0.245,,,,3.0,
,,,,1.0,1763425239.802502,453.0,50.25,1153,,,457,0.3753664875824692,0.0,4.0,22.323676267,,,3.0,0.0,0.030000000000000027,,,,3.0,
,,,,1.0,1763425240.727604,467.0,24.75,1191,,,471,0.4183524232032127,0.0,1.0,23.248888499,,,2.0,0.0,-0.6124999999999999,,,,2.0,
,,,,1.0,1763425240.7755125,468.0,61.75,1193,,,472,0.7429165498223874,0.0,2.0,23.296737759,,,2.0,1.0,-0.11499999999999999,,,,3.0,
,,,,1.0,1763425241.2154515,475.0,49.25,1211,,,479,0.3535533905932738,0.0,0.0,23.736748289,,,2.0,3.0,-0.49,,,,3.0,
,,,,1.0,1763425241.3137045,477.0,50.5,1215,,,481,0.4266365549270245,0.0,1.0,23.835115361,,,2.0,0.0,-0.3525,,,,3.0,
,,,,1.0,1763425241.7567954,484.0,61.5,1233,,,488,0.41233329964968873,0.0,0.0,24.278052189,,,2.0,1.0,-0.3675,,,,3.0,
,,,,1.0,1763425241.8548963,486.0,61.5,1237,,,490,0.5579146440092785,0.0,1.0,24.376051963,,,2.0,1.0,-0.2425,,,,3.0,
,,,,1.0,1763425242.1445103,491.0,50.5,1249,,,495,0.5805331601209357,1.0,2.0,24.665856053,,,3.0,4.0,-0.21749999999999997,,,,3.0,
,,,,1.0,1763425242.2446272,493.0,37.0,1253,,,497,0.35709767571352236,0.0,1.0,24.765963209,,,2.0,1.0,-0.4875,,,,3.0,
,,,,1.0,1763425242.5935407,499.0,39.25,1267,,,503,0.48210476039964595,0.0,3.0,25.114835546,,,3.0,2.0,-0.20499999999999996,,,,3.0,
,,,,1.0,1763425242.6579754,500.0,37.25,1269,,,504,0.8238742319067881,0.0,2.0,25.179229773,,,2.0,2.0,-0.3625,,,,2.0,
,,,,1.0,1763425242.75172,501.0,39.0,1273,,,505,0.7826677136563127,0.0,4.0,25.272987463,,,4.0,0.0,-0.07249999999999995,,,,3.0,
,,,,1.0,1763425243.3501658,511.0,49.5,1298,,,515,0.9663429774153688,0.0,5.0,25.871442369,,,3.0,0.0,0.14750000000000002,,,,3.0,
,,,,1.0,1763425243.8427691,518.0,37.0,1318,,,522,0.414578098794425,0.0,0.0,26.364062595,,,2.0,2.0,-0.615,,,,2.0,
,,,,1.0,1763425244.3574176,526.0,24.5,1338,,,530,0.25,0.0,0.0,26.878808402,,,2.0,0.0,-0.74,,,,2.0,
,,,,1.0,1763425244.408332,527.0,49.5,1340,,,531,0.5601506493792541,0.0,2.0,26.929701986,,,2.0,2.0,-0.2375,,,,3.0,
,,,,1.0,1763425244.662863,530.0,12.5,1350,,,534,0.4373428289111415,0.0,1.0,27.184163149,,,2.0,0.0,-0.7375,,,,1.0,
,,,,1.0,1763425244.924435,535.0,49.0,1360,,,539,0.3500267846894006,0.0,0.0,27.445636919000002,,,2.0,2.0,-0.4925,,,,3.0,
,,,,1.0,1763425245.0451407,537.0,50.0,1365,,,541,0.4043126883984721,0.0,1.0,27.566344632,,,3.0,2.0,-0.3475,,,,3.0,
,,,,1.0,1763425245.2111015,539.0,49.5,1372,,,543,0.6127958469180417,1.0,4.0,27.732608429,,,4.0,3.0,0.03250000000000003,,,,3.0,
,,,,1.0,1763425245.5374925,543.0,36.75,1389,,,547,0.21650635094610965,0.0,0.0,28.058797698,,,2.0,1.0,-0.615,,,,3.0,
,,,,1.0,1763425245.574082,544.0,24.75,1391,,,548,0.4330127018922193,0.0,0.0,28.095329159,,,2.0,0.0,-0.74,,,,1.0,
,,,,1.0,1763425245.6457634,546.0,24.5,1395,,,550,0.25,0.0,0.0,28.166935376,,,2.0,0.0,-0.74,,,,2.0,
,,,,1.0,1763425245.789192,549.0,36.75,1403,,,553,0.21650635094610965,0.0,0.0,28.310234763,,,2.0,4.0,-0.615,,,,3.0,
,,,,1.0,1763425245.888256,551.0,49.5,1409,,,555,0.4204387589173957,0.0,1.0,28.409397289,,,4.0,1.0,-0.34249999999999997,,,,3.0,
,,,,1.0,1763425246.0651677,555.0,63.25,1420,,,559,0.5489080068645383,0.0,2.0,28.586301733,,,2.0,2.0,-0.09999999999999998,,,,3.0,
,,,,1.0,1763425246.3773594,563.0,49.25,1438,,,567,0.4146383966783588,0.0,1.0,28.898540927,,,2.0,1.0,-0.365,,,,3.0,
,,,,1.0,1763425246.4449604,564.0,61.25,1441,,,568,0.6124744892646551,0.0,3.0,28.966333263,,,3.0,1.0,0.015000000000000013,,,,3.0,
,,,,1.0,1763425246.5839028,566.0,24.5,1447,,,570,0.02861380785564902,1.0,2.0,29.105081014,,,4.0,2.0,-0.46749999999999997,,,,3.0,
,,,,1.0,1763425246.7303152,569.0,62.75,1453,,,573,0.439715817318413,0.0,1.0,29.25163896,,,2.0,1.0,-0.22999999999999998,,,,3.0,
,,,,1.0,1763425247.1955075,576.0,49.0,1472,,,580,0.6123877448153253,0.0,4.0,29.716787749,,,4.0,2.0,0.027500000000000024,,,,3.0,
,,,,1.0,1763425247.931566,585.0,26.5,1501,,,589,0.3938511774769755,0.0,2.0,30.452750019,,,4.0,2.0,-0.44749999999999995,,,,3.0,
,,,,1.0,1763425248.1275449,589.0,26.75,1510,,,593,0.37205510344571274,0.0,2.0,30.648813411,,,3.0,2.0,-0.45499999999999996,,,,3.0,
,,,,1.0,1763425248.2110202,591.0,37.0,1514,,,595,0.414578098794425,0.0,0.0,30.732232184,,,2.0,1.0,-0.615,,,,2.0,
,,,,1.0,1763425248.463459,596.0,61.75,1526,,,600,0.5590169943749475,0.0,1.0,30.984690924,,,2.0,1.0,-0.24,,,,3.0,
,,,,1.0,1763425248.504429,597.0,62.0,1528,,,601,0.7937372046212777,0.0,3.0,31.0256807,,,2.0,0.0,0.012500000000000011,,,,3.0,
,,,,1.0,1763425248.974093,608.0,37.75,1555,,,612,0.42210040274797184,0.0,2.0,31.495305171,,,3.0,2.0,-0.3475,,,,2.0,
,,,,1.0,1763425249.0359056,610.0,49.5,1559,,,614,0.7541675874764177,0.0,2.0,31.557021537,,,2.0,1.0,-0.2375,,,,3.0,
,,,,1.0,1763425249.3657377,616.0,49.0,1575,,,620,0.495,0.0,0.0,31.886988378,,,2.0,1.0,-0.495,,,,2.0,
,,,,1.0,1763425249.802874,623.0,49.25,1593,,,627,0.3535533905932738,0.0,0.0,32.324039626,,,2.0,1.0,-0.49,,,,3.0,
,,,,1.0,1763425249.9147842,625.0,27.0,1598,,,629,0.5899576255969576,0.0,3.0,32.436104532,,,3.0,3.0,-0.32999999999999996,,,,2.0,
,,,,1.0,1763425249.96052,626.0,49.25,1600,,,630,0.3535533905932738,0.0,0.0,32.481766599,,,2.0,0.0,-0.49,,,,3.0,
,,,,1.0,1763425250.297466,631.0,36.5,1613,,,635,0.004330127018922198,0.0,1.0,32.818919705,,,3.0,2.0,-0.4825,,,,3.0,
,,,,1.0,1763425250.3577087,632.0,62.75,1615,,,636,0.439715817318413,0.0,1.0,32.879151101,,,2.0,0.0,-0.22999999999999998,,,,3.0,
,,,,1.0,1763425250.5366857,635.0,61.25,1622,,,639,0.4100609710762535,0.0,0.0,33.057953378,,,2.0,1.0,-0.37,,,,3.0,
,,,,1.0,1763425250.6130884,636.0,15.0,1625,,,640,0.6574714822712846,0.0,3.0,33.134385404,,,3.0,1.0,-0.45249999999999996,,,,1.0,
,,,,1.0,1763425250.8159132,639.0,49.75,1633,,,643,0.8329278180010558,0.0,2.0,33.337173421,,,2.0,0.0,-0.2375,,,,2.0,
,,,,1.0,1763425251.0911157,643.0,24.0,1644,,,647,0.4200223208354527,1.0,0.0,33.612579875,,,4.0,2.0,-0.7275,,,,1.0,
,,,,1.0,1763425251.2694523,646.0,37.0,1651,,,650,0.414578098794425,0.0,0.0,33.790749314,,,2.0,1.0,-0.615,,,,2.0,
,,,,1.0,1763425251.6055179,652.0,37.0,1664,,,656,0.35709767571352236,0.0,1.0,34.126758859,,,2.0,3.0,-0.4875,,,,3.0,
,,,,1.0,1763425252.0911036,660.0,62.0,1683,,,664,0.5454527935577926,0.0,2.0,34.612375782,,,2.0,0.0,-0.11249999999999999,,,,3.0,
,,,,1.0,1763425252.5778983,667.0,26.0,1702,,,671,0.4373785545725808,0.0,1.0,35.09913218,,,2.0,1.0,-0.5999999999999999,,,,2.0,
,,,,1.0,1763425253.3562963,676.0,49.5,1733,,,680,0.41685579041198406,0.0,1.0,35.877597188,,,2.0,1.0,-0.3625,,,,3.0,
,,,,1.0,1763425253.6136208,680.0,38.25,1743,,,684,0.7372584350144799,0.0,4.0,36.13491284,,,4.0,1.0,-0.07999999999999996,,,,3.0,
,,,,1.0,1763425253.9517868,685.0,37.5,1757,,,689,0.4070242621761017,0.0,2.0,36.473121274,,,4.0,1.0,-0.33749999999999997,,,,3.0,
,,,,1.0,1763425254.1653545,688.0,13.25,1766,,,692,0.42973829245251116,2.0,2.0,36.686703029,,,4.0,2.0,-0.585,,,,1.0,
,,,,1.0,1763425254.6110587,694.0,38.5,1783,,,698,0.6586349520030045,0.0,2.0,37.132289332,,,2.0,0.0,-0.35,,,,2.0,
,,,,1.0,1763425254.7142084,696.0,24.5,1787,,,700,0.25,0.0,0.0,37.235398824,,,2.0,1.0,-0.74,,,,2.0,
,,,,1.0,1763425254.8347223,698.0,50.5,1792,,,702,0.42663655492702446,0.0,1.0,37.355822257,,,2.0,1.0,-0.3525,,,,3.0,
,,,,1.0,1763425254.882603,699.0,74.75,1794,,,703,0.8234986338786482,0.0,5.0,37.403703134,,,2.0,0.0,0.39,,,,3.0,
,,,,1.0,1763425255.082008,703.0,37.0,1802,,,707,0.5000499975002499,0.0,1.0,37.603144939,,,2.0,0.0,-0.49,,,,2.0,
,,,,1.0,1763425255.1997447,705.0,48.5,1807,,,709,0.24762623043611515,1.0,2.0,37.720961469,,,3.0,1.0,-0.2375,,,,3.0,
,,,,1.0,1763425255.2933795,706.0,26.5,1811,,,710,0.28525208149985515,0.0,4.0,37.81465025,,,4.0,1.0,-0.19749999999999995,,,,3.0,
,,,,1.0,1763425255.6385353,712.0,49.75,1825,,,716,0.6411513081948754,0.0,4.0,38.159740103,,,4.0,1.0,0.03500000000000003,,,,3.0,
,,,,1.0,1763425255.7875144,715.0,61.5,1831,,,719,0.5579146440092785,0.0,1.0,38.308919668,,,2.0,0.0,-0.2425,,,,3.0,
,,,,1.0,1763425255.955655,717.0,61.5,1838,,,721,0.43164655680313263,0.0,1.0,38.477054314,,,2.0,0.0,-0.2425,,,,3.0,
,,,,1.0,1763425256.189482,721.0,24.25,1847,,,725,0.21510172012329423,1.0,1.0,38.710777407,,,3.0,3.0,-0.6074999999999999,,,,2.0,
,,,,1.0,1763425256.4221632,725.0,39.75,1856,,,729,0.44189930979805797,0.0,2.0,38.943617764,,,2.0,1.0,-0.33499999999999996,,,,3.0,
,,,,1.0,1763425256.4997878,726.0,36.5,1859,,,730,0.34651839777997356,1.0,1.0,39.021184666,,,3.0,2.0,-0.485,,,,2.0,
,,,,1.0,1763425257.7404263,746.0,35.75,1908,,,750,0.5472430904086409,0.0,2.0,40.26177699,,,4.0,0.0,-0.355,,,,3.0,
,,,,1.0,1763425258.1396058,753.0,36.25,1925,,,757,0.3465093793824346,1.0,1.0,40.660883733,,,3.0,2.0,-0.4875,,,,2.0,
,,,,1.0,1763425258.383894,758.0,37.0,1935,,,762,0.6123724356957945,0.0,1.0,40.905124066,,,2.0,1.0,-0.49,,,,2.0,
,,,,1.0,1763425258.6875277,763.0,61.5,1947,,,767,0.5579146440092785,0.0,1.0,41.208832296,,,2.0,2.0,-0.2425,,,,3.0,
,,,,1.0,1763425258.9171224,767.0,48.75,1957,,,771,0.4192254763250917,0.0,3.0,41.438458255,,,3.0,1.0,-0.10999999999999999,,,,3.0,
,,,,1.0,1763425259.0397277,769.0,24.75,1962,,,773,0.4183524232032127,0.0,1.0,41.561087746,,,2.0,0.0,-0.6125,,,,2.0,
,,,,1.0,1763425259.0893493,770.0,13.75,1964,,,774,0.45899346400575247,0.0,1.0,41.610648236,,,2.0,0.0,-0.725,,,,1.0,
,,,,1.0,1763425259.1630278,771.0,50.0,1967,,,775,0.2285142227521079,0.0,2.0,41.684311762,,,3.0,1.0,-0.22249999999999998,,,,3.0,
,,,,1.0,1763425259.4729922,776.0,74.25,1979,,,780,0.4330127018922193,0.0,0.0,41.994357319,,,2.0,0.0,-0.24,,,,3.0,
,,,,1.0,1763425259.9639525,784.0,49.25,1998,,,788,0.5448623679425842,0.0,1.0,42.485296713,,,2.0,0.0,-0.365,,,,3.0,
,,,,1.0,1763425260.015386,785.0,50.75,2000,,,789,0.44240818256447295,0.0,2.0,42.536734275,,,2.0,1.0,-0.22499999999999998,,,,3.0,
,,,,,1763425260.0447638,,,2000,,0.11719567328691483,793,,,,42.565791721,,0.562543511390686,,,,,,0.7087552547454834,,
,,,,1.0,1763425260.2768936,789.0,61.75,2010,,,797,0.7429165498223875,0.0,2.0,42.798446025,,,2.0,0.0,-0.11499999999999999,,,,3.0,
,,,,1.0,1763425260.774771,798.0,24.5,2031,,,806,0.25,0.0,0.0,43.295983406,,,2.0,0.0,-0.74,,,,2.0,
,,,,1.0,1763425260.9830997,801.0,39.25,2039,,,809,0.5899576255969576,0.0,2.0,43.504396683,,,3.0,2.0,-0.32999999999999996,,,,3.0,
,,,,1.0,1763425261.2770648,807.0,49.5,2051,,,815,0.7541675874764177,0.0,2.0,43.798321917,,,2.0,2.0,-0.2375,,,,3.0,
,,,,1.0,1763425261.742488,815.0,61.5,2070,,,823,0.41233329964968873,0.0,0.0,44.263782392,,,2.0,2.0,-0.3675,,,,3.0,
,,,,1.0,1763425261.9154313,818.0,49.0,2077,,,826,0.3500267846894006,0.0,0.0,44.436716941,,,2.0,2.0,-0.4925,,,,3.0,
,,,,1.0,1763425262.1670945,822.0,37.5,2087,,,830,0.3716433101779178,0.0,1.0,44.688434612,,,3.0,3.0,-0.4725,,,,3.0,
,,,,1.0,1763425262.7021391,831.0,49.5,2108,,,839,0.41685579041198406,0.0,1.0,45.223394359,,,2.0,2.0,-0.3625,,,,3.0,
,,,,1.0,1763425262.8314393,833.0,49.0,2113,,,841,0.3500267846894006,0.0,0.0,45.352723433,,,2.0,1.0,-0.4925,,,,3.0,
,,,,1.0,1763425263.1444542,838.0,61.5,2125,,,846,0.4123332996496888,0.0,0.0,45.665767126,,,2.0,1.0,-0.3675,,,,3.0,
,,,,1.0,1763425263.8576186,850.0,38.5,2154,,,858,0.43083494519363214,0.0,2.0,46.37913848,,,2.0,0.0,-0.3475,,,,3.0,
,,,,1.0,1763425264.1395133,855.0,37.0,2165,,,863,0.35709767571352236,0.0,1.0,46.66079701,,,2.0,1.0,-0.4875,,,,3.0,
,,,,1.0,1763425264.2689352,857.0,61.5,2170,,,865,0.4316465568031326,0.0,1.0,46.790136305,,,2.0,1.0,-0.2425,,,,3.0,
,,,,1.0,1763425264.7313988,864.0,61.5,2188,,,872,0.4123332996496888,0.0,0.0,47.252679432,,,2.0,0.0,-0.3675,,,,3.0,
,,,,1.0,1763425265.0096865,868.0,37.0,2199,,,876,0.414578098794425,0.0,0.0,47.530969727,,,2.0,1.0,-0.615,,,,2.0,
,,,,1.0,1763425265.2422707,872.0,37.75,2208,,,880,0.4065402809070708,0.0,2.0,47.7635744,,,3.0,3.0,-0.345,,,,3.0,
,,,,1.0,1763425265.370489,874.0,42.0,2213,,,882,0.7041439838555749,0.0,4.0,47.891836831,,,3.0,1.0,-0.052499999999999936,,,,3.0,
,,,,1.0,1763425266.1601346,885.0,13.25,2244,,,893,0.2636640855330889,0.0,1.0,48.681395644,,,3.0,1.0,-0.7175,,,,2.0,
,,,,1.0,1763425266.212119,886.0,49.5,2246,,,894,0.649519052838329,0.0,1.0,48.733401327,,,2.0,2.0,-0.365,,,,2.0,
,,,,1.0,1763425266.6216116,892.0,50.75,2263,,,900,0.42871902220452035,0.0,1.0,49.142856673,,,2.0,0.0,-0.35,,,,3.0,
,,,,1.0,1763425267.630171,908.0,49.0,2304,,,916,0.3500267846894006,0.0,0.0,50.151425272,,,2.0,4.0,-0.4925,,,,3.0,
,,,,1.0,1763425267.775642,910.0,50.75,2310,,,918,0.5662817320027196,0.0,2.0,50.296894212,,,2.0,0.0,-0.22499999999999998,,,,3.0,
,,,,1.0,1763425268.0417485,913.0,26.25,2321,,,921,0.6777305880657889,0.0,3.0,50.563052357,,,5.0,1.0,-0.31749999999999995,,,,2.0,
,,,,1.0,1763425268.1336305,914.0,48.25,2325,,,922,0.4116734142496938,0.0,1.0,50.654947577,,,4.0,3.0,-0.355,,,,3.0,
,,,,1.0,1763425268.650186,922.0,74.5,2347,,,930,0.9630777486786828,0.0,5.0,51.171408029,,,3.0,2.0,0.3975,,,,3.0,
,,,,1.0,1763425268.7958336,924.0,49.25,2353,,,932,0.4146383966783588,0.0,1.0,51.317097303,,,2.0,1.0,-0.365,,,,3.0,
,,,,1.0,1763425269.1621,930.0,52.0,2368,,,938,0.44979856602706064,0.0,2.0,51.683239798,,,2.0,0.0,-0.21249999999999997,,,,3.0,
,,,,1.0,1763425269.3325264,933.0,49.5,2375,,,941,0.7541675874764177,0.0,2.0,51.853649387,,,2.0,0.0,-0.2375,,,,3.0,
,,,,1.0,1763425269.4053195,934.0,38.0,2378,,,942,0.56966547200967,0.0,2.0,51.926483038,,,3.0,0.0,-0.34249999999999997,,,,3.0,
,,,,1.0,1763425269.6907737,938.0,25.75,2390,,,946,0.56966547200967,1.0,3.0,52.211978922,,,3.0,2.0,-0.34249999999999997,,,,2.0,
,,,,1.0,1763425269.7914448,940.0,61.25,2394,,,948,0.4100609710762535,0.0,0.0,52.31256808,,,2.0,0.0,-0.37,,,,3.0,
,,,,1.0,1763425270.2691054,948.0,61.75,2414,,,956,0.4330704330706496,0.0,1.0,52.790380269,,,2.0,0.0,-0.24,,,,3.0,
,,,,1.0,1763425270.7810302,957.0,37.0,2435,,,965,0.414578098794425,0.0,0.0,53.302279555,,,2.0,1.0,-0.615,,,,2.0,
,,,,1.0,1763425271.3695774,966.0,49.25,2459,,,974,0.5448623679425842,0.0,1.0,53.89084833,,,2.0,1.0,-0.365,,,,3.0,
,,,,1.0,1763425271.542377,969.0,49.0,2466,,,977,0.3500267846894006,0.0,0.0,54.063560603,,,2.0,1.0,-0.4925,,,,3.0,
,,,,1.0,1763425271.640575,971.0,50.5,2470,,,979,0.42663655492702446,0.0,1.0,54.161818309,,,2.0,1.0,-0.3525,,,,3.0,
,,,,1.0,1763425271.6912353,972.0,37.0,2472,,,980,0.35709767571352236,0.0,1.0,54.212485392,,,2.0,0.0,-0.4875,,,,3.0,
,,,,1.0,1763425271.7433403,973.0,49.25,2474,,,981,0.49751256265545696,0.0,0.0,54.264646807,,,2.0,0.0,-0.4925,,,,2.0,
,,,,1.0,1763425272.0300426,977.0,6.5,2486,,,985,0.6542314193005407,0.0,8.0,54.551381975,,,6.0,1.0,0.12250000000000011,,,,3.0,
,,,,1.0,1763425272.0789464,978.0,37.0,2488,,,986,0.35709767571352236,0.0,1.0,54.600145289,,,2.0,0.0,-0.4875,,,,3.0,
,,,,1.0,1763425272.3975966,984.0,38.0,2501,,,992,0.5696654720096699,1.0,2.0,54.918773286,,,3.0,3.0,-0.34249999999999997,,,,3.0,
,,,,1.0,1763425272.4961286,986.0,38.25,2505,,,994,0.375066660741794,0.0,1.0,55.01730409,,,2.0,2.0,-0.475,,,,3.0,
,,,,1.0,1763425272.5691912,987.0,49.0,2508,,,995,0.24510201957552288,0.0,2.0,55.090337095,,,3.0,2.0,-0.235,,,,2.0,
,,,,1.0,1763425272.7166984,989.0,25.75,2515,,,997,0.365,1.0,2.0,55.237885792,,,5.0,1.0,-0.44499999999999995,,,,3.0,
,,,,1.0,1763425272.9462817,992.0,61.0,2525,,,1000,0.35009820050951423,0.0,3.0,55.467543886,,,3.0,0.0,0.012500000000000011,,,,3.0,
,,,,1.0,1763425273.1341567,996.0,61.5,2533,,,1004,0.5579146440092785,0.0,1.0,55.655347493,,,2.0,2.0,-0.2425,,,,3.0,
,,,,1.0,1763425273.859297,1007.0,49.0,2563,,,1015,0.41685579041198406,0.0,3.0,56.380556682,,,3.0,1.0,-0.10749999999999998,,,,3.0,
,,,,1.0,1763425273.9864388,1009.0,12.25,2568,,,1017,0.21650635094610965,0.0,0.0,56.507757056,,,2.0,1.0,-0.865,,,,1.0,
,,,,1.0,1763425274.0597477,1010.0,24.75,2571,,,1018,0.5623777644964282,1.0,4.0,56.580926577,,,3.0,2.0,-0.22749999999999998,,,,2.0,
,,,,1.0,1763425274.1099172,1011.0,49.0,2573,,,1019,0.3500267846894006,0.0,0.0,56.631022956,,,2.0,0.0,-0.4925,,,,3.0,
,,,,1.0,1763425274.1598833,1012.0,38.5,2575,,,1020,0.5154367080447414,0.0,1.0,56.681104689,,,2.0,0.0,-0.475,,,,2.0,
,,,,1.0,1763425274.7730548,1023.0,62.0,2600,,,1031,0.7433160498738071,0.0,2.0,57.294093311,,,2.0,1.0,-0.11249999999999999,,,,3.0,
,,,,1.0,1763425274.821317,1024.0,38.25,2602,,,1032,0.5130972130113357,0.0,1.0,57.342463459,,,2.0,1.0,-0.4775,,,,2.0,
,,,,1.0,1763425275.041584,1027.0,61.5,2611,,,1035,0.41233329964968873,0.0,0.0,57.562845936,,,2.0,1.0,-0.3675,,,,3.0,
,,,,1.0,1763425275.2619047,1030.0,35.25,2620,,,1038,0.5438290172471492,1.0,2.0,57.783349403,,,5.0,2.0,-0.35,,,,3.0,
,,,,1.0,1763425275.3628113,1032.0,37.0,2624,,,1040,0.35709767571352236,0.0,1.0,57.884325284,,,2.0,2.0,-0.4875,,,,3.0,
,,,,1.0,1763425275.416124,1033.0,37.0,2626,,,1041,0.35709767571352236,0.0,1.0,57.937577323,,,2.0,1.0,-0.4875,,,,3.0,
,,,,1.0,1763425275.466417,1034.0,24.5,2628,,,1042,0.4286825748732971,0.0,0.0,57.987830083,,,2.0,1.0,-0.7424999999999999,,,,1.0,
,,,,1.0,1763425276.0283682,1042.0,24.5,2651,,,1050,0.25,0.0,0.0,58.549735535,,,2.0,1.0,-0.74,,,,2.0,
,,,,1.0,1763425276.1768346,1045.0,63.25,2657,,,1053,0.5489080068645383,0.0,2.0,58.698068626,,,2.0,0.0,-0.09999999999999998,,,,3.0,
,,,,1.0,1763425276.495897,1050.0,35.75,2670,,,1058,0.2107723890835799,0.0,0.0,59.017307501,,,4.0,2.0,-0.605,,,,3.0,
,,,,1.0,1763425276.5451765,1051.0,51.0,2672,,,1059,0.5494258366695182,0.0,3.0,59.066441673,,,2.0,1.0,-0.09749999999999998,,,,3.0,
,,,,1.0,1763425277.1425626,1060.0,50.5,2696,,,1068,0.7678012438124857,1.0,6.0,59.663860482,,,4.0,1.0,0.29250000000000004,,,,3.0,
,,,,1.0,1763425277.5372288,1066.0,74.25,2711,,,1074,0.6123724356957945,0.0,2.0,60.058621365,,,2.0,0.0,0.010000000000000009,,,,3.0,
,,,,1.0,1763425277.6662362,1068.0,25.75,2716,,,1076,0.5380694657755632,0.0,3.0,60.187540615,,,3.0,0.0,-0.34249999999999997,,,,2.0,
,,,,1.0,1763425278.089442,1074.0,73.75,2733,,,1082,0.43014532428006236,0.0,0.0,60.610696096,,,2.0,0.0,-0.245,,,,3.0,
,,,,1.0,1763425278.1411197,1075.0,36.75,2735,,,1083,0.41081473926820106,0.0,0.0,60.662374183,,,2.0,1.0,-0.6174999999999999,,,,2.0,
,,,,1.0,1763425278.297944,1079.0,74.0,2743,,,1087,0.4315886351608439,0.0,0.0,60.819168202,,,2.0,1.0,-0.2425,,,,3.0,
,,,,1.0,1763425278.5455217,1083.0,49.25,2754,,,1091,0.4146383966783588,0.0,1.0,61.066657102,,,2.0,3.0,-0.365,,,,3.0,
,,,,1.0,1763425278.6266208,1085.0,37.5,2758,,,1093,0.8336815938954152,0.0,3.0,61.147712841,,,2.0,0.0,-0.235,,,,2.0,
,,,,1.0,1763425278.9285383,1091.0,49.5,2774,,,1099,0.5,0.0,0.0,61.449847882,,,2.0,1.0,-0.49,,,,2.0,
,,,,1.0,1763425279.0810819,1095.0,49.25,2783,,,1103,0.5448623679425842,0.0,1.0,61.602177939,,,2.0,3.0,-0.365,,,,3.0,
,,,,1.0,1763425279.2310393,1098.0,25.0,2792,,,1106,0.428485705712571,1.0,1.0,61.752191474,,,4.0,4.0,-0.59,,,,2.0,
,,,,1.0,1763425279.2668884,1099.0,49.25,2794,,,1107,0.4146383966783588,0.0,1.0,61.78804809,,,2.0,2.0,-0.365,,,,3.0,
,,,,1.0,1763425279.592385,1106.0,63.5,2814,,,1114,0.7110687378868515,0.0,3.0,62.113523895,,,2.0,1.0,0.027500000000000024,,,,3.0,
,,,,1.0,1763425279.6233373,1107.0,62.75,2816,,,1115,0.4397158173184131,0.0,1.0,62.144475317,,,2.0,0.0,-0.22999999999999998,,,,3.0,
,,,,1.0,1763425279.731274,1110.0,49.0,2823,,,1118,0.3500267846894006,0.0,0.0,62.252352051,,,2.0,0.0,-0.4925,,,,3.0,
,,,,1.0,1763425279.7916734,1111.0,38.0,2827,,,1119,0.5759503016754136,0.0,3.0,62.312812146,,,4.0,3.0,-0.20749999999999996,,,,3.0,
,,,,1.0,1763425279.9601767,1115.0,50.75,2838,,,1123,0.5662817320027196,0.0,2.0,62.481319188,,,2.0,1.0,-0.22499999999999998,,,,3.0,
,,,,1.0,1763425280.0223813,1117.0,36.75,2842,,,1125,0.21650635094610965,0.0,0.0,62.543534652,,,2.0,0.0,-0.615,,,,3.0,
,,,,1.0,1763425280.2807221,1124.0,49.75,2860,,,1132,0.7437405461584032,0.0,3.0,62.801746346,,,2.0,0.0,-0.10999999999999999,,,,3.0,
,,,,1.0,1763425280.308382,1125.0,61.25,2862,,,1133,0.4100609710762535,0.0,0.0,62.829501344,,,2.0,0.0,-0.37,,,,3.0,
,,,,1.0,1763425280.4452155,1128.0,24.75,2870,,,1136,0.649519052838329,0.0,1.0,62.966510812,,,4.0,1.0,-0.595,,,,1.0,
,,,,1.0,1763425280.5479262,1131.0,24.75,2876,,,1139,0.4330127018922193,0.0,0.0,63.06905069,,,2.0,0.0,-0.74,,,,1.0,
,,,,1.0,1763425280.766795,1137.0,61.25,2889,,,1145,0.4100609710762535,0.0,0.0,63.287974889,,,2.0,1.0,-0.37,,,,3.0,
,,,,1.0,1763425281.8639839,1154.0,38.25,2935,,,1162,0.5130972130113357,0.0,1.0,64.385280668,,,2.0,0.0,-0.4775,,,,2.0,
,,,,1.0,1763425281.949011,1156.0,49.5,2939,,,1164,0.41685579041198406,0.0,1.0,64.470359574,,,2.0,1.0,-0.3625,,,,3.0,
,,,,1.0,1763425281.9901261,1157.0,37.0,2941,,,1165,0.35709767571352236,0.0,1.0,64.511370402,,,2.0,0.0,-0.4875,,,,3.0,
,,,,1.0,1763425282.2946475,1163.0,49.75,2957,,,1171,0.5460311346434378,0.0,3.0,64.815682552,,,2.0,0.0,-0.10999999999999999,,,,3.0,
,,,,1.0,1763425282.3305957,1164.0,36.75,2959,,,1172,0.21650635094610965,0.0,0.0,64.851583961,,,2.0,1.0,-0.615,,,,3.0,
,,,,1.0,1763425282.3827229,1165.0,63.0,2962,,,1173,0.553821947921893,0.0,5.0,64.903771686,,,3.0,1.0,0.28250000000000003,,,,3.0,
,,,,1.0,1763425282.7096138,1173.0,25.25,2982,,,1181,0.22410934831014973,0.0,1.0,65.230582834,,,3.0,2.0,-0.595,,,,3.0,
,,,,1.0,1763425282.7402651,1174.0,24.75,2984,,,1182,0.4183524232032127,0.0,1.0,65.261185709,,,2.0,0.0,-0.6125,,,,2.0,
,,,,1.0,1763425282.8901772,1178.0,48.25,2994,,,1186,0.2452549693686144,0.0,2.0,65.411255238,,,4.0,0.0,-0.22999999999999998,,,,3.0,
,,,,1.0,1763425282.9534779,1180.0,49.25,2998,,,1188,0.4146383966783588,0.0,1.0,65.47452957,,,2.0,1.0,-0.365,,,,3.0,
,,,,1.0,1763425283.0210662,1182.0,50.5,3002,,,1194,0.4266365549270245,0.0,1.0,65.541956367,,,2.0,2.0,-0.3525,,,,3.0,
,,,,1.0,1763425283.125632,1185.0,49.25,3009,,,1197,0.4146383966783588,0.0,1.0,65.646791723,,,2.0,1.0,-0.365,,,,3.0,
,,,,1.0,1763425283.1715198,1186.0,49.25,3012,,,1198,0.9407709604361734,0.0,4.0,65.692639083,,,3.0,3.0,0.020000000000000018,,,,3.0,
,,,,1.0,1763425283.8990042,1201.0,37.0,3049,,,1213,0.6123724356957945,0.0,1.0,66.420065776,,,2.0,0.0,-0.48999999999999994,,,,2.0,
,,,,1.0,1763425284.0423698,1203.0,50.75,3055,,,1215,0.5662817320027197,0.0,2.0,66.563599223,,,2.0,0.0,-0.22499999999999998,,,,3.0,
,,,,1.0,1763425284.2627711,1207.0,24.5,3064,,,1219,0.21650635094610965,1.0,1.0,66.783918212,,,3.0,4.0,-0.605,,,,2.0,
,,,,1.0,1763425284.4113793,1210.0,50.5,3070,,,1222,0.42663655492702446,0.0,1.0,66.932615554,,,2.0,0.0,-0.3525,,,,3.0,
,,,,1.0,1763425284.702889,1214.0,49.0,3082,,,1226,0.3500267846894006,0.0,0.0,67.224115269,,,2.0,0.0,-0.4925,,,,3.0,
,,,,1.0,1763425284.9252348,1218.0,50.5,3091,,,1230,0.4266365549270245,0.0,1.0,67.446425577,,,2.0,0.0,-0.3525,,,,3.0,
,,,,1.0,1763425285.056068,1220.0,23.75,3098,,,1232,0.6186022550880331,3.0,6.0,67.57724964,,,5.0,4.0,0.03250000000000003,,,,2.0,
,,,,1.0,1763425285.1409414,1222.0,49.0,3102,,,1234,0.3500267846894006,0.0,0.0,67.661968815,,,2.0,2.0,-0.4925,,,,3.0,
,,,,1.0,1763425285.8385684,1233.0,40.0,3131,,,1245,0.45411314669364067,1.0,3.0,68.359847258,,,4.0,1.0,-0.18749999999999994,,,,3.0,
,,,,1.0,1763425286.114945,1237.0,49.75,3142,,,1249,0.8958341085267963,0.0,3.0,68.636228701,,,2.0,0.0,-0.11249999999999999,,,,2.0,
,,,,1.0,1763425286.1891391,1238.0,38.25,3145,,,1250,0.5466717479438644,0.0,2.0,68.710430536,,,3.0,0.0,-0.33999999999999997,,,,3.0,
,,,,1.0,1763425286.4413655,1241.0,49.25,3155,,,1253,0.4146383966783588,0.0,1.0,68.962651869,,,2.0,2.0,-0.365,,,,3.0,
,,,,1.0,1763425286.4937727,1242.0,63.25,3157,,,1254,0.5489080068645382,0.0,2.0,69.015023737,,,2.0,1.0,-0.09999999999999998,,,,3.0,
,,,,1.0,1763425286.699459,1245.0,61.5,3165,,,1257,0.5579146440092785,0.0,1.0,69.220727872,,,2.0,0.0,-0.2425,,,,3.0,
,,,,1.0,1763425287.2939458,1254.0,24.5,3188,,,1266,0.25,0.0,0.0,69.815228201,,,2.0,2.0,-0.74,,,,2.0,
,,,,1.0,1763425287.5173738,1257.0,26.0,3197,,,1269,0.2309085316743407,0.0,3.0,70.038798431,,,4.0,1.0,-0.32749999999999996,,,,3.0,
,,,,1.0,1763425287.5945272,1258.0,13.5,3200,,,1270,0.41988093550434036,0.0,2.0,70.115855915,,,3.0,2.0,-0.59,,,,2.0,
,,,,1.0,1763425287.6466057,1259.0,51.0,3202,,,1271,0.44369894072445115,0.0,2.0,70.167949154,,,2.0,0.0,-0.22249999999999998,,,,3.0,
,,,,1.0,1763425287.9348848,1264.0,49.5,3213,,,1276,0.41685579041198406,0.0,1.0,70.456298612,,,2.0,2.0,-0.3625,,,,3.0,
,,,,1.0,1763425288.735325,1279.0,61.25,3252,,,1291,0.4100609710762535,0.0,0.0,71.256581734,,,2.0,1.0,-0.37,,,,3.0,
,,,,1.0,1763425288.782979,1280.0,49.0,3254,,,1292,0.35002678468940057,0.0,0.0,71.304287643,,,2.0,1.0,-0.4925,,,,3.0,
,,,,1.0,1763425288.830196,1281.0,37.0,3256,,,1293,0.414578098794425,0.0,0.0,71.351481309,,,2.0,1.0,-0.615,,,,2.0,
,,,,1.0,1763425289.1467824,1286.0,64.5,3269,,,1298,0.7548302789369276,0.0,4.0,71.668124308,,,3.0,1.0,0.17250000000000004,,,,3.0,
,,,,1.0,1763425289.1966758,1287.0,50.5,3271,,,1299,0.4266365549270245,0.0,1.0,71.717939321,,,2.0,2.0,-0.3525,,,,3.0,
,,,,1.0,1763425289.5036418,1293.0,74.75,3283,,,1305,0.8234986338786483,0.0,5.0,72.024973998,,,2.0,0.0,0.39,,,,3.0,
,,,,1.0,1763425289.924349,1300.0,37.0,3299,,,1312,0.35709767571352236,0.0,1.0,72.445681738,,,2.0,0.0,-0.4875,,,,3.0,
,,,,1.0,1763425290.1894789,1305.0,50.5,3310,,,1317,0.4266365549270245,0.0,1.0,72.710800268,,,2.0,1.0,-0.3525,,,,3.0,
,,,,1.0,1763425290.3137107,1307.0,50.25,3315,,,1319,0.7316249038954319,0.0,3.0,72.835090457,,,3.0,1.0,-0.09499999999999997,,,,3.0,
,,,,1.0,1763425290.574867,1312.0,49.25,3327,,,1324,0.4146383966783588,0.0,1.0,73.096111881,,,2.0,1.0,-0.365,,,,3.0,
,,,,1.0,1763425290.842172,1316.0,24.5,3338,,,1328,0.21650635094610965,0.0,3.0,73.363458501,,,3.0,1.0,-0.355,,,,2.0,
,,,,1.0,1763425291.5281117,1326.0,49.25,3365,,,1338,0.6480885356183984,0.0,1.0,74.049384693,,,2.0,1.0,-0.3675,,,,2.0,
,,,,1.0,1763425291.5805655,1327.0,24.5,3367,,,1339,0.25,0.0,0.0,74.101900812,,,2.0,1.0,-0.74,,,,2.0,
,,,,1.0,1763425291.6325052,1328.0,36.75,3369,,,1340,0.41081473926820106,0.0,0.0,74.153726835,,,2.0,0.0,-0.6174999999999999,,,,2.0,
,,,,1.0,1763425292.1917112,1337.0,49.25,3391,,,1349,0.49751256265545696,0.0,0.0,74.712991542,,,2.0,0.0,-0.4925,,,,2.0,
,,,,1.0,1763425292.4033134,1341.0,74.0,3399,,,1353,0.6123877448153253,0.0,2.0,74.924601851,,,2.0,0.0,0.007500000000000007,,,,3.0,
,,,,1.0,1763425292.7926602,1347.0,36.5,3414,,,1359,0.004330127018922198,0.0,1.0,75.313942321,,,3.0,1.0,-0.4825,,,,3.0,
,,,,1.0,1763425293.042871,1351.0,39.0,3424,,,1363,0.575646375824603,0.0,3.0,75.564151957,,,4.0,2.0,-0.19749999999999995,,,,3.0,
,,,,1.0,1763425293.1447034,1353.0,49.5,3428,,,1365,0.5601506493792541,0.0,2.0,75.665996015,,,2.0,0.0,-0.2375,,,,3.0,
,,,,1.0,1763425293.2932687,1354.0,12.0,3434,,,1366,0.028284271247461926,1.0,3.0,75.814640514,,,6.0,2.0,-0.44999999999999996,,,,2.0,
,,,,1.0,1763425293.495621,1358.0,24.5,3442,,,1370,0.4286825748732971,0.0,0.0,76.016971952,,,2.0,0.0,-0.7424999999999999,,,,1.0,
,,,,1.0,1763425293.547671,1359.0,37.25,3444,,,1371,0.6509752299435057,0.0,2.0,76.069018621,,,2.0,0.0,-0.3625,,,,2.0,
,,,,1.0,1763425294.1013284,1367.0,50.5,3467,,,1379,0.4266365549270245,0.0,1.0,76.6226227,,,2.0,1.0,-0.3525,,,,3.0,
,,,,1.0,1763425294.1514294,1368.0,26.0,3469,,,1380,0.4373785545725808,0.0,1.0,76.672735322,,,2.0,0.0,-0.5999999999999999,,,,2.0,
,,,,1.0,1763425294.2013972,1369.0,49.75,3471,,,1381,0.7437405461584032,0.0,3.0,76.72268618,,,2.0,0.0,-0.10999999999999999,,,,3.0,
,,,,1.0,1763425294.5808926,1376.0,24.5,3486,,,1388,0.25,0.0,0.0,77.102188722,,,2.0,2.0,-0.74,,,,2.0,
,,,,1.0,1763425294.6312048,1377.0,49.0,3488,,,1389,0.3500267846894006,0.0,0.0,77.152517304,,,2.0,1.0,-0.4925,,,,3.0,
,,,,1.0,1763425295.1380093,1383.0,37.25,3508,,,1395,0.2367488120350343,0.0,2.0,77.659308192,,,4.0,1.0,-0.33999999999999997,,,,3.0,
,,,,1.0,1763425295.2421708,1385.0,50.5,3512,,,1397,0.42663655492702446,0.0,1.0,77.763458264,,,2.0,0.0,-0.3525,,,,3.0,
,,,,1.0,1763425295.4714422,1387.0,25.5,3521,,,1399,0.34770677301427416,0.0,2.0,77.992863278,,,3.0,1.0,-0.47,,,,2.0,
,,,,1.0,1763425295.575735,1389.0,50.75,3525,,,1401,0.42871902220452035,0.0,1.0,78.097045185,,,2.0,1.0,-0.35,,,,3.0,
,,,,1.0,1763425295.8077378,1393.0,61.75,3534,,,1405,0.7429165498223875,0.0,2.0,78.329084173,,,2.0,0.0,-0.11499999999999999,,,,3.0,
,,,,1.0,1763425296.281369,1403.0,62.0,3556,,,1415,0.7433160498738071,0.0,2.0,78.802570383,,,2.0,0.0,-0.11249999999999999,,,,3.0,
,,,,1.0,1763425296.3442147,1404.0,49.25,3560,,,1416,0.6165377117419502,0.0,4.0,78.865444495,,,4.0,1.0,0.027500000000000035,,,,2.0,
,,,,1.0,1763425296.4505272,1406.0,14.5,3566,,,1418,0.45612498287201947,1.0,2.0,78.971797532,,,4.0,3.0,-0.57,,,,2.0,
,,,,1.0,1763425296.8449593,1413.0,61.75,3584,,,1425,0.4330704330706496,0.0,1.0,79.366235366,,,2.0,1.0,-0.24,,,,3.0,
,,,,1.0,1763425296.8989968,1414.0,49.25,3586,,,1426,0.4146383966783588,0.0,1.0,79.420550014,,,2.0,0.0,-0.365,,,,3.0,
,,,,1.0,1763425297.1633072,1418.0,24.75,3597,,,1430,0.4330127018922193,0.0,0.0,79.684608312,,,2.0,0.0,-0.74,,,,1.0,
,,,,1.0,1763425297.2881796,1420.0,61.75,3602,,,1432,0.9407709604361734,0.0,3.0,79.809435418,,,3.0,2.0,0.020000000000000018,,,,3.0,
,,,,1.0,1763425297.3490357,1421.0,38.25,3605,,,1433,0.4108527716834828,1.0,2.0,79.870164428,,,3.0,3.0,-0.33999999999999997,,,,3.0,
,,,,1.0,1763425297.3911,1422.0,73.5,3607,,,1434,0.4286825748732971,0.0,0.0,79.912082304,,,2.0,1.0,-0.2475,,,,3.0,
,,,,1.0,1763425297.6775424,1427.0,49.25,3619,,,1439,0.3535533905932738,0.0,0.0,80.198654111,,,2.0,2.0,-0.49,,,,3.0,
,,,,1.0,1763425298.098215,1435.0,61.75,3637,,,1447,0.649519052838329,0.0,2.0,80.619311547,,,2.0,2.0,-0.11499999999999999,,,,3.0,
,,,,1.0,1763425298.3813741,1440.0,61.5,3649,,,1452,0.4316465568031326,0.0,1.0,80.902576345,,,2.0,0.0,-0.2425,,,,3.0,
,,,,1.0,1763425298.6453004,1443.0,74.0,3661,,,1455,0.5443057504748594,0.0,1.0,81.166567127,,,2.0,0.0,-0.1175,,,,3.0,
,,,,1.0,1763425298.7428057,1444.0,25.75,3665,,,1456,0.7372584350144799,1.0,5.0,81.264092935,,,4.0,5.0,-0.07999999999999996,,,,3.0,
,,,,1.0,1763425298.8401117,1445.0,23.75,3669,,,1457,0.2122940178149163,0.0,1.0,81.36145885,,,4.0,1.0,-0.6025,,,,2.0,
,,,,1.0,1763425299.0974364,1449.0,61.5,3679,,,1461,0.5579146440092785,0.0,1.0,81.61874879,,,2.0,0.0,-0.2425,,,,3.0,
,,,,1.0,1763425299.3534293,1454.0,36.75,3689,,,1466,0.41081473926820106,0.0,0.0,81.874655016,,,2.0,0.0,-0.6174999999999999,,,,2.0,
,,,,1.0,1763425299.4540403,1456.0,37.0,3693,,,1468,0.414578098794425,0.0,0.0,81.975343556,,,2.0,0.0,-0.615,,,,2.0,
,,,,1.0,1763425299.7100554,1460.0,36.25,3703,,,1472,0.0050000000000000044,0.0,1.0,82.231355681,,,3.0,1.0,-0.485,,,,3.0,
,,,,1.0,1763425299.7870073,1461.0,36.25,3706,,,1473,0.21365860619221497,1.0,0.0,82.308444284,,,3.0,4.0,-0.61,,,,3.0,
,,,,1.0,1763425300.1250784,1467.0,36.75,3719,,,1479,0.41081473926820106,0.0,0.0,82.646312745,,,2.0,1.0,-0.6174999999999999,,,,2.0,
,,,,1.0,1763425300.6104608,1476.0,25.5,3742,,,1488,0.36423721665969283,0.0,6.0,83.131809266,,,6.0,2.0,0.06250000000000008,,,,3.0,
,,,,1.0,1763425302.2413023,1502.0,38.75,3808,,,1514,0.435918570377542,0.0,2.0,84.762613608,,,4.0,1.0,-0.32499999999999996,,,,3.0,
,,,,1.0,1763425302.3392456,1503.0,24.0,3812,,,1515,0.4100609710762535,0.0,1.0,84.860587031,,,4.0,2.0,-0.6,,,,2.0,
,,,,1.0,1763425302.3890793,1504.0,24.5,3814,,,1516,0.25,0.0,0.0,84.910300437,,,2.0,1.0,-0.74,,,,2.0,
,,,,1.0,1763425302.5841587,1506.0,13.25,3822,,,1518,0.25627134057479,0.0,5.0,85.10544653,,,6.0,2.0,-0.18499999999999991,,,,3.0,
,,,,1.0,1763425302.6336834,1507.0,61.75,3824,,,1519,0.4330704330706496,0.0,1.0,85.154962745,,,2.0,1.0,-0.24,,,,3.0,
,,,,1.0,1763425302.7382872,1509.0,62.25,3828,,,1521,0.8975800799928662,0.0,4.0,85.259570238,,,2.0,1.0,0.14,,,,3.0,
,,,,1.0,1763425302.79108,1510.0,73.75,3830,,,1522,0.5437370688117558,0.0,1.0,85.312346153,,,2.0,0.0,-0.12,,,,3.0,
,,,,1.0,1763425302.8421304,1511.0,74.0,3832,,,1523,0.6123877448153253,0.0,2.0,85.363279341,,,2.0,0.0,0.007500000000000007,,,,3.0,
,,,,1.0,1763425302.8920736,1512.0,37.25,3834,,,1524,0.41910619179391756,0.0,2.0,85.413385391,,,2.0,1.0,-0.36,,,,3.0,
,,,,1.0,1763425302.9433274,1513.0,26.0,3836,,,1525,0.4373785545725808,0.0,1.0,85.464636772,,,2.0,0.0,-0.6,,,,2.0,
,,,,1.0,1763425303.045527,1515.0,38.25,3840,,,1527,0.5130972130113357,0.0,1.0,85.566783465,,,2.0,0.0,-0.4775,,,,2.0,
,,,,1.0,1763425303.150181,1517.0,49.5,3844,,,1529,0.5601506493792541,0.0,2.0,85.67141034,,,2.0,1.0,-0.2375,,,,3.0,
,,,,1.0,1763425303.4636729,1522.0,24.25,3856,,,1534,0.4070626487409524,3.0,1.0,85.985003638,,,3.0,5.0,-0.61,,,,1.0,
,,,,1.0,1763425303.6199577,1524.0,49.25,3862,,,1536,0.41835989291517894,0.0,1.0,86.141294384,,,4.0,1.0,-0.345,,,,3.0,
,,,,1.0,1763425303.9586904,1530.0,61.25,3875,,,1542,0.4100609710762535,0.0,0.0,86.47990866,,,2.0,1.0,-0.37,,,,3.0,
,,,,1.0,1763425304.010953,1531.0,37.0,3877,,,1543,0.414578098794425,0.0,0.0,86.532123261,,,2.0,1.0,-0.615,,,,2.0,
,,,,1.0,1763425304.113912,1533.0,37.0,3881,,,1545,0.35709767571352236,0.0,1.0,86.635234415,,,2.0,0.0,-0.4875,,,,3.0,
,,,,1.0,1763425304.2131686,1534.0,36.25,3885,,,1546,0.2152179128232592,1.0,2.0,86.734384846,,,4.0,1.0,-0.3525,,,,2.0,
,,,,1.0,1763425304.6011555,1539.0,36.25,3900,,,1551,0.0050000000000000044,0.0,1.0,87.122389943,,,3.0,0.0,-0.485,,,,3.0,
,,,,1.0,1763425304.8599315,1543.0,36.75,3911,,,1555,0.21650635094610965,0.0,0.0,87.381644131,,,2.0,1.0,-0.615,,,,3.0,
,,,,1.0,1763425305.0676713,1546.0,37.0,3920,,,1558,0.35709767571352236,0.0,1.0,87.588969826,,,2.0,0.0,-0.4875,,,,3.0,
,,,,1.0,1763425305.116097,1547.0,61.25,3922,,,1559,0.4100609710762535,0.0,0.0,87.637368403,,,2.0,1.0,-0.37,,,,3.0,
,,,,1.0,1763425305.3850522,1551.0,49.0,3933,,,1563,0.3500267846894006,0.0,0.0,87.906379261,,,2.0,3.0,-0.4925,,,,3.0,
,,,,1.0,1763425305.6082742,1554.0,38.0,3942,,,1566,0.7414007013754438,0.0,4.0,88.129608647,,,4.0,3.0,-0.08499999999999995,,,,2.0,
,,,,1.0,1763425305.8667192,1558.0,49.5,3952,,,1570,0.5601506493792541,0.0,2.0,88.388058508,,,2.0,1.0,-0.2375,,,,3.0,
,,,,1.0,1763425305.9442513,1559.0,48.5,3955,,,1571,0.20932928605429293,0.0,1.0,88.465577358,,,3.0,1.0,-0.3625,,,,3.0,
,,,,1.0,1763425306.2286367,1564.0,38.25,3966,,,1576,0.375066660741794,0.0,1.0,88.749843221,,,2.0,0.0,-0.475,,,,3.0,
,,,,1.0,1763425306.5784404,1570.0,12.25,3981,,,1582,0.21650635094610965,0.0,0.0,89.099350865,,,2.0,0.0,-0.865,,,,1.0,
,,,,1.0,1763425306.6697052,1572.0,61.75,3986,,,1584,0.7429165498223874,0.0,2.0,89.190879519,,,2.0,2.0,-0.11499999999999999,,,,3.0,
,,,,1.0,1763425306.8512452,1576.0,49.5,3994,,,1588,0.41685579041198406,0.0,1.0,89.372506941,,,2.0,0.0,-0.3625,,,,3.0,
,,,,1.0,1763425306.923087,1577.0,62.75,3997,,,1589,0.5476540879058606,0.0,2.0,89.444405846,,,3.0,0.0,-0.09499999999999997,,,,3.0,
,,,,1.0,1763425307.152159,1581.0,49.25,4006,,,1597,0.3535533905932738,0.0,0.0,89.673390348,,,2.0,3.0,-0.49,,,,3.0,
,,,,1.0,1763425307.4747975,1587.0,63.0,4019,,,1603,0.44104279837675614,0.0,1.0,89.996054568,,,2.0,1.0,-0.22749999999999998,,,,3.0,
,,,,1.0,1763425307.718106,1591.0,50.75,4029,,,1607,0.42871902220452035,0.0,1.0,90.239371439,,,2.0,0.0,-0.35,,,,3.0,
,,,,1.0,1763425307.819559,1593.0,24.5,4033,,,1609,0.25,0.0,0.0,90.340812495,,,2.0,1.0,-0.74,,,,2.0,
,,,,1.0,1763425307.8707612,1594.0,26.0,4035,,,1610,0.4373785545725808,0.0,1.0,90.392043766,,,2.0,0.0,-0.6,,,,2.0,
,,,,1.0,1763425307.975626,1596.0,49.5,4039,,,1612,0.41685579041198406,0.0,1.0,90.496905878,,,2.0,0.0,-0.3625,,,,3.0,
,,,,1.0,1763425308.1298153,1598.0,36.75,4045,,,1614,0.41081473926820106,0.0,0.0,90.651084003,,,2.0,2.0,-0.6174999999999999,,,,2.0,
,,,,1.0,1763425308.1821837,1599.0,39.75,4047,,,1615,0.44189930979805797,0.0,2.0,90.703387079,,,2.0,1.0,-0.33499999999999996,,,,3.0,
,,,,1.0,1763425308.626366,1606.0,38.25,4065,,,1622,0.5130972130113357,0.0,1.0,91.147752895,,,2.0,0.0,-0.4775,,,,2.0,
,,,,1.0,1763425308.7814934,1609.0,61.5,4071,,,1625,0.5579146440092785,0.0,1.0,91.302817453,,,2.0,0.0,-0.2425,,,,3.0,
,,,,1.0,1763425308.8353896,1610.0,61.75,4073,,,1626,0.7429165498223875,0.0,2.0,91.356564159,,,2.0,0.0,-0.11499999999999999,,,,3.0,
,,,,1.0,1763425309.4875293,1622.0,37.0,4098,,,1638,0.35709767571352236,0.0,1.0,92.008840845,,,2.0,2.0,-0.4875,,,,3.0,
,,,,1.0,1763425309.9644125,1630.0,61.25,4116,,,1646,0.4100609710762535,0.0,0.0,92.485692993,,,2.0,1.0,-0.37,,,,3.0,
,,,,1.0,1763425310.115032,1632.0,61.5,4122,,,1648,0.9394779135243149,0.0,3.0,92.636449525,,,3.0,2.0,0.017500000000000016,,,,3.0,
,,,,1.0,1763425310.5993536,1637.0,53.25,4141,,,1653,1.1299778758896122,0.0,8.0,93.120697205,,,4.0,0.0,0.5700000000000001,,,,3.0,
,,,,1.0,1763425310.780209,1640.0,37.0,4148,,,1656,0.3570976757135224,0.0,1.0,93.301480601,,,2.0,2.0,-0.4875,,,,3.0,
,,,,1.0,1763425311.1147797,1644.0,25.0,4161,,,1660,0.3680692869555948,0.0,2.0,93.636075499,,,4.0,0.0,-0.46499999999999997,,,,2.0,
,,,,1.0,1763425311.650693,1651.0,39.25,4182,,,1667,0.5978503157145608,0.0,3.0,94.17205897,,,3.0,2.0,-0.20499999999999996,,,,3.0,
,,,,1.0,1763425312.1428998,1658.0,49.75,4201,,,1674,0.8958341085267963,0.0,3.0,94.664150608,,,2.0,0.0,-0.11249999999999999,,,,2.0,
,,,,1.0,1763425312.1947582,1659.0,62.0,4203,,,1675,0.7937372046212777,0.0,3.0,94.716042418,,,2.0,1.0,0.012500000000000011,,,,3.0,
,,,,1.0,1763425312.785221,1669.0,50.75,4226,,,1685,0.5662817320027196,0.0,2.0,95.306625553,,,2.0,1.0,-0.22499999999999998,,,,3.0,
,,,,1.0,1763425312.9124975,1671.0,36.5,4231,,,1687,0.004330127018922198,0.0,1.0,95.433826407,,,3.0,1.0,-0.4825,,,,3.0,
,,,,1.0,1763425313.1196966,1674.0,39.25,4239,,,1690,0.5553602434456395,0.0,3.0,95.641058651,,,3.0,0.0,-0.20499999999999996,,,,3.0,
,,,,1.0,1763425314.2517915,1690.0,49.25,4283,,,1706,0.41835989291517894,0.0,1.0,96.773133636,,,4.0,0.0,-0.345,,,,3.0,
,,,,1.0,1763425314.9096878,1700.0,27.5,4308,,,1716,0.53,0.0,2.0,97.431000403,,,2.0,0.0,-0.45999999999999996,,,,2.0,
,,,,1.0,1763425315.601413,1709.0,24.0,4336,,,1725,0.413098051314697,1.0,3.0,98.123014373,,,4.0,2.0,-0.35,,,,2.0,
,,,,1.0,1763425315.9249148,1715.0,49.0,4351,,,1731,0.6144255447163635,0.0,4.0,98.446133293,,,3.0,2.0,0.017500000000000016,,,,3.0,
,,,,1.0,1763425315.9672587,1716.0,37.0,4353,,,1732,0.3570976757135224,0.0,1.0,98.488450922,,,2.0,0.0,-0.4875,,,,3.0,
,,,,1.0,1763425316.5441918,1725.0,36.75,4377,,,1741,0.41081473926820106,0.0,0.0,99.06539889,,,2.0,1.0,-0.6174999999999999,,,,2.0,
,,,,1.0,1763425316.7783358,1729.0,49.0,4386,,,1745,0.35002678468940057,0.0,0.0,99.29955889,,,2.0,0.0,-0.4925,,,,3.0,
,,,,1.0,1763425317.2213604,1737.0,61.25,4403,,,1753,0.4100609710762535,0.0,0.0,99.742611487,,,2.0,2.0,-0.37,,,,3.0,
,,,,1.0,1763425317.2717636,1738.0,50.75,4405,,,1754,0.5662817320027196,0.0,2.0,99.793033544,,,2.0,0.0,-0.22499999999999998,,,,3.0,
,,,,1.0,1763425317.8157408,1746.0,14.75,4426,,,1762,0.45663853319666314,3.0,2.0,100.3371014,,,4.0,4.0,-0.5675,,,,2.0,
,,,,1.0,1763425317.9986262,1749.0,25.75,4433,,,1765,0.3510964967071019,0.0,2.0,100.520021656,,,3.0,0.0,-0.46749999999999997,,,,2.0,
,,,,1.0,1763425318.232355,1752.0,49.5,4442,,,1768,0.2199289658048707,0.0,3.0,100.753679035,,,4.0,0.0,-0.09249999999999996,,,,3.0,
,,,,1.0,1763425318.360977,1754.0,61.75,4447,,,1770,0.5449082491575991,0.0,2.0,100.882197843,,,2.0,0.0,-0.11499999999999999,,,,3.0,
,,,,1.0,1763425318.5281398,1757.0,37.0,4454,,,1773,0.35709767571352236,0.0,1.0,101.049191175,,,2.0,1.0,-0.4875,,,,3.0,
,,,,1.0,1763425318.748376,1761.0,60.75,4464,,,1777,1.1465709746893125,0.0,4.0,101.269600931,,,4.0,1.0,0.14500000000000002,,,,3.0,
,,,,1.0,1763425318.8986602,1764.0,61.5,4470,,,1780,0.4316465568031326,0.0,1.0,101.419764289,,,2.0,0.0,-0.2425,,,,3.0,
,,,,1.0,1763425319.4664435,1773.0,25.5,4492,,,1789,0.2109946681790798,1.0,3.0,101.987872867,,,3.0,1.0,-0.34249999999999997,,,,3.0,
,,,,1.0,1763425319.6984515,1777.0,73.75,4501,,,1793,0.43014532428006236,0.0,0.0,102.219792453,,,2.0,1.0,-0.245,,,,3.0,
,,,,1.0,1763425320.498357,1789.0,12.25,4533,,,1805,0.21650635094610965,0.0,0.0,103.019630828,,,2.0,2.0,-0.865,,,,1.0,
,,,,1.0,1763425320.9346104,1797.0,38.25,4551,,,1813,0.5130972130113357,0.0,1.0,103.455912352,,,2.0,0.0,-0.4775,,,,2.0,
,,,,1.0,1763425321.1695004,1801.0,49.25,4560,,,1817,0.4146383966783588,0.0,1.0,103.690731886,,,2.0,1.0,-0.365,,,,3.0,
,,,,1.0,1763425321.2434063,1802.0,36.25,4563,,,1818,0.3465093793824346,0.0,1.0,103.764743368,,,3.0,2.0,-0.4875,,,,2.0,
,,,,1.0,1763425321.2929795,1803.0,61.75,4565,,,1819,0.4330704330706496,0.0,1.0,103.814248544,,,2.0,1.0,-0.24,,,,3.0,
,,,,1.0,1763425321.5204108,1807.0,62.0,4574,,,1823,0.5454527935577926,0.0,2.0,104.041701609,,,2.0,0.0,-0.11249999999999999,,,,3.0,
,,,,1.0,1763425322.9381013,1831.0,49.0,4633,,,1847,0.3500267846894006,0.0,0.0,105.459396437,,,2.0,1.0,-0.4925,,,,3.0,
,,,,1.0,1763425323.1590984,1835.0,49.5,4642,,,1851,0.5,0.0,0.0,105.680295973,,,2.0,1.0,-0.49,,,,2.0,
,,,,1.0,1763425323.546644,1840.0,28.0,4658,,,1856,0.8187032429397113,0.0,4.0,106.067965564,,,4.0,1.0,-0.18499999999999994,,,,2.0,
,,,,1.0,1763425323.8239384,1845.0,24.5,4669,,,1861,0.25,0.0,0.0,106.345295509,,,2.0,1.0,-0.74,,,,2.0,
,,,,1.0,1763425323.9023116,1846.0,37.5,4672,,,1862,0.24107830678018294,0.0,2.0,106.423538745,,,3.0,1.0,-0.3475,,,,3.0,
,,,,1.0,1763425324.2911088,1852.0,37.0,4687,,,1868,0.35709767571352236,0.0,1.0,106.812469649,,,2.0,1.0,-0.4875,,,,3.0,
,,,,1.0,1763425324.54683,1857.0,37.25,4697,,,1873,0.5025124376570196,0.0,1.0,107.068131847,,,2.0,0.0,-0.4875,,,,2.0,
,,,,1.0,1763425324.6516726,1859.0,49.25,4701,,,1875,0.49751256265545696,0.0,0.0,107.173013133,,,2.0,0.0,-0.4925,,,,2.0,
,,,,1.0,1763425324.75483,1860.0,40.5,4705,,,1876,0.657281332459701,0.0,5.0,107.27611444,,,4.0,1.0,0.06750000000000006,,,,3.0,
,,,,1.0,1763425324.80753,1861.0,49.25,4707,,,1877,0.5448623679425842,0.0,1.0,107.328989842,,,2.0,0.0,-0.365,,,,3.0,
,,,,1.0,1763425324.9380095,1863.0,49.25,4712,,,1879,0.4146383966783588,0.0,1.0,107.459481449,,,2.0,0.0,-0.365,,,,3.0,
,,,,1.0,1763425325.016828,1864.0,48.75,4715,,,1880,0.2194310825749169,0.0,1.0,107.538289996,,,3.0,0.0,-0.36,,,,3.0,
,,,,1.0,1763425325.3836308,1870.0,49.25,4729,,,1886,0.5448623679425842,0.0,1.0,107.905005603,,,2.0,0.0,-0.365,,,,3.0,
,,,,1.0,1763425325.817195,1877.0,37.25,4746,,,1893,0.5025124376570196,0.0,1.0,108.338467989,,,2.0,0.0,-0.4875,,,,2.0,
,,,,1.0,1763425325.9719996,1879.0,37.5,4752,,,1895,0.4377427897750002,0.0,3.0,108.493410564,,,4.0,1.0,-0.21249999999999997,,,,3.0,
,,,,1.0,1763425326.0497565,1880.0,50.25,4755,,,1896,0.7316249038954319,0.0,3.0,108.571093393,,,3.0,2.0,-0.09499999999999997,,,,3.0,
,,,,1.0,1763425326.4646463,1886.0,61.5,4771,,,1902,0.5579146440092785,0.0,1.0,108.985985475,,,2.0,0.0,-0.2425,,,,3.0,
,,,,1.0,1763425326.5176468,1887.0,49.25,4773,,,1903,0.4146383966783588,0.0,1.0,109.038967674,,,2.0,0.0,-0.365,,,,3.0,
,,,,1.0,1763425326.7230263,1890.0,48.5,4781,,,1906,0.3500267846894006,0.0,0.0,109.244369168,,,3.0,1.0,-0.4875,,,,3.0,
,,,,1.0,1763425326.8227139,1892.0,50.75,4785,,,1908,0.44240818256447295,0.0,2.0,109.344007284,,,2.0,1.0,-0.22499999999999998,,,,3.0,
,,,,1.0,1763425326.9246438,1893.0,40.25,4789,,,1909,0.050249378105604495,0.0,5.0,109.446024153,,,4.0,0.0,0.06500000000000006,,,,3.0,
,,,,1.0,1763425327.5772002,1902.0,41.0,4814,,,1918,0.6686693876647861,0.0,4.0,110.098543105,,,3.0,0.0,-0.062499999999999944,,,,3.0,
,,,,1.0,1763425327.7252123,1904.0,61.75,4820,,,1920,0.5449082491575991,0.0,2.0,110.246471679,,,2.0,1.0,-0.11499999999999999,,,,3.0,
,,,,1.0,1763425328.332945,1914.0,48.75,4845,,,1930,0.7567198953377663,0.0,2.0,110.854275068,,,4.0,0.0,-0.22499999999999998,,,,3.0,
,,,,1.0,1763425328.6401439,1918.0,36.5,4858,,,1934,0.6428063471995279,0.0,2.0,111.161462772,,,4.0,0.0,-0.35,,,,2.0,
,,,,1.0,1763425329.130734,1927.0,49.0,4879,,,1943,0.495,0.0,0.0,111.652064184,,,2.0,1.0,-0.495,,,,2.0,
,,,,1.0,1763425329.2322252,1929.0,62.75,4883,,,1945,0.4397158173184131,0.0,1.0,111.753492265,,,2.0,0.0,-0.22999999999999998,,,,3.0,
,,,,1.0,1763425329.5216188,1934.0,61.5,4894,,,1950,0.41233329964968873,0.0,0.0,112.043053782,,,2.0,1.0,-0.3675,,,,3.0,
,,,,1.0,1763425329.8114696,1937.0,51.25,4905,,,1953,0.7839802293425517,0.0,3.0,112.332745097,,,4.0,2.0,-0.07499999999999996,,,,3.0,
,,,,1.0,1763425329.8649595,1938.0,62.0,4907,,,1954,0.5454527935577926,0.0,2.0,112.38618185199999,,,2.0,0.0,-0.11249999999999999,,,,3.0,
,,,,1.0,1763425330.0760517,1942.0,24.5,4915,,,1958,0.25,0.0,0.0,112.597326573,,,2.0,0.0,-0.74,,,,2.0,
,,,,1.0,1763425330.1541045,1943.0,36.5,4918,,,1959,0.35003571246374277,0.0,1.0,112.675394686,,,3.0,1.0,-0.485,,,,2.0,
,,,,1.0,1763425330.7222211,1951.0,38.5,4940,,,1967,0.44109947857597837,0.0,4.0,113.243644794,,,4.0,0.0,-0.07749999999999996,,,,3.0,
,,,,1.0,1763425331.062006,1955.0,49.25,4953,,,1971,0.4146383966783588,0.0,1.0,113.583311897,,,2.0,1.0,-0.365,,,,3.0,
,,,,1.0,1763425331.1673386,1957.0,50.75,4957,,,1973,0.44240818256447295,0.0,2.0,113.688620741,,,2.0,0.0,-0.22499999999999998,,,,3.0,
,,,,1.0,1763425331.8956406,1969.0,49.5,4985,,,1985,0.5601506493792541,0.0,2.0,114.416966501,,,2.0,1.0,-0.2375,,,,3.0,
,,,,1.0,1763425331.948468,1970.0,38.25,4987,,,1986,0.375066660741794,0.0,1.0,114.46987059,,,2.0,2.0,-0.475,,,,3.0,
,,,,1.0,1763425332.2602494,1975.0,50.0,4999,,,1991,0.5474657523535148,0.0,2.0,114.781593873,,,3.0,0.0,-0.22249999999999998,,,,3.0,
,,,,,1763425332.3154569,,,5000,,0.18275751173496246,1995,,,,114.836605651,,1.5915906429290771,,,,,,0.9325280785560608,,
,,,,1.0,1763425332.7054288,1981.0,36.75,5016,,,2001,0.35002678468940057,1.0,1.0,115.226799734,,,3.0,2.0,-0.4825,,,,2.0,
,,,,1.0,1763425332.7563004,1982.0,37.0,5018,,,2002,0.35709767571352236,0.0,1.0,115.27770542,,,2.0,2.0,-0.4875,,,,3.0,
,,,,1.0,1763425332.9431822,1985.0,48.25,5026,,,2005,0.3464823227814083,0.0,0.0,115.464590095,,,3.0,2.0,-0.49,,,,3.0,
,,,,1.0,1763425333.1402104,1987.0,50.5,5034,,,2007,0.4266365549270245,0.0,1.0,115.66146927,,,2.0,0.0,-0.3525,,,,3.0,
,,,,1.0,1763425333.6999233,1996.0,51.5,5056,,,2016,0.6764382824766795,1.0,3.0,116.221243597,,,3.0,3.0,-0.08249999999999996,,,,3.0,
,,,,1.0,1763425333.7524598,1997.0,36.75,5058,,,2017,0.21650635094610965,0.0,0.0,116.273736621,,,2.0,1.0,-0.615,,,,3.0,
,,,,1.0,1763425333.899714,1999.0,48.75,5064,,,2019,0.43014532428006236,1.0,2.0,116.42106345,,,3.0,2.0,-0.235,,,,3.0,
