robot_1/q_std,total_charges_per_episode,robot_0/q_std,mean_final_energy,std_episode_reward,robot_2/q_std,_runtime,robot_1/loss,episode,robot_3/loss,episode_length,_step,mean_episode_reward,total_kills_per_episode,total_agent_collisions_per_episode,robot_0/q_mean,robot_2/loss,epsilon,robot_0/loss,robot_3/q_std,global_step,survival_rate,robot_1/q_mean,_timestamp,robot_2/q_mean,robot_3/q_mean
,2.0,,6.75,0.28359301824974464,,17.982348225,,7.0,,16.0,7,-1.025,0.0,13.0,,,0.2,,,132,3.0,,1763403621.6898031,,
,4.0,,19.5,1.1054637036103903,,18.492775692,,33.0,,15.0,33,-0.6599999999999999,0.0,13.0,,,0.2,,,548,2.0,,1763403622.2002022,,
,3.0,,29.0,0.354003884159482,,18.747994641,,47.0,,17.0,47,-0.6675,0.0,5.0,,,0.2,,,780,3.0,,1763403622.4555159,,
,382.0,,96.0,9.866895091668926,,34.481478009,,70.0,,162.0,74,48.82749999999991,0.0,25.0,,,0.2,,,1647,3.0,,1763403638.1885433,,
,104.0,,109.0,5.326407677788097,,37.54949877,,73.0,,45.0,77,13.037500000000001,0.0,14.0,,,0.2,,,1773,3.0,,1763403641.2565112,,
,,,,,0.4573386311531067,229.173388386,,,,,133,,,,,0.009863574989140034,,,,10000,,,1763403832.8807266,4.472674369812012,
,1539.0,,147.25,5.717811535019232,,281.069061986,,99.0,,500.0,147,197.3474999999996,0.0,10.0,,,0.2,,,12176,4.0,,1763403884.776088,,
,,0.8741274476051331,,,,300.80089141,,,,,149,,,,5.57249641418457,,,0.005761272739619017,,13000,,,1763403904.5079443,,
0.6337552070617676,,,,,,300.807582387,0.00261672749184072,,,,150,,,,,,,,,13000,,6.562027931213379,1763403904.5149415,,
,,,,,,457.870833482,,,0.009758380241692066,,195,,,,,,,,0.3896390199661255,20000,,,1763404061.5781624,,9.973426818847656
,,,,,,526.947595533,,,0.003709746990352869,,213,,,,,,,,0.29697105288505554,23000,,,1763404130.654961,,11.243149757385254
,299.0,,112.5,2.4279659696956335,,591.148561541,,128.0,,99.0,228,37.98750000000001,0.0,18.0,,,0.2,,,25930,3.0,,1763404194.8556368,,
,1475.0,,148.75,9.27398073914316,,603.103705524,,129.0,,500.0,233,189.3624999999997,0.0,23.0,,,0.2,,,26430,4.0,,1763404206.810679,,
,917.0,,90.75,10.647875374928258,,662.353531521,,135.0,,344.0,251,117.47000000000025,0.0,33.0,,,0.2,,,29197,3.0,,1763404266.0605867,,
,344.0,,112.5,12.531062155699278,,739.770094233,,145.0,,136.0,273,43.98250000000001,0.0,18.0,,,0.2,,,32636,3.0,,1763404343.47711,,
,,0.9313005208969116,,,,747.790586277,,,,,274,,,,14.015042304992676,,,0.14452335238456726,,33000,,,1763404351.4975271,,
,1450.0,,144.75,10.003450342256725,,974.273059933,,168.0,,500.0,340,186.1974999999997,0.0,29.0,,,0.2,,,43093,4.0,,1763404577.980143,,
0.921877384185791,,,,,,1089.255822613,0.07014668732881546,,,,370,,,,,,,,,48000,,19.565067291259766,1763404692.96311,,
,,,,,,1182.858235979,,,0.012848127633333206,,396,,,,,,,,0.4005233645439148,52000,,,1763404786.56552,,21.069679260253906
,,,,,,1342.170539636,,,0.018760817125439644,,441,,,,,,,,0.7786374688148499,59000,,,1763404945.878057,,22.95999526977539
1.9039535522460938,,,,,,1457.281144873,0.02582528069615364,,,,471,,,,,,,,,64000,,23.931175231933594,1763405060.9885378,,
0.34497448801994324,,,,,,1519.443156176,0.004189688712358475,,,,490,,,,,,,,,67000,,25.23682403564453,1763405123.1506338,,
,,,,,0.39214596152305603,1558.748558207,,,,,504,,,,,0.00779225118458271,,,,69000,,,1763405162.455973,25.735637664794922,
,,0.6884410381317139,,,,1605.746514516,,,,,515,,,,25.785709381103516,,,0.2068975269794464,,71000,,,1763405209.45384,,
0.49894997477531433,,,,,,1642.234595439,0.041286054998636246,,,,530,,,,,,,,,73000,,26.322669982910156,1763405245.9419205,,
0.3280152976512909,,,,,,1730.168132261,0.011479897424578667,,,,555,,,,,,,,,77000,,27.310733795166016,1763405333.875443,,
,1472.0,,148.75,7.3690412368231035,,1745.870075388,,251.0,,500.0,559,188.98749999999973,0.0,27.0,,,0.2,,,77653,4.0,,1763405349.576824,,
,,,,,,1860.106969542,,,0.04040764644742012,,595,,,,,,,,0.41691040992736816,83000,,,1763405463.8143313,,29.03321075439453
,1428.0,,141.75,16.943964080167095,,2002.698624256,,278.0,,500.0,630,183.41749999999965,0.0,69.0,,,0.2,,,88937,4.0,,1763405606.4056387,,
,,,,,,2016.763057019,,,0.014154668897390366,,640,,,,,,,,1.3365503549575806,90000,,,1763405620.470695,,30.275718688964844
0.4770325720310211,,,,,,2197.138795535,0.015548475086688995,,,,689,,,,,,,,,98000,,31.87335968017578,1763405800.846253,,
,1381.0,,107.75,11.186266971156867,,2248.600729906,,307.0,,500.0,707,177.20249999999984,0.0,54.0,,,0.2,,,100104,4.0,,1763405852.3077703,,
,1041.0,,92.25,19.592792679962617,,2448.842396097,,335.0,,380.0,767,133.34500000000025,0.0,61.0,,,0.2,,,108675,3.0,,1763406052.5494587,,
,257.0,,92.5,7.4173761364784525,,2473.882996188,,339.0,,101.0,775,32.55750000000002,0.0,39.0,,,0.2,,,109755,3.0,,1763406077.5903907,,
,394.0,,95.0,12.146749307942416,,2505.274070599,,344.0,,152.0,788,50.21749999999997,1.0,37.0,,,0.2,,,111065,3.0,,1763406108.9811032,,
,529.0,,100.0,13.53389333303618,,2557.798798067,,354.0,,208.0,806,67.70250000000004,0.0,39.0,,,0.2,,,113250,3.0,,1763406161.5059366,,
0.8968494534492493,,,,,,2686.904486095,0.0695653185248375,,,,863,,,,,,,,,119000,,35.7131233215332,1763406290.611875,,
0.6765034198760986,,,,,,2710.140110345,0.12344105541706085,,,,872,,,,,,,,,120000,,35.519309997558594,1763406313.8474636,,
,699.0,,78.75,16.221086585059666,,2830.133137381,,430.0,,259.0,930,89.25000000000017,0.0,52.0,,,0.2,,,125153,3.0,,1763406433.8402696,,
,591.0,,102.25,17.704477541006476,,2848.679640712,,441.0,,221.0,941,75.60500000000005,0.0,46.0,,,0.2,,,125933,3.0,,1763406452.3866463,,
,962.0,,77.25,23.905379101783787,,2868.564301506,,444.0,,371.0,948,123.23000000000027,0.0,64.0,,,0.2,,,126793,3.0,,1763406472.2713842,,
,,,,,,2921.22747732,,,0.12418822944164276,,974,,,,,,,,1.1709001064300537,129000,,,1763406524.9349139,,37.96759033203125
,295.0,,79.0,2.3537775489625394,,2930.378993119,,464.0,,136.0,980,37.52249999999997,1.0,55.0,,,0.2,,,129379,3.0,,1763406534.086033,,
,,,,,,2993.612828081,,,0.04688996821641922,,1015,,,,,,,,0.70408034324646,132000,,,1763406597.3202257,,38.23580551147461
0.7754057049751282,,,,,,3042.534907417,0.055000171065330505,,,,1031,,,,,,,,,134000,,37.50337219238281,1763406646.2422495,,
3.6779494285583496,,,,,,3091.10003165,0.24526989459991455,,,,1050,,,,,,,,,136000,,37.80354309082031,1763406694.8074527,,
,838.0,,108.5,16.619134115530883,,3097.22852793,,509.0,,318.0,1053,107.51250000000027,0.0,21.0,,,0.2,,,136250,3.0,,1763406700.935452,,
,256.0,,106.75,8.636638524333422,,3114.561033935,,514.0,,91.0,1058,32.47500000000001,0.0,18.0,,,0.2,,,136989,3.0,,1763406718.2681093,,
,1218.0,,72.75,26.187106082956035,,3221.570393285,,554.0,,492.0,1118,156.39500000000004,2.0,59.0,,,0.2,,,141725,3.0,,1763406825.2775795,,
,69.0,,70.75,3.0326556019436173,,3284.801571393,,569.0,,41.0,1145,8.240000000000004,0.0,16.0,,,0.2,,,144450,3.0,,1763406888.50873,,
,511.0,,71.5,14.344991068313753,,3339.547816244,,580.0,,205.0,1164,65.13749999999999,0.0,30.0,,,0.2,,,146699,3.0,,1763406943.2547925,,
,91.0,,76.5,10.540292631136959,,3438.059832018,,609.0,,48.0,1213,11.117500000000003,1.0,17.0,,,0.2,,,151225,3.0,,1763407041.7668421,,
,368.0,,76.0,18.180088524261876,,3453.719934545,,622.0,,185.0,1230,47.10749999999999,1.0,64.0,,,0.2,,,152106,3.0,,1763407057.4269378,,
,88.0,,35.0,4.335374118804516,,3460.997893174,,626.0,,60.0,1234,10.447500000000003,1.0,35.0,,,0.2,,,152449,3.0,,1763407064.7049382,,
,,,,,1.114387035369873,3474.020825879,,,,,1245,,,,,0.04365478456020355,,,,153000,,,1763407077.7281227,41.007972717285156,
,138.0,,84.75,10.993817580804237,,3526.069218054,,651.0,,70.0,1271,17.295000000000016,1.0,29.0,,,0.2,,,155195,3.0,,1763407129.7762606,,
,,24.37200927734375,,,,3570.187127213,,,,,1299,,,,74.65989685058594,,,4.038344860076904,,157000,,,1763407173.894266,,
,90.0,,80.25,7.220328939875244,,3644.274848019,,699.0,,47.0,1339,11.02,0.0,22.0,,,0.2,,,160025,3.0,,1763407247.9818263,,
,196.0,,93.25,11.17531431325313,,3710.713064415,,722.0,,86.0,1370,24.790000000000013,0.0,11.0,,,0.2,,,162899,3.0,,1763407314.420099,,
,89.0,,82.0,5.570499865362175,,3721.018362487,,729.0,,46.0,1381,10.9025,0.0,16.0,,,0.2,,,163733,3.0,,1763407324.7253718,,
3.0110247135162354,,,,,,3750.15956529,0.7333627939224243,,,,1395,,,,,,,,,165000,,43.54850769042969,1763407353.8668895,,
,89.0,,69.25,4.676208399975346,,3755.366550483,,739.0,,53.0,1399,10.845000000000002,0.0,32.0,,,0.2,,,165221,3.0,,1763407359.0735319,,
,326.0,,109.5,11.528456911052736,,3890.006135273,,776.0,,128.0,1456,41.622499999999995,0.0,15.0,,,0.2,,,170965,3.0,,1763407493.7131097,,
,452.0,,52.0,15.747278137824336,,4013.149224848,,823.0,,196.0,1527,57.4775,1.0,25.0,,,0.2,,,176492,3.0,,1763407616.8561366,,
,758.0,,112.25,30.09714521345855,,4027.827566059,,828.0,,295.0,1536,97.32000000000025,0.0,31.0,,,0.2,,,177108,3.0,,1763407631.5346577,,
,,,,,,4049.596347978,,,0.3369062840938568,,1545,,,,,,,,3.3874378204345703,178000,,,1763407653.3037708,,50.39378356933594
,177.0,,111.25,8.217385533124274,,4081.168567517,,842.0,,68.0,1558,22.415000000000013,0.0,15.0,,,0.2,,,179336,3.0,,1763407684.8758302,,
,50.0,,85.75,3.7833351688688652,,4090.95291258,,847.0,,28.0,1563,5.885000000000001,0.0,14.0,,,0.2,,,179764,3.0,,1763407694.6599145,,
,110.0,,76.0,3.924871813193396,,4142.755698066,,869.0,,54.0,1597,13.54750000000001,0.0,10.0,,,0.2,,,182010,3.0,,1763407746.462821,,
2.1981711387634277,,,,,,4162.061454983,0.07612191885709763,,,,1607,,,,,,,,,183000,,45.13393783569336,1763407765.7688978,,
,,,,,,4162.074887185,,,0.24830925464630127,,1609,,,,,,,,2.452368974685669,183000,,,1763407765.7822988,,50.826499938964844
,262.0,,112.5,11.303153044615474,,4164.421088749,,878.0,,114.0,1610,33.5125,0.0,32.0,,,0.2,,,183114,3.0,,1763407768.1280382,,
,241.0,,88.0,9.62458408192269,,4214.163570699,,898.0,,104.0,1638,30.54250000000001,2.0,19.0,,,0.2,,,185305,3.0,,1763407817.8706148,,
,74.0,,93.0,6.402969525930916,,4402.715719977,,981.0,,35.0,1753,9.0275,0.0,25.0,,,0.2,,,193420,3.0,,1763408006.4228308,,
,238.0,,109.75,13.104618460680186,,4427.023079721,,992.0,,110.0,1768,30.44499999999999,0.0,31.0,,,0.2,,,194620,3.0,,1763408030.7303894,,
,174.0,,40.75,3.7797784326597674,,4505.290417663,,1026.0,,92.0,1818,21.574999999999996,0.0,40.0,,,0.2,,,198014,3.0,,1763408108.9975114,,
,45.0,,84.75,3.495017882643809,,4522.41957976,,1031.0,,28.0,1823,5.250000000000002,0.0,19.0,,,0.2,,,198950,3.0,,1763408126.1267784,,
,27.0,,81.5,3.685446886064159,,4588.876093696,,1064.0,,23.0,1868,2.917500000000001,1.0,17.0,,,0.2,,,201829,3.0,,1763408192.5830998,,
,,,,,1.9000356197357178,4593.037889102,,,,,1873,,,,,0.17614877223968506,,,,202000,,,1763408196.7452505,46.927650451660156,
,79.0,,77.25,5.42865775307304,,4595.506553728,,1069.0,,40.0,1877,9.545000000000002,0.0,18.0,,,0.2,,,202103,3.0,,1763408199.2136445,,
,,,,,,4666.140227766,,,0.33604496717453003,,1920,,,,,,,,2.5536880493164062,205000,,,1763408269.8476822,,52.520851135253906
,532.0,,58.25,5.762017875709878,,4716.612581325,,1117.0,,254.0,1945,68.12000000000008,1.0,52.0,,,0.2,,,207087,3.0,,1763408320.3196428,,
,40.0,,102.75,4.149388509166139,,4749.324549092,,1127.0,,20.0,1959,4.724999999999999,2.0,17.0,,,0.2,,,208447,3.0,,1763408353.0315335,,
,159.0,,42.5,4.5563218444267015,,4784.496213721,,1137.0,,78.0,1973,19.577500000000004,0.0,12.0,,,0.2,,,209885,3.0,,1763408388.2034729,,
,215.0,,72.25,8.011733582689825,,4810.769299401,,1145.0,,96.0,1985,27.055000000000014,1.0,37.0,,,0.2,,,210965,3.0,,1763408414.4762166,,
,131.0,,76.25,4.754989484741268,,4872.769991279,,1172.0,,52.0,2024,16.15500000000001,1.0,19.0,,,0.2,,,213590,3.0,,1763408476.4771307,,
,225.0,,62.0,12.117583040771796,,4927.568326823,,1191.0,,99.0,2051,28.23250000000001,0.0,23.0,,,0.2,,,215846,3.0,,1763408531.2753854,,
,734.0,,68.75,7.87354272230748,,4972.520075246,,1202.0,,252.0,2070,93.45500000000017,0.0,28.0,,,0.2,,,217676,3.0,,1763408576.22708,,
,853.0,,88.0,15.194168906195669,,4982.322041356,,1204.0,,344.0,2076,109.44250000000012,1.0,37.0,,,0.2,,,218075,3.0,,1763408586.0291064,,
,472.0,,54.5,6.881556419154051,,5011.509180933,,1218.0,,202.0,2094,60.06249999999996,0.0,36.0,,,0.2,,,219472,3.0,,1763408615.216356,,
,191.0,,61.0,7.793841719588612,,5127.53013644,,1259.0,,95.0,2155,23.932500000000026,0.0,16.0,,,0.2,,,224344,3.0,,1763408731.236951,,
,67.0,,112.25,4.171633373152535,,5183.070272445,,1281.0,,27.0,2185,8.265,0.0,2.0,,,0.2,,,226622,3.0,,1763408786.777245,,
,192.0,,44.25,2.2130408943352124,,5204.585198576,,1291.0,,97.0,2199,23.909999999999997,1.0,15.0,,,0.2,,,227849,3.0,,1763408808.2924805,,
,323.0,,80.75,5.724582954242155,,5217.299239869,,1299.0,,140.0,2211,41.07999999999996,1.0,33.0,,,0.2,,,228561,3.0,,1763408821.0061889,,
,232.0,,80.5,9.699129793440232,,5220.90905795,,1302.0,,104.0,2214,29.3425,0.0,31.0,,,0.2,,,228805,3.0,,1763408824.6161253,,
,123.0,,79.0,7.064065313259787,,5234.325692703,,1309.0,,54.0,2225,15.202500000000008,0.0,13.0,,,0.2,,,229402,3.0,,1763408838.0326457,,
,202.0,,63.0,9.938776018705731,,5236.658278449,,1310.0,,93.0,2226,25.307500000000005,0.0,19.0,,,0.2,,,229495,3.0,,1763408840.3653612,,
,,,,,3.1616129875183105,5249.081242965,,,,,2235,,,,,0.3650813400745392,,,,230000,,,1763408852.78864,49.6625862121582,
,,,,,,5273.184499295,,,0.23323938250541687,,2248,,,,,,,,4.750213623046875,231000,,,1763408876.8920252,,56.475067138671875
,280.0,,81.5,6.800810153944888,,5280.881400565,,1329.0,,113.0,2253,35.44249999999999,3.0,18.0,,,0.2,,,231319,3.0,,1763408884.5886173,,
,,18.25396156311035,,,,5319.456238766,,,,,2272,,,,117.96831512451172,,,23.28743553161621,,233000,,,1763408923.1633544,,
,131.0,,51.5,4.291534544891832,,5328.04946534,,1348.0,,67.0,2280,16.057500000000005,0.0,26.0,,,0.2,,,233364,3.0,,1763408931.756508,,
,327.0,,41.0,3.806227627192045,,5396.656181373,,1368.0,,156.0,2312,41.342499999999944,0.0,36.0,,,0.2,,,236263,3.0,,1763409000.3632052,,
,,,,,3.317352533340454,5414.534552082,,,,,2318,,,,,0.14096981287002563,,,,237000,,,1763409018.2419205,50.921138763427734,
,173.0,,109.5,5.621571733065408,,5428.355410729,,1376.0,,69.0,2324,21.907500000000006,1.0,16.0,,,0.2,,,237565,3.0,,1763409032.0624042,,
,,,,,3.4946625232696533,5438.953832458,,,,,2329,,,,,0.3987028896808624,,,,238000,,,1763409042.6612263,50.63486099243164,
,,34.330753326416016,,,,5463.060500565,,,,,2339,,,,126.8594970703125,,,18.43073272705078,,239000,,,1763409066.7675622,,
,254.0,,82.5,9.566763755314538,,5486.197593903,,1392.0,,109.0,2348,32.16250000000001,0.0,10.0,,,0.2,,,239956,3.0,,1763409089.904678,,
,133.0,,84.25,8.394672417670636,,5489.718795123,,1394.0,,66.0,2354,16.62500000000001,0.0,25.0,,,0.2,,,240100,3.0,,1763409093.425957,,
,52.0,,103.5,4.076287373333729,,5549.961970573,,1421.0,,22.0,2389,6.2524999999999995,0.0,4.0,,,0.2,,,242903,3.0,,1763409153.669044,,
,352.0,,44.5,6.837782443892137,,5650.124162137,,1461.0,,157.0,2449,44.512499999999974,0.0,22.0,,,0.2,,,247008,3.0,,1763409253.8312683,,
,49.0,,74.75,5.1600339146172285,,5766.538082866,,1506.0,,27.0,2514,5.64,0.0,10.0,,,0.2,,,252301,3.0,,1763409370.2452297,,
,296.0,,67.5,4.884502917390856,,5769.633390657,,1507.0,,130.0,2515,37.47249999999998,4.0,31.0,,,0.2,,,252431,3.0,,1763409373.3404524,,
,112.0,,75.5,5.5478661438430565,,5795.835107297,,1521.0,,57.0,2533,13.822500000000007,0.0,34.0,,,0.2,,,253547,3.0,,1763409399.5421054,,
1.449576735496521,,,,,,5806.552937429,1.0318926572799683,,,,2540,,,,,,,,,254000,,50.48297882080078,1763409410.2603004,,
,364.0,,81.0,12.447584856107616,,5817.438261328,,1531.0,,166.0,2547,46.46749999999998,0.0,40.0,,,0.2,,,254453,3.0,,1763409421.145371,,
,25.0,,78.0,3.5996206397341375,,5852.392283669,,1550.0,,18.0,2570,2.5824999999999996,4.0,18.0,,,0.2,,,255918,3.0,,1763409456.0993044,,
,204.0,,81.5,10.179860939619953,,5856.889363407,,1553.0,,92.0,2577,25.73250000000001,0.0,11.0,,,0.2,,,256105,3.0,,1763409460.59643,,
,106.0,,83.25,6.600064393625266,,5918.382594178,,1578.0,,48.0,2610,13.060000000000006,1.0,15.0,,,0.2,,,258701,3.0,,1763409522.0896363,,
,177.0,,86.5,10.557701868778075,,5983.979814618,,1602.0,,81.0,2646,22.297500000000007,0.0,14.0,,,0.2,,,261740,3.0,,1763409587.6869118,,
,,31.214040756225586,,,,5990.029226065,,,,,2648,,,,145.86349487304688,,,24.784297943115234,,262000,,,1763409593.7365646,,
,119.0,,44.75,4.839018495521587,,6043.700954741,,1627.0,,71.0,2683,14.530000000000006,0.0,19.0,,,0.2,,,264343,3.0,,1763409647.408044,,
,227.0,,85.75,7.619767056806929,,6050.793619493,,1631.0,,88.0,2687,28.610000000000014,0.0,5.0,,,0.2,,,264658,3.0,,1763409654.5006375,,
,252.0,,55.75,13.067353404572764,,6056.853360642,,1633.0,,121.0,2689,31.765000000000004,0.0,22.0,,,0.2,,,264911,3.0,,1763409660.5603402,,
,76.0,,78.5,7.107314454138077,,6161.075294681,,1676.0,,44.0,2752,9.222500000000004,1.0,29.0,,,0.2,,,269234,3.0,,1763409764.782423,,
,139.0,,50.75,4.070595779489781,,6171.692644151,,1681.0,,79.0,2757,17.17000000000001,0.0,36.0,,,0.2,,,269678,3.0,,1763409775.3996363,,
4.546367168426514,,,,,,6204.284887158,0.6698170900344849,,,,2782,,,,,,,,,271000,,52.158058166503906,1763409807.9922607,,
,107.0,,75.0,6.690386293032716,,6331.781187835,,1786.0,,47.0,2890,13.092500000000006,1.0,12.0,,,0.2,,,276303,3.0,,1763409935.4881818,,
,25.0,,14.75,2.1264994709616087,,6428.719591262,,1877.0,,29.0,2997,2.06,0.0,26.0,,,0.2,,,280254,3.0,,1763410032.4266226,,
,42.0,,43.25,3.1605774788794547,,6445.161990865,,1891.0,,37.0,3011,4.550000000000001,0.0,18.0,,,0.2,,,280926,3.0,,1763410048.8690374,,
,112.0,,81.5,9.007067710970093,,6484.426094101,,1923.0,,55.0,3051,13.862500000000006,2.0,15.0,,,0.2,,,282574,3.0,,1763410088.1332152,,
,29.0,,25.0,2.11504580328654,,6496.672600629,,1934.0,,34.0,3066,2.7125000000000017,2.0,32.0,,,0.2,,,283066,3.0,,1763410100.3797355,,
,40.0,,46.75,3.866177052334776,,6529.298638512,,1962.0,,35.0,3098,4.315000000000001,0.0,25.0,,,0.2,,,284444,3.0,,1763410133.005622,,
,66.0,,37.5,5.685988810224655,,6562.060538199,,1987.0,,43.0,3127,7.552500000000001,0.0,25.0,,,0.2,,,285820,3.0,,1763410165.767667,,
,46.0,,25.5,3.158760635122581,,6569.236968505,,1997.0,,46.0,3141,4.962500000000003,1.0,13.0,,,0.2,,,286210,3.0,,1763410172.9439816,,
,80.0,,25.5,3.6975219742416727,,6590.053909206,,2022.0,,62.0,3170,9.372500000000004,0.0,30.0,,,0.2,,,287297,3.0,,1763410193.7611177,,
,,19.981975555419922,,,,6603.128485845,,,,,3188,,,,147.93927001953125,,,8.5586519241333,,288000,,,1763410206.8355515,,
,98.0,,34.0,0.9089107491937821,,6620.815980564,,2065.0,,72.0,3217,11.807500000000006,1.0,28.0,,,0.2,,,288872,3.0,,1763410224.522903,,
,,,,,,6623.966065597,,,0.6295506358146667,,3224,,,,,,,,9.38785171508789,289000,,,1763410227.6734257,,59.18601989746094
,100.0,,58.5,9.349083845489885,,6639.894346547,,2091.0,,64.0,3247,12.222499999999998,1.0,30.0,,,0.2,,,289746,3.0,,1763410243.6013088,,
7.417699813842773,,,,,,6646.049280566,2.71770977973938,,,,3255,,,,,,,,,290000,,54.56494140625,1763410249.7566485,,
,53.0,,32.25,4.272215467412666,,6713.629712099,,2170.0,,44.0,3338,5.885000000000004,0.0,26.0,,,0.2,,,292813,3.0,,1763410317.3366907,,
,90.0,,35.25,5.029885684585688,,6721.604383916,,2179.0,,62.0,3351,10.720000000000002,0.0,25.0,,,0.2,,,293142,3.0,,1763410325.3115437,,
,106.0,,67.0,10.458930095855896,,6731.956198463,,2188.0,,63.0,3360,13.047500000000007,0.0,13.0,,,0.2,,,293585,3.0,,1763410335.6632347,,
,38.0,,72.25,5.209342568885252,,6762.934600474,,2222.0,,25.0,3398,4.220000000000001,0.0,12.0,,,0.2,,,294862,3.0,,1763410366.6419024,,
,,,,,,6766.223441091,,,2.9719741344451904,,3406,,,,,,,,8.197392463684082,295000,,,1763410369.9308472,,61.097938537597656
,69.0,,41.25,3.496358820258588,,6784.578885739,,2246.0,,52.0,3426,8.055000000000001,1.0,11.0,,,0.2,,,295766,3.0,,1763410388.2858815,,
,29.0,,40.25,3.893420732466504,,6786.470528998,,2248.0,,33.0,3428,2.8550000000000013,0.0,15.0,,,0.2,,,295842,3.0,,1763410390.1776037,,
,73.0,,22.5,4.400979294429821,,6790.513721526,,2251.0,,55.0,3435,8.397500000000003,1.0,20.0,,,0.2,,,296005,3.0,,1763410394.2207844,,
,48.0,,31.5,4.0962322627019105,,6803.607436569,,2266.0,,40.0,3450,5.212500000000002,0.0,37.0,,,0.2,,,296568,3.0,,1763410407.3143957,,
,17.0,,33.75,2.440594189946374,,6804.404194875,,2267.0,,32.0,3451,1.28,0.0,26.0,,,0.2,,,296600,3.0,,1763410408.1112468,,
,68.0,,35.75,6.5114111373802865,,6824.598069767,,2288.0,,55.0,3476,7.905000000000002,0.0,17.0,,,0.2,,,297430,3.0,,1763410428.3053448,,
,53.0,,24.25,4.293486345617048,,6847.928912366,,2311.0,,53.0,3503,5.895000000000003,0.0,16.0,,,0.2,,,298389,3.0,,1763410451.6358924,,
,57.0,,53.25,3.2199572978534987,,6879.782337351,,2341.0,,45.0,3537,6.605000000000001,2.0,18.0,,,0.2,,,299696,3.0,,1763410483.4893043,,
,166.0,,83.25,4.056482466374034,,6893.808228846,,2355.0,,88.0,3555,20.96,0.0,15.0,,,0.2,,,300337,3.0,,1763410497.5152576,,
,54.0,,53.75,6.449583319874239,,6910.946666618,,2372.0,,38.0,3576,6.165000000000001,1.0,26.0,,,0.2,,,301042,3.0,,1763410514.653727,,
,67.0,,39.75,5.481783468908638,,6913.121999962,,2374.0,,53.0,3578,7.800000000000004,0.0,28.0,,,0.2,,,301129,3.0,,1763410516.8290834,,
,29.0,,40.5,5.221811826368316,,6923.359368734,,2385.0,,28.0,3589,2.8075,1.0,20.0,,,0.2,,,301550,3.0,,1763410527.0665047,,
,14.0,,30.5,1.390618117960499,,6984.801528988,,2453.0,,21.0,3669,0.7625000000000002,0.0,11.0,,,0.2,,,304120,3.0,,1763410588.5086098,,
,47.0,,60.5,3.3536202453468125,,6998.679648601,,2468.0,,31.0,3684,5.287500000000003,0.0,15.0,,,0.2,,,304695,3.0,,1763410602.3867495,,
,22.0,,49.25,2.552812174837781,,7018.211151662,,2491.0,,26.0,3711,2.0000000000000004,1.0,13.0,,,0.2,,,305502,3.0,,1763410621.9180949,,
,19.0,,65.25,2.1541761766392273,,7021.029586865,,2495.0,,18.0,3715,1.705,0.0,12.0,,,0.2,,,305615,3.0,,1763410624.7367916,,
,273.0,,34.75,3.911809044419214,,7033.67157238,,2507.0,,151.0,3731,34.48,0.0,28.0,,,0.2,,,306140,3.0,,1763410637.3785434,,
,41.0,,46.75,3.4936442291681638,,7035.911183562,,2510.0,,37.0,3734,4.460000000000001,0.0,8.0,,,0.2,,,306229,3.0,,1763410639.6182246,,
,,,,,3.4740936756134033,7054.41451814,,,,,3755,,,,,1.7588651180267334,,,,307000,,,1763410658.121974,58.64649200439453,
,78.0,,42.25,1.7582235352764461,,7073.765217824,,2547.0,,51.0,3775,9.180000000000007,0.0,20.0,,,0.2,,,307786,3.0,,1763410677.4722624,,
,33.0,,52.75,4.454609971703471,,7101.290280958,,2572.0,,31.0,3804,3.460000000000001,0.0,12.0,,,0.2,,,308922,3.0,,1763410704.9971895,,
,,12.088955879211426,,,,7103.168205278,,,,,3807,,,,140.44558715820312,,,5.558612823486328,,309000,,,1763410706.8754442,,
,19.0,,53.5,1.8415262012797973,,7146.484386126,,2635.0,,24.0,3879,1.6475000000000004,1.0,17.0,,,0.2,,,311571,3.0,,1763410750.1913338,,
,25.0,,25.0,2.0352932835343416,,7152.426712243,,2643.0,,33.0,3887,2.2025000000000006,1.0,35.0,,,0.2,,,311821,3.0,,1763410756.1337514,,
,16.0,,39.0,1.615400492138095,,7179.339575308,,2667.0,,21.0,3915,1.0975000000000001,0.0,37.0,,,0.2,,,312919,3.0,,1763410783.0465572,,
,,,,,5.198774814605713,7205.818228746,,,,,3946,,,,,1.7071294784545898,,,,314000,,,1763410809.5255916,60.04816436767578,
,62.0,,68.0,6.810159230884402,,7224.655659258,,2707.0,,44.0,3963,7.3675000000000015,0.0,22.0,,,0.2,,,314772,3.0,,1763410828.362894,,
,66.0,,25.25,5.075051723874353,,7236.279014947,,2721.0,,54.0,3981,7.5400000000000045,0.0,25.0,,,0.2,,,315357,3.0,,1763410839.985985,,
,,,,,2.9627997875213623,7249.930901082,,,,,3997,,,,,2.836127281188965,,,,316000,,,1763410853.6384475,58.38396453857422,
,31.0,,58.75,2.833169603112388,,7292.183895876,,2787.0,,29.0,4059,3.250000000000001,0.0,19.0,,,0.2,,,318435,3.0,,1763410895.8907602,,
,,,,,5.23043155670166,7330.4891483,,,,,4105,,,,,0.5113487243652344,,,,320000,,,1763410934.1965172,59.560035705566406,
,83.0,,45.75,4.07489263662247,,7339.456000344,,2835.0,,56.0,4115,9.890000000000004,0.0,21.0,,,0.2,,,320369,3.0,,1763410943.1630073,,
,31.0,,75.75,4.199982142819181,,7357.19533695,,2866.0,,21.0,4150,3.339999999999999,0.0,27.0,,,0.2,,,321462,3.0,,1763410960.9024327,,
,24.0,,62.25,4.9308772039060145,,7372.248810538,,2880.0,,25.0,4168,2.3699999999999997,0.0,23.0,,,0.2,,,322102,3.0,,1763410975.9557943,,
,32.0,,52.0,3.7535674697546084,,7424.305893897,,2928.0,,28.0,4224,3.297500000000001,0.0,11.0,,,0.2,,,324241,3.0,,1763411028.0127506,,
,40.0,,55.25,3.4180988868082793,,7429.045918079,,2933.0,,31.0,4229,4.359999999999999,0.0,23.0,,,0.2,,,324436,3.0,,1763411032.752718,,
,84.0,,41.75,7.671839332910986,,7448.5431068,,2952.0,,58.0,4252,9.992500000000007,0.0,33.0,,,0.2,,,325238,2.0,,1763411052.25008,,
,18.0,,64.0,3.0921382165097335,,7449.805605312,,2954.0,,19.0,4254,1.5774999999999995,3.0,28.0,,,0.2,,,325288,3.0,,1763411053.512603,,
,22.0,,16.75,1.720414194314846,,7465.740023312,,2974.0,,30.0,4278,1.7150000000000007,0.0,35.0,,,0.2,,,326110,3.0,,1763411069.44732,,
,30.0,,18.75,2.902425709643574,,7471.671941241,,2986.0,,34.0,4290,2.7750000000000012,1.0,24.0,,,0.2,,,326489,3.0,,1763411075.3793693,,
,54.0,,41.5,3.5761807490673636,,7483.088078896,,3006.0,,43.0,4314,6.092500000000002,0.0,15.0,,,0.2,,,327128,3.0,,1763411086.795065,,
,41.0,,22.0,2.1468508914221323,,7486.133200656,,3010.0,,38.0,4318,4.222500000000001,0.0,19.0,,,0.2,,,327249,3.0,,1763411089.8402596,,
,57.0,,49.0,4.971450366844672,,7527.40836765,,3054.0,,43.0,4366,6.542500000000003,1.0,33.0,,,0.2,,,328934,3.0,,1763411131.1153278,,
,13.0,,59.5,1.8034047659912626,,7546.081969745,,3080.0,,19.0,4396,0.9075000000000002,0.0,11.0,,,0.2,,,329704,3.0,,1763411149.788987,,
,81.0,,44.0,2.6525023562666266,,7559.604676726,,3095.0,,46.0,4415,9.522500000000004,0.0,16.0,,,0.2,,,330258,3.0,,1763411163.311645,,
,38.0,,67.75,3.844466803082061,,7614.163471284,,3152.0,,28.0,4480,4.205000000000001,0.0,17.0,,,0.2,,,332478,3.0,,1763411217.8704424,,
,122.0,,79.5,6.773881365214485,,7655.431697677,,3186.0,,75.0,4522,15.292500000000004,0.0,37.0,,,0.2,,,334133,3.0,,1763411259.138776,,
,38.0,,95.5,3.9835121124454984,,7666.072777253,,3198.0,,22.0,4534,4.4225,0.0,22.0,,,0.2,,,334563,3.0,,1763411269.7799075,,
,63.0,,68.75,4.011745256119838,,7681.213793353,,3215.0,,41.0,4555,7.470000000000002,0.0,14.0,,,0.2,,,335183,3.0,,1763411284.92079,,
,62.0,,56.75,4.902828265399471,,7687.983504157,,3222.0,,42.0,4562,7.235,0.0,24.0,,,0.2,,,335464,3.0,,1763411291.6905255,,
,38.0,,61.75,4.095781366235264,,7732.185707016,,3265.0,,32.0,4613,4.185000000000001,0.0,29.0,,,0.2,,,337471,3.0,,1763411335.8927803,,
,,17.96726417541504,,,,7744.90605509,,,,,4626,,,,126.59999084472656,,,8.918135643005371,,338000,,,1763411348.613381,,
,87.0,,40.0,4.311011337261831,,7751.121144587,,3283.0,,59.0,4635,10.362500000000006,0.0,25.0,,,0.2,,,338255,3.0,,1763411354.8282409,,
,37.0,,30.5,3.2184419755527682,,7758.408132024,,3289.0,,37.0,4641,3.797500000000001,0.0,30.0,,,0.2,,,338556,3.0,,1763411362.115351,,
,36.0,,47.25,2.997290443050188,,7761.196592221,,3292.0,,32.0,4644,3.7899999999999996,0.0,20.0,,,0.2,,,338669,3.0,,1763411364.9037046,,
,23.0,,45.75,3.2131837793689937,,7771.743501137,,3305.0,,30.0,4661,2.1300000000000012,0.0,26.0,,,0.2,,,339130,3.0,,1763411375.450621,,
,88.0,,41.5,7.72619691374741,,7798.978133105,,3331.0,,58.0,4691,10.492500000000003,0.0,22.0,,,0.2,,,340231,3.0,,1763411402.6851757,,
,27.0,,41.25,3.86996447012114,,7816.045642896,,3349.0,,28.0,4709,2.565,0.0,11.0,,,0.2,,,340927,3.0,,1763411419.7527792,,
5.426353931427002,,,,,,7817.892223738,1.7027288675308228,,,,4713,,,,,,,,,341000,,62.354270935058594,1763411421.5995736,,
,81.0,,36.0,1.9977659397436935,,7880.928369125,,3414.0,,57.0,4786,9.552500000000006,0.0,11.0,,,0.2,,,343565,3.0,,1763411484.6354647,,
,119.0,,68.25,2.9292021097903134,,7882.674394843,,3415.0,,70.0,4787,14.755000000000008,0.0,8.0,,,0.2,,,343635,3.0,,1763411486.3814752,,
,22.0,,51.75,3.044417021368787,,7883.166375695,,3416.0,,20.0,4788,1.9649999999999994,1.0,13.0,,,0.2,,,343655,3.0,,1763411486.8733792,,
,11.0,,53.0,1.9498894199415513,,7889.605094237,,3424.0,,20.0,4796,0.6024999999999999,0.0,15.0,,,0.2,,,343925,3.0,,1763411493.3121073,,
,59.0,,74.75,3.3254097491888155,,7895.840086028,,3437.0,,41.0,4813,7.030000000000003,0.0,15.0,,,0.2,,,344344,3.0,,1763411499.5470996,,
,40.0,,18.5,1.3782121571078965,,7921.183896532,,3471.0,,35.0,4851,4.032500000000001,2.0,15.0,,,0.2,,,345518,3.0,,1763411524.8908968,,
,100.0,,57.25,4.361404590266768,,7937.626051277,,3490.0,,68.0,4874,12.250000000000004,0.0,18.0,,,0.2,,,346191,3.0,,1763411541.3332014,,
,33.0,,63.75,4.723647954706193,,7943.05287672,,3498.0,,24.0,4882,3.5,0.0,29.0,,,0.2,,,346412,3.0,,1763411546.759813,,
,53.0,,46.25,4.47740159020832,,7974.543319805,,3532.0,,41.0,4920,5.995000000000001,0.0,13.0,,,0.2,,,347733,3.0,,1763411578.25036,,
,57.0,,11.75,1.7050073313625378,,7982.636167531,,3540.0,,43.0,4932,6.170000000000003,0.0,26.0,,,0.2,,,348062,3.0,,1763411586.3431745,,
,12.0,,54.5,1.2265271093620387,,7983.088806398,,3541.0,,18.0,4933,0.7224999999999994,0.0,4.0,,,0.2,,,348080,3.0,,1763411586.7957735,,
,17.0,,22.75,1.5732132722552274,,7988.463822122,,3547.0,,28.0,4939,1.1300000000000003,0.0,10.0,,,0.2,,,348296,3.0,,1763411592.170802,,
,38.0,,51.75,3.812784415620691,,7993.792776774,,3554.0,,31.0,4946,4.075000000000001,0.0,19.0,,,0.2,,,348514,3.0,,1763411597.4997754,,
,68.0,,43.0,2.8717797182235283,,7999.72229156,,3561.0,,48.0,4953,7.907500000000001,0.0,27.0,,,0.2,,,348766,3.0,,1763411603.42929,,
,50.0,,60.25,5.1082335498682925,,8020.73954092,,3585.0,,32.0,4981,5.67,1.0,25.0,,,0.2,,,349643,3.0,,1763411624.446669,,
,81.0,,35.75,3.185286486330549,,8027.789713804,,3593.0,,56.0,4989,9.540000000000006,0.0,12.0,,,0.2,,,349933,3.0,,1763411631.4967098,,
,,,,,,8029.483874388,,,1.6647663116455078,,4994,,,,,,,,3.285902738571167,350000,,,1763411633.1912322,,67.95446014404297
,63.0,,9.25,4.428569182027083,,8046.640598296,,3615.0,,57.0,5015,7.0350000000000055,0.0,17.0,,,0.2,,,350705,3.0,,1763411650.347667,,
,27.0,,41.0,2.3809281278526666,,8061.900077082,,3635.0,,27.0,5039,2.552500000000001,1.0,20.0,,,0.2,,,351326,3.0,,1763411665.6071362,,
,23.0,,64.5,3.3475093353118535,,8086.80049942,,3663.0,,21.0,5071,2.2275000000000005,0.0,21.0,,,0.2,,,352348,3.0,,1763411690.5075533,,
,,,,,,8126.795834447,,,1.7544914484024048,,5122,,,,,,,,3.3296494483947754,354000,,,1763411730.5032258,,66.32921600341797
,95.0,,36.75,6.110977826829356,,8131.756996106,,3711.0,,67.0,5127,11.410000000000002,0.0,33.0,,,0.2,,,354205,3.0,,1763411735.4641292,,
,39.0,,31.25,4.608635915322454,,8132.669992421,,3712.0,,39.0,5128,4.075000000000002,0.0,30.0,,,0.2,,,354244,3.0,,1763411736.3771267,,
,18.0,,16.0,1.3963412011396072,,8142.682790587,,3724.0,,24.0,5140,1.1475000000000002,1.0,34.0,,,0.2,,,354652,3.0,,1763411746.389704,,
,19.0,,58.0,3.5267646292317263,,8146.717277296,,3730.0,,19.0,5146,1.6424999999999996,1.0,19.0,,,0.2,,,354816,3.0,,1763411750.4243033,,
,54.0,,11.75,1.0868417548107006,,8149.971829125,,3734.0,,42.0,5150,5.785000000000003,1.0,20.0,,,0.2,,,354953,3.0,,1763411753.6788144,,
,74.0,,43.0,6.915769570337058,,8151.106984044,,3735.0,,47.0,5151,8.647500000000004,1.0,12.0,,,0.2,,,355000,3.0,,1763411754.8140447,,
,25.0,,47.75,3.8638128836681513,,8158.913075978,,3743.0,,24.0,5163,2.34,1.0,12.0,,,0.2,,,355317,3.0,,1763411762.6201038,,
,21.0,,19.0,3.997439023925195,,8214.268265045,,3811.0,,35.0,5239,1.6625000000000014,1.0,37.0,,,0.2,,,357760,3.0,,1763411817.9754975,,
,44.0,,97.75,3.8489251746429174,,8216.380237387,,3816.0,,29.0,5244,5.265000000000002,0.0,17.0,,,0.2,,,357927,3.0,,1763411820.0872946,,
,28.0,,17.25,2.2674545199408085,,8235.015953462,,3835.0,,32.0,5267,2.490000000000001,0.0,22.0,,,0.2,,,358706,3.0,,1763411838.723087,,
,16.0,,45.75,2.633823266660085,,8259.508216906,,3864.0,,19.0,5300,1.145,0.0,23.0,,,0.2,,,359705,3.0,,1763411863.2153032,,
,87.0,,46.25,3.7500966654207724,,8273.979654177,,3882.0,,53.0,5322,10.365000000000006,0.0,7.0,,,0.2,,,360301,3.0,,1763411877.686638,,
,19.0,,40.0,3.1583569700082994,,8278.878232918,,3888.0,,21.0,5328,1.4825000000000004,3.0,33.0,,,0.2,,,360507,3.0,,1763411882.5852072,,
,21.0,,56.75,3.677961391858267,,8325.984010333,,3941.0,,18.0,5389,1.8699999999999997,0.0,20.0,,,0.2,,,362459,3.0,,1763411929.6909637,,
,7.0,,38.0,0.7586295209125465,,8354.543526374,,3978.0,,21.0,5430,-0.037500000000000006,1.0,17.0,,,0.2,,,363634,3.0,,1763411958.2505882,,
,21.0,,69.25,2.8566895176059988,,8385.227472862,,4014.0,,15.0,5470,1.9649999999999996,0.0,8.0,,,0.2,,,364905,3.0,,1763411988.934729,,
,36.0,,22.25,1.6993233947662825,,8402.889863829,,4034.0,,34.0,5494,3.560000000000001,0.0,7.0,,,0.2,,,365631,3.0,,1763412006.5970125,,
,,,,,4.017380714416504,8412.000814523,,,,,5509,,,,,1.2863197326660156,,,,366000,,,1763412015.7083116,58.174407958984375,
,59.0,,25.5,2.707520775543563,,8419.661467618,,4054.0,,47.0,5518,6.597500000000004,1.0,31.0,,,0.2,,,366318,3.0,,1763412023.3684978,,
,23.0,,19.75,3.436007857965404,,8426.891691741,,4064.0,,26.0,5528,1.8300000000000005,0.0,26.0,,,0.2,,,366614,3.0,,1763412030.5987551,,
,34.0,,42.25,4.621401302635382,,8452.376077498,,4093.0,,26.0,5561,3.4300000000000006,0.0,3.0,,,0.2,,,367655,3.0,,1763412056.0831726,,
,70.0,,25.5,4.577626978031306,,8475.839581919,,4119.0,,48.0,5591,7.982500000000005,0.0,16.0,,,0.2,,,368615,3.0,,1763412079.5466135,,
,50.0,,16.0,1.8969893911142484,,8484.083887994,,4128.0,,43.0,5600,5.337500000000001,0.0,18.0,,,0.2,,,368947,3.0,,1763412087.790951,,
,19.0,,29.25,2.5732324030293103,,8507.219561267,,4172.0,,21.0,5652,1.3750000000000007,0.0,15.0,,,0.2,,,370504,3.0,,1763412110.9267151,,
,26.0,,30.25,1.2316655390161728,,8516.673513114,,4191.0,,26.0,5675,2.31,3.0,19.0,,,0.2,,,371097,3.0,,1763412120.3806853,,
,35.0,,43.0,4.419261109054317,,8529.323434344,,4206.0,,29.0,5690,3.5924999999999994,1.0,19.0,,,0.2,,,371619,3.0,,1763412133.0304859,,
,,,,,4.491474628448486,8536.132921389,,,,,5706,,,,,2.7571964263916016,,,,372000,,,1763412139.8403134,58.05343246459961,
,62.0,,26.25,2.1471725594371796,,8581.470989718,,4267.0,,44.0,5759,6.950000000000003,0.0,7.0,,,0.2,,,373897,3.0,,1763412185.178007,,
,106.0,,7.25,2.5037471917108585,,8589.363728546,,4276.0,,70.0,5772,12.520000000000008,0.0,12.0,,,0.2,,,374225,3.0,,1763412193.0709245,,
,38.0,,76.5,4.4549151226482415,,8664.077866405,,4356.0,,21.0,5864,4.222499999999999,1.0,9.0,,,0.2,,,377303,3.0,,1763412267.7847984,,
,34.0,,42.5,3.642886046804099,,8679.307228409,,4373.0,,28.0,5881,3.4524999999999992,1.0,15.0,,,0.2,,,377919,3.0,,1763412283.014224,,
,35.0,,60.75,3.6387978784208395,,8689.26337781,,4385.0,,27.0,5897,3.7500000000000004,1.0,19.0,,,0.2,,,378333,3.0,,1763412292.9703438,,
,34.0,,50.75,2.700634184779567,,8693.068089412,,4390.0,,27.0,5902,3.525,0.0,16.0,,,0.2,,,378542,3.0,,1763412296.7752776,,
,69.0,,75.5,8.078568483958035,,8701.599549774,,4405.0,,42.0,5921,8.297500000000001,0.0,12.0,,,0.2,,,379070,3.0,,1763412305.3066473,,
,29.0,,40.5,2.049272736850808,,8718.070432322,,4446.0,,23.0,5966,2.7575000000000007,0.0,13.0,,,0.2,,,380367,3.0,,1763412321.777654,,
,36.0,,55.75,4.392769627467391,,8724.786139085,,4457.0,,25.0,5977,3.805,0.0,16.0,,,0.2,,,380735,3.0,,1763412328.4930906,,
,45.0,,31.5,2.382387195650616,,8732.814247054,,4467.0,,40.0,5991,4.837500000000002,0.0,9.0,,,0.2,,,381061,3.0,,1763412336.5214007,,
,57.0,,49.25,6.17638041250699,,8734.455582697,,4469.0,,44.0,5993,6.555000000000001,0.0,20.0,,,0.2,,,381130,3.0,,1763412338.1625912,,
,48.0,,73.75,5.018976489285441,,8739.966545905,,4477.0,,29.0,6001,5.525000000000001,0.0,6.0,,,0.2,,,381358,3.0,,1763412343.6737416,,
,34.0,,38.25,2.418594633252956,,8763.407847356,,4506.0,,29.0,6034,3.420000000000001,1.0,5.0,,,0.2,,,382320,3.0,,1763412367.1147895,,
,33.0,,43.25,2.248560650727484,,8771.461886236,,4515.0,,27.0,6043,3.325,0.0,12.0,,,0.2,,,382651,3.0,,1763412375.1689434,,
,53.0,,82.0,2.990956159825816,,8807.158376851,,4562.0,,24.0,6098,6.182499999999999,0.0,1.0,,,0.2,,,384120,3.0,,1763412410.8655174,,
,13.0,,16.25,0.8477765035668305,,8825.776268207,,4593.0,,23.0,6129,0.5150000000000001,0.0,18.0,,,0.2,,,384914,3.0,,1763412429.4832697,,
,35.0,,17.75,1.6014524657322802,,8831.693382567,,4607.0,,28.0,6147,3.33,0.0,11.0,,,0.2,,,385348,3.0,,1763412435.4005852,,
,29.0,,52.0,3.432851402260226,,8864.413281983,,4656.0,,25.0,6200,2.8925,0.0,4.0,,,0.2,,,386882,3.0,,1763412468.1202877,,
,22.0,,41.75,2.622579836725662,,8896.648226339,,4701.0,,26.0,6253,1.9250000000000005,1.0,8.0,,,0.2,,,388223,3.0,,1763412500.3553636,,
,79.0,,27.0,6.0582479934383695,,8925.011009342,,4745.0,,58.0,6301,9.222500000000005,0.0,29.0,,,0.2,,,389646,3.0,,1763412528.7179768,,
4.440427303314209,,,,,,8930.670604861,1.5646209716796875,,,,6315,,,,,,,,,390000,,67.58744049072266,1763412534.3781025,,
,66.0,,45.25,7.111462578119921,,8937.410074941,,4767.0,,40.0,6327,7.600000000000001,0.0,13.0,,,0.2,,,390325,3.0,,1763412541.1171472,,
,26.0,,29.25,2.2970347733545524,,8997.392264322,,4853.0,,25.0,6421,2.2875000000000005,3.0,10.0,,,0.2,,,392810,2.0,,1763412601.0992703,,
,33.0,,42.0,5.115761795666407,,8998.907356904,,4856.0,,24.0,6424,3.2824999999999993,0.0,16.0,,,0.2,,,392872,3.0,,1763412602.6143155,,
,,5.850693702697754,,,,9002.119055096,,,,,6429,,,,104.82482147216797,,,10.11810302734375,,393000,,,1763412605.8262467,,
,34.0,,47.5,4.448108446294896,,9003.242407664,,4862.0,,30.0,6434,3.5224999999999995,0.0,19.0,,,0.2,,,393044,3.0,,1763412606.9492948,,
,48.0,,43.75,5.414907663109315,,9019.132929115,,4882.0,,32.0,6454,5.254999999999999,0.0,8.0,,,0.2,,,393768,3.0,,1763412622.839902,,
,,,,,8.544352531433105,9024.70829714,,,,,6463,,,,,9.623628616333008,,,,394000,,,1763412628.4157376,56.28035354614258,
,41.0,,73.5,4.677389095424926,,9039.01179838,,4904.0,,31.0,6480,4.667500000000001,0.0,13.0,,,0.2,,,394595,3.0,,1763412642.7188764,,
4.617304801940918,,,,,,9072.71080777,2.8641114234924316,,,,6526,,,,,,,,,396000,,66.65167236328125,1763412676.418153,,
,28.0,,14.25,1.7550356121742943,,9133.597116172,,5016.0,,31.0,6608,2.45,0.0,19.0,,,0.2,,,398722,3.0,,1763412737.304245,,
,64.0,,40.0,2.9588796443924523,,9137.125598175,,5023.0,,34.0,6615,7.2375000000000025,1.0,9.0,,,0.2,,,398982,3.0,,1763412740.832896,,
,26.0,,69.0,1.8017682287131167,,9150.971725299,,5049.0,,22.0,6645,2.6575,5.0,19.0,,,0.2,,,399887,3.0,,1763412754.6791587,,
,56.0,,75.5,6.289556323779922,,9171.809033766,,5072.0,,34.0,6672,6.592500000000001,1.0,9.0,,,0.2,,,400746,3.0,,1763412775.5160563,,
,,10.283103942871094,,,,9178.116062322,,,,,6678,,,,102.16693115234375,,,54.904640197753906,,401000,,,1763412781.8232567,,
,120.0,,55.25,8.732900434563536,,9180.646302355,,5079.0,,64.0,6683,14.690000000000001,1.0,28.0,,,0.2,,,401113,3.0,,1763412784.3532975,,
,77.0,,41.25,8.199495411304289,,9186.444378899,,5086.0,,46.0,6690,8.995000000000005,3.0,19.0,,,0.2,,,401351,3.0,,1763412790.1515188,,
,60.0,,70.25,4.496348518520333,,9189.49961518,,5089.0,,31.0,6693,7.01,3.0,23.0,,,0.2,,,401477,3.0,,1763412793.2065668,,
,,,,,5.8251953125,9202.323367216,,,,,6707,,,,,14.304156303405762,,,,402000,,,1763412806.0307872,57.57636260986328,
,154.0,,28.0,2.69152721516985,,9206.659146936,,5104.0,,81.0,6712,18.837500000000006,0.0,33.0,,,0.2,,,402177,3.0,,1763412810.3662322,,
,90.0,,41.5,2.5318903511013255,,9217.407033311,,5115.0,,47.0,6723,10.6325,0.0,15.0,,,0.2,,,402625,3.0,,1763412821.1142223,,
,43.0,,6.25,1.9140598214266975,,9219.131445958,,5117.0,,37.0,6725,4.3050000000000015,0.0,26.0,,,0.2,,,402697,3.0,,1763412822.8387072,,
,34.0,,88.5,2.7257510432906376,,9224.481404506,,5123.0,,21.0,6731,3.8425,0.0,7.0,,,0.2,,,402920,3.0,,1763412828.1884112,,
,52.0,,40.75,6.0029763451141465,,9228.65371108,,5128.0,,36.0,6740,5.765000000000001,1.0,27.0,,,0.2,,,403091,3.0,,1763412832.360915,,
,41.0,,103.5,3.3074111855044577,,9249.748631799,,5148.0,,24.0,6760,4.897500000000001,0.0,7.0,,,0.2,,,403964,3.0,,1763412853.455645,,
,44.0,,25.5,2.7448349221765604,,9269.700610908,,5167.0,,33.0,6783,4.5825000000000005,0.0,17.0,,,0.2,,,404775,3.0,,1763412873.4076674,,
,81.0,,75.5,5.895063082783762,,9277.046599745,,5174.0,,39.0,6794,9.767499999999998,1.0,4.0,,,0.2,,,405070,3.0,,1763412880.753617,,
,90.0,,76.75,6.406362072190426,,9282.750525602,,5180.0,,47.0,6800,10.985000000000003,0.0,4.0,,,0.2,,,405301,3.0,,1763412886.4575577,,
,45.0,,69.75,4.4531449560956355,,9321.243099633,,5226.0,,27.0,6850,5.09,0.0,12.0,,,0.2,,,406905,3.0,,1763412924.9500434,,
,43.0,,95.5,3.2118715338568564,,9357.80461921,,5271.0,,22.0,6903,5.047499999999999,4.0,18.0,,,0.2,,,408697,3.0,,1763412961.5115407,,
,51.0,,81.5,4.085048194330147,,9369.773303049,,5283.0,,27.0,6919,5.9575,0.0,11.0,,,0.2,,,409186,3.0,,1763412973.480107,,
,70.0,,53.25,6.057132159694058,,9416.616588056,,5332.0,,42.0,6976,8.200000000000001,0.0,24.0,,,0.2,,,411108,3.0,,1763413020.3239813,,
,163.0,,89.5,10.87007215937411,,9432.832679158,,5347.0,,79.0,6991,20.557499999999997,0.0,20.0,,,0.2,,,411764,3.0,,1763413036.5396461,,
,33.0,,79.25,3.634697373922621,,9436.892646678,,5352.0,,21.0,6996,3.625,0.0,6.0,,,0.2,,,411924,3.0,,1763413040.5998032,,
,54.0,,75.5,4.976270566398092,,9487.794321133,,5412.0,,27.0,7068,6.272499999999999,0.0,7.0,,,0.2,,,414277,3.0,,1763413091.5013323,,
,78.0,,112.0,6.319024351116238,,9496.159070488,,5422.0,,33.0,7078,9.6975,0.0,6.0,,,0.2,,,414618,3.0,,1763413099.8661394,,
,133.0,,86.25,7.465133957270966,,9505.571232761,,5429.0,,64.0,7085,16.625000000000007,0.0,2.0,,,0.2,,,414995,3.0,,1763413109.2782404,,
,113.0,,60.25,6.761155596493845,,9509.632543773,,5433.0,,63.0,7093,13.855000000000004,0.0,5.0,,,0.2,,,415156,3.0,,1763413113.3395903,,
,34.0,,78.75,3.9761067641601375,,9551.230510472,,5479.0,,20.0,7143,3.7350000000000003,2.0,12.0,,,0.2,,,416827,3.0,,1763413154.937539,,
,103.0,,107.5,6.366593967735023,,9555.664147001,,5483.0,,40.0,7151,12.847499999999997,0.0,0.0,,,0.2,,,417006,3.0,,1763413159.3712463,,
,142.0,,77.75,7.930001576292412,,9559.927254005,,5487.0,,70.0,7155,17.72500000000001,0.0,14.0,,,0.2,,,417176,3.0,,1763413163.6342738,,
,105.0,,76.5,5.6432542694796215,,9562.11724765,,5489.0,,54.0,7157,12.9275,0.0,14.0,,,0.2,,,417266,3.0,,1763413165.8241942,,
11.761638641357422,,,,,,9577.09190983,7.931764602661133,,,,7180,,,,,,,,,418000,,66.85576629638672,1763413180.7994492,,
,55.0,,109.5,3.831973218852135,,9597.788582369,,5536.0,,28.0,7208,6.7475,0.0,2.0,,,0.2,,,418897,3.0,,1763413201.4956157,,
,,7.073398113250732,,,,9600.333710214,,,,,7210,,,,105.468994140625,,,5.157899856567383,,419000,,,1763413204.0408714,,
,62.0,,78.25,6.4501821679701425,,9633.892914051,,5576.0,,33.0,7256,7.36,0.0,17.0,,,0.2,,,420363,3.0,,1763413237.5999212,,
,113.0,,109.5,6.474281330773329,,9654.969866749,,5599.0,,63.0,7283,14.347500000000005,0.0,10.0,,,0.2,,,421280,3.0,,1763413258.6770542,,
5.6778564453125,,,,,,9693.098900478,2.8836379051208496,,,,7328,,,,,,,,,423000,,71.24836730957031,1763413296.8063335,,
,106.0,,87.75,6.919517685503814,,9719.348898631,,5674.0,,49.0,7370,13.115000000000004,0.0,7.0,,,0.2,,,424232,3.0,,1763413323.0562992,,
,81.0,,83.25,6.6687873710293095,,9731.590397408,,5686.0,,44.0,7382,9.895,0.0,12.0,,,0.2,,,424791,3.0,,1763413335.2974317,,
,77.0,,79.25,7.090382570778532,,9737.983997223,,5693.0,,34.0,7393,9.254999999999999,0.0,20.0,,,0.2,,,425056,3.0,,1763413341.6909876,,
,66.0,,41.0,4.742206105811939,,9791.662017915,,5758.0,,45.0,7466,7.6075000000000035,1.0,34.0,,,0.2,,,427632,3.0,,1763413395.369033,,
,68.0,,66.5,4.5080005268411405,,9847.503853794,,5814.0,,43.0,7530,8.092500000000001,0.0,13.0,,,0.2,,,429978,3.0,,1763413451.2107916,,
,47.0,,109.5,3.5730965212263706,,9866.654543537,,5834.0,,20.0,7554,5.667499999999999,0.0,1.0,,,0.2,,,430773,3.0,,1763413470.361726,,
,96.0,,100.75,7.698683328985549,,9872.291165727,,5841.0,,46.0,7565,11.965,0.0,10.0,,,0.2,,,431002,3.0,,1763413475.9984543,,
,102.0,,85.25,6.151264097728207,,9876.869217989,,5847.0,,49.0,7571,12.590000000000002,0.0,17.0,,,0.2,,,431192,3.0,,1763413480.576225,,
,65.0,,109.75,4.690111938962651,,9882.512659412,,5854.0,,28.0,7578,7.999999999999998,0.0,9.0,,,0.2,,,431424,3.0,,1763413486.219734,,
,39.0,,83.5,4.465519986518928,,9894.644270577,,5868.0,,23.0,7592,4.4375,0.0,8.0,,,0.2,,,431913,3.0,,1763413498.3512285,,
,80.0,,77.0,6.684876120766935,,9901.008979296,,5876.0,,40.0,7604,9.667499999999999,0.0,11.0,,,0.2,,,432165,3.0,,1763413504.7160246,,
,73.0,,44.0,8.09029472578101,,9910.616677682,,5888.0,,48.0,7616,8.5425,0.0,21.0,,,0.2,,,432558,3.0,,1763413514.323759,,
,58.0,,75.0,6.3196143078513884,,9913.651100409,,5892.0,,29.0,7620,6.785,0.0,1.0,,,0.2,,,432683,2.0,,1763413517.358291,,
,114.0,,26.75,7.722805513542343,,9925.94438293,,5903.0,,65.0,7635,13.665000000000004,0.0,26.0,,,0.2,,,433192,3.0,,1763413529.6514058,,
,,7.752762794494629,,,,10039.343210258,,,,,7786,,,,104.16527557373047,,,3.561378002166748,,438000,,,1763413643.0504045,,
,69.0,,64.0,6.080490831339194,,10080.180785349,,6077.0,,43.0,7833,8.192500000000003,2.0,16.0,,,0.2,,,439660,3.0,,1763413683.8878016,,
,43.0,,24.5,3.2679303465649334,,10096.26699141,,6095.0,,32.0,7855,4.437500000000001,2.0,13.0,,,0.2,,,440317,3.0,,1763413699.974265,,
,39.0,,73.75,4.202350532737601,,10109.507247049,,6109.0,,26.0,7869,4.369999999999999,2.0,13.0,,,0.2,,,440855,3.0,,1763413713.214209,,
,44.0,,81.0,5.7205654222288205,,10119.777576059,,6120.0,,25.0,7884,5.0575,0.0,23.0,,,0.2,,,441275,3.0,,1763413723.4847875,,
,74.0,,80.0,5.568461973471668,,10149.115381713,,6165.0,,39.0,7933,8.9375,0.0,11.0,,,0.2,,,442606,3.0,,1763413752.8224988,,
,25.0,,73.75,3.3719949584778455,,10234.863795194,,6307.0,,21.0,8091,2.5700000000000007,0.0,9.0,,,0.2,,,446584,3.0,,1763413838.5707345,,
,31.0,,19.0,2.307394363779196,,10245.610625799,,6324.0,,33.0,8112,2.8925000000000005,1.0,26.0,,,0.2,,,447028,3.0,,1763413849.3175628,,
,8.0,,38.5,1.5490218687933361,,10260.897119999,,6349.0,,17.0,8137,0.0525000000000001,1.0,14.0,,,0.2,,,447685,3.0,,1763413864.6043768,,
,11.0,,5.0,1.080717354353116,,10269.058865792,,6366.0,,27.0,8158,0.1899999999999999,0.0,13.0,,,0.2,,,448129,2.0,,1763413872.7658134,,
,15.0,,10.5,0.7201866077621829,,10271.320952842,,6371.0,,25.0,8163,0.7275000000000003,0.0,13.0,,,0.2,,,448244,3.0,,1763413875.0281737,,
,11.0,,10.5,0.9753813356836392,,10279.409591854,,6386.0,,29.0,8178,0.2675000000000003,0.0,26.0,,,0.2,,,448608,3.0,,1763413883.1166337,,
,3.0,,19.25,0.40462946012370377,,10281.335400669,,6390.0,,18.0,8182,-0.7550000000000001,0.0,11.0,,,0.2,,,448696,3.0,,1763413885.0424976,,
,10.0,,14.75,0.9577447467879948,,10323.334476236,,6465.0,,21.0,8265,0.10500000000000023,0.0,13.0,,,0.2,,,450505,3.0,,1763413927.0416453,,
,8.0,,20.75,1.2776051815799747,,10329.550150191,,6477.0,,20.0,8277,-0.09499999999999986,0.0,14.0,,,0.2,,,450764,3.0,,1763413933.2571652,,
,6.0,,7.25,0.7694803441284255,,10333.869604008,,6484.0,,22.0,8284,-0.45999999999999996,1.0,22.0,,,0.2,,,450941,3.0,,1763413937.57664,,
,9.0,,12.25,0.6962219473702335,,10366.092949728,,6541.0,,21.0,8349,-0.0449999999999999,3.0,24.0,,,0.2,,,452276,3.0,,1763413969.79994,,
,3.0,,31.5,0.567555063407948,,10379.039871444,,6564.0,,15.0,8372,-0.6625000000000001,0.0,15.0,,,0.2,,,452808,3.0,,1763413982.746826,,
,31.0,,39.25,4.0569354197472745,,10393.981777121,,6591.0,,31.0,8403,3.075,0.0,5.0,,,0.2,,,453427,3.0,,1763413997.688845,,
,1.0,,10.75,0.163707055437449,,10417.162537455,,6629.0,,17.0,8445,-1.0999999999999999,0.0,18.0,,,0.2,,,454376,3.0,,1763414020.869595,,
,2.0,,7.75,0.43390667199295296,,10419.615693828,,6633.0,,20.0,8449,-0.975,0.0,6.0,,,0.2,,,454478,3.0,,1763414023.3227875,,
,17.0,,14.5,1.488814545200308,,10449.229454788,,6681.0,,25.0,8501,1.0175000000000003,1.0,10.0,,,0.2,,,455688,3.0,,1763414052.9364898,,
,2.0,,23.5,0.6329050086703375,,10504.624712038,,6783.0,,15.0,8615,-0.8675000000000002,4.0,10.0,,,0.2,,,458066,3.0,,1763414108.3317661,,
,,6.379824638366699,,,,10526.842151443,,,,,8653,,,,103.19953155517578,,,5.67246150970459,,459000,,,1763414130.5494184,,
,18.0,,14.25,1.4596403666657074,,10536.230985956,,6838.0,,24.0,8674,1.1300000000000006,0.0,3.0,,,0.2,,,459394,3.0,,1763414139.938171,,
,23.0,,42.25,4.426457387121217,,10542.60849593,,6852.0,,22.0,8688,2.0149999999999997,3.0,19.0,,,0.2,,,459720,3.0,,1763414146.3158615,,
,20.0,,16.5,0.8254506345021487,,10551.302729296,,6866.0,,33.0,8706,1.4925000000000004,1.0,21.0,,,0.2,,,460079,3.0,,1763414155.0097349,,
,15.0,,7.0,1.1895245899097675,,10560.504507925,,6879.0,,26.0,8719,0.7025000000000003,0.0,4.0,,,0.2,,,460449,3.0,,1763414164.2115338,,
,26.0,,39.25,3.0902912484100904,,10565.754100225,,6888.0,,21.0,8728,2.3499999999999996,1.0,3.0,,,0.2,,,460662,3.0,,1763414169.461062,,
,26.0,,16.25,1.415432796002693,,10594.395808807,,6938.0,,30.0,8782,2.2100000000000004,0.0,17.0,,,0.2,,,461833,3.0,,1763414198.1028023,,
,12.0,,33.75,1.564312948229989,,10615.540416344,,6973.0,,32.0,8821,0.6550000000000002,0.0,12.0,,,0.2,,,462695,3.0,,1763414219.2473643,,
,7.0,,38.5,0.9764572443276767,,10620.610576494,,6982.0,,17.0,8830,-0.07250000000000004,0.0,12.0,,,0.2,,,462898,3.0,,1763414224.3175309,,
,21.0,,6.75,2.0367007634898164,,10625.493252252,,6988.0,,30.0,8840,1.4900000000000007,0.0,16.0,,,0.2,,,463095,3.0,,1763414229.2004077,,
,20.0,,16.5,1.0166212421546188,,10636.00848221,,7004.0,,29.0,8856,1.4525000000000003,0.0,20.0,,,0.2,,,463539,3.0,,1763414239.7154977,,
,38.0,,28.75,3.7733638838574812,,10638.15023509,,7007.0,,44.0,8859,3.975000000000002,0.0,17.0,,,0.2,,,463629,3.0,,1763414241.8574984,,
,12.0,,9.5,1.5238827874872791,,10646.258650157,,7021.0,,26.0,8873,0.35250000000000026,0.0,17.0,,,0.2,,,463977,3.0,,1763414249.9658635,,
,0.0,,8.5,0.06722164829874383,,10651.724918888,,7032.0,,16.0,8888,-1.2574999999999998,1.0,9.0,,,0.2,,,464216,3.0,,1763414255.4320142,,
,2.0,,14.75,0.5197355096585184,,10653.229146144,,7035.0,,18.0,8891,-0.925,1.0,11.0,,,0.2,,,464284,3.0,,1763414256.9362333,,
,31.0,,20.25,1.0767892087126434,,10665.432306304,,7053.0,,33.0,8909,2.9050000000000002,1.0,22.0,,,0.2,,,464815,3.0,,1763414269.1393752,,
,41.0,,41.75,4.189826965400838,,10670.665678094,,7062.0,,33.0,8922,4.37,0.0,20.0,,,0.2,,,465033,3.0,,1763414274.3725805,,
,9.0,,11.0,0.9373466541253563,,10671.823100483,,7064.0,,24.0,8924,-0.027499999999999802,0.0,8.0,,,0.2,,,465081,3.0,,1763414275.530153,,
,7.0,,4.5,0.38277767698756937,,10676.188462121,,7070.0,,23.0,8930,-0.3525,0.0,14.0,,,0.2,,,465260,3.0,,1763414279.8955312,,
,11.0,,6.75,1.1833638493717815,,10676.789982032,,7071.0,,25.0,8931,0.1900000000000001,0.0,17.0,,,0.2,,,465285,3.0,,1763414280.4969761,,
,17.0,,10.5,2.232513997716476,,10682.344010835,,7080.0,,29.0,8940,1.0175000000000005,0.0,13.0,,,0.2,,,465519,3.0,,1763414286.0509558,,
,6.0,,24.75,0.5718609970963224,,10682.787415104,,7081.0,,18.0,8941,-0.32499999999999984,3.0,17.0,,,0.2,,,465537,3.0,,1763414286.494456,,
,0.0,,22.5,0.24468091466234146,,10705.762404565,,7123.0,,15.0,8987,-1.1275,8.0,19.0,,,0.2,,,466485,3.0,,1763414309.469593,,
,20.0,,8.0,2.366087223666956,,10717.306158676,,7143.0,,31.0,9007,1.3875000000000006,0.0,12.0,,,0.2,,,466982,3.0,,1763414321.0103314,,
,5.0,,11.75,0.714072825417688,,10721.833175728,,7151.0,,19.0,9019,-0.57,1.0,23.0,,,0.2,,,467163,3.0,,1763414325.540273,,
,7.0,,15.0,0.5875106382015565,,10729.535396988,,7164.0,,20.0,9032,-0.2774999999999999,3.0,23.0,,,0.2,,,467472,3.0,,1763414333.242583,,
,36.0,,16.75,1.8479921536629969,,10740.704187578,,7183.0,,35.0,9051,3.515000000000001,0.0,11.0,,,0.2,,,467918,3.0,,1763414344.4111993,,
,10.0,,37.25,1.6529065309327087,,10751.995460991,,7201.0,,18.0,9073,0.30000000000000004,0.0,3.0,,,0.2,,,468371,3.0,,1763414355.7023766,,
,14.0,,12.25,1.0452750834110607,,10764.3968089,,7222.0,,27.0,9094,0.6400000000000001,0.0,5.0,,,0.2,,,468882,3.0,,1763414368.1037316,,
,10.0,,21.25,1.0281780001536702,,10769.870776537,,7231.0,,24.0,9107,0.2000000000000003,0.0,21.0,,,0.2,,,469119,3.0,,1763414373.5777702,,
,19.0,,27.0,1.6906710945657055,,10785.076759093,,7258.0,,26.0,9134,1.4025000000000003,0.0,15.0,,,0.2,,,469760,3.0,,1763414388.7837994,,
,8.0,,30.25,1.437793448308901,,10803.874319085,,7293.0,,21.0,9173,0.010000000000000203,0.0,11.0,,,0.2,,,470543,3.0,,1763414407.5812647,,
,35.0,,60.75,4.819102613557839,,10815.505241654,,7312.0,,31.0,9196,3.79,0.0,14.0,,,0.2,,,471026,3.0,,1763414419.212283,,
,29.0,,25.0,2.01322347244413,,10826.300664394,,7329.0,,35.0,9213,2.7225000000000006,0.0,15.0,,,0.2,,,471475,3.0,,1763414430.007953,,
,9.0,,29.25,0.7047872019269363,,10828.66922226,,7333.0,,21.0,9217,0.12500000000000017,0.0,7.0,,,0.2,,,471574,3.0,,1763414432.3762815,,
,,,,,6.755578517913818,10838.897998896,,,,,9236,,,,,3.438664436340332,,,,472000,,,1763414442.6053553,84.85552978515625,
,8.0,,31.75,1.38265143836037,,10839.126149388,,7350.0,,22.0,9238,0.035000000000000114,1.0,5.0,,,0.2,,,472010,3.0,,1763414442.8331819,,
,23.0,,46.75,2.371054617675434,,10844.778130952,,7359.0,,25.0,9247,2.09,0.0,17.0,,,0.2,,,472242,3.0,,1763414448.4851046,,
,6.0,,32.75,0.8795879717231244,,10848.875261138,,7367.0,,17.0,9255,-0.255,0.0,22.0,,,0.2,,,472406,3.0,,1763414452.5823812,,
,14.0,,13.0,1.2559558113245863,,10859.471122657,,7384.0,,29.0,9272,0.665,2.0,13.0,,,0.2,,,472836,2.0,,1763414463.1781805,,
,11.0,,31.5,1.5905403955888704,,10876.541136647,,7414.0,,20.0,9306,0.3875000000000002,0.0,2.0,,,0.2,,,473530,3.0,,1763414480.247905,,
,19.0,,5.5,2.1456511249501866,,10902.797452589,,7455.0,,30.0,9351,1.2275000000000003,0.0,19.0,,,0.2,,,474600,3.0,,1763414506.504401,,
,59.0,,12.25,4.807881550121637,,10911.379435643,,7471.0,,53.0,9371,6.525000000000005,1.0,15.0,,,0.2,,,475100,3.0,,1763414515.0867193,,
,18.0,,6.25,2.1177818584547374,,10936.068727838,,7523.0,,32.0,9427,1.1300000000000003,0.0,12.0,,,0.2,,,476458,3.0,,1763414539.775771,,
,13.0,,13.5,1.9869244449651327,,10945.669182901,,7539.0,,25.0,9443,0.5075000000000002,1.0,13.0,,,0.2,,,476851,3.0,,1763414549.376107,,
,9.0,,15.0,0.7282985308237275,,10972.005931691,,7583.0,,21.0,9491,-0.017499999999999932,0.0,10.0,,,0.2,,,477998,3.0,,1763414575.7129292,,
,32.0,,6.0,2.0931958221819573,,10976.438971368,,7590.0,,48.0,9502,3.0374999999999996,1.0,14.0,,,0.2,,,478182,3.0,,1763414580.1459224,,
,16.0,,6.5,1.0528859149974419,,11000.265251058,,7630.0,,27.0,9546,0.8325000000000002,0.0,15.0,,,0.2,,,479161,3.0,,1763414603.9720807,,
,,,,,6.532745838165283,11020.864478593,,,,,9583,,,,,3.7282352447509766,,,,480000,,,1763414624.571815,82.49506378173828,
,3.0,,15.5,0.4827201570268224,,11024.779976248,,7671.0,,16.0,9591,-0.8125,4.0,13.0,,,0.2,,,480157,3.0,,1763414628.4869397,,
,16.0,,6.75,1.0811683495182423,,11062.928198064,,7729.0,,29.0,9653,0.8550000000000001,0.0,24.0,,,0.2,,,481705,3.0,,1763414666.6351929,,
,8.0,,44.75,1.008526152362942,,11076.898807469,,7753.0,,19.0,9681,0.13499999999999995,3.0,19.0,,,0.2,,,482283,3.0,,1763414680.6057951,,
,5.0,,40.5,0.24843258642939733,,11083.412861238,,7763.0,,19.0,9691,-0.2825,0.0,19.0,,,0.2,,,482546,3.0,,1763414687.1197934,,
,20.0,,33.25,3.3558307466259394,,11087.171293727,,7769.0,,27.0,9697,1.600000000000001,1.0,24.0,,,0.2,,,482698,3.0,,1763414690.8783965,,
,31.0,,28.25,2.5605614618673003,,11088.426004231,,7771.0,,30.0,9699,2.955000000000001,0.0,2.0,,,0.2,,,482748,3.0,,1763414692.1330056,,
,,19.36542320251465,,,,11118.396285874,,,,,9753,,,,102.03904724121094,,,7.43892765045166,,484000,,,1763414722.1034522,,
,16.0,,32.0,1.6657036801304128,,11121.189375643,,7825.0,,26.0,9761,1.0775000000000003,0.0,2.0,,,0.2,,,484113,3.0,,1763414724.8964658,,
,33.0,,72.25,4.333627233623123,,11134.495258598,,7847.0,,24.0,9783,3.5850000000000004,0.0,1.0,,,0.2,,,484689,3.0,,1763414738.2022853,,
,7.0,,41.0,1.4064027694796397,,11147.546721441,,7864.0,,18.0,9804,-0.03749999999999991,0.0,19.0,,,0.2,,,485226,3.0,,1763414751.2537189,,
,29.0,,43.25,4.1216046632349395,,11149.34364993,,7867.0,,25.0,9807,2.805,0.0,9.0,,,0.2,,,485299,3.0,,1763414753.050629,,
,28.0,,47.5,2.6625962423920004,,11164.443648395,,7892.0,,26.0,9832,2.7325000000000004,0.0,2.0,,,0.2,,,485912,3.0,,1763414768.1506214,,
,8.0,,18.75,0.9982359440533084,,11200.699022757,,7952.0,,22.0,9900,-0.09500000000000003,1.0,15.0,,,0.2,,,487388,3.0,,1763414804.4061275,,
,27.0,,35.75,3.8992755737444376,,11252.520648498,,8067.0,,28.0,10027,2.5100000000000007,0.0,18.0,,,0.2,,,490191,3.0,,1763414856.2278843,,
,18.0,,37.0,3.0195146547086016,,11271.422315851,,8098.0,,23.0,10058,1.3475000000000008,0.0,25.0,,,0.2,,,490988,3.0,,1763414875.1292737,,
,9.0,,55.75,2.5022689703547054,,11280.277765474,,8112.0,,15.0,10076,0.32999999999999985,1.0,10.0,,,0.2,,,491351,3.0,,1763414883.9849136,,
,5.0,,10.5,0.54554445281755,,11300.853985426,,8143.0,,21.0,10111,-0.5624999999999999,0.0,22.0,,,0.2,,,492187,3.0,,1763414904.560964,,
,21.0,,9.0,1.8707134334258682,,11308.467243129,,8155.0,,30.0,10123,1.5125000000000004,0.0,23.0,,,0.2,,,492502,3.0,,1763414912.174252,,
,14.0,,35.75,2.1340630262482883,,11342.568343533,,8213.0,,21.0,10185,0.8150000000000004,0.0,14.0,,,0.2,,,493894,3.0,,1763414946.2752986,,
,30.0,,24.25,1.3411375768354268,,11354.260452846,,8232.0,,34.0,10208,2.83,0.0,27.0,,,0.2,,,494365,3.0,,1763414957.9674976,,
,16.0,,29.0,2.2835320777252073,,11388.980941105,,8286.0,,23.0,10266,1.0175000000000003,0.0,8.0,,,0.2,,,495794,3.0,,1763414992.6880524,,
,7.0,,10.75,0.42673176586703737,,11390.802259137,,8289.0,,20.0,10269,-0.32,0.0,14.0,,,0.2,,,495867,3.0,,1763414994.5092702,,
,14.0,,13.25,1.6245153123316505,,11397.730678299,,8299.0,,24.0,10283,0.6199999999999999,0.0,14.0,,,0.2,,,496146,3.0,,1763415001.4376652,,
,11.0,,3.0,0.722543251300571,,11398.581474022,,8300.0,,34.0,10284,0.2425000000000001,1.0,27.0,,,0.2,,,496180,3.0,,1763415002.2885888,,
,6.0,,16.0,1.428642275028988,,11407.033433563,,8315.0,,22.0,10299,-0.3724999999999995,0.0,19.0,,,0.2,,,496523,3.0,,1763415010.7404122,,
,2.0,,17.75,0.2797766966707556,,11458.363948601,,8408.0,,15.0,10400,-0.925,0.0,13.0,,,0.2,,,498715,3.0,,1763415062.0710676,,
,25.0,,43.0,3.7936418847856475,,11479.6626886,,8444.0,,27.0,10440,2.3225000000000002,0.0,15.0,,,0.2,,,499593,3.0,,1763415083.3696632,,
,3.0,,18.25,0.3930330774883967,,11506.590019592,,8489.0,,18.0,10489,-0.7649999999999999,1.0,16.0,,,0.2,,,500717,3.0,,1763415110.2971537,,
,1.0,,15.5,0.23930890079560352,,11507.984352673,,8492.0,,15.0,10492,-1.0725,0.0,13.0,,,0.2,,,500773,3.0,,1763415111.6913736,,
,4.0,,10.75,0.478565564996062,,11522.929371829,,8518.0,,20.0,10522,-0.6949999999999998,1.0,14.0,,,0.2,,,501383,3.0,,1763415126.636449,,
,55.0,,8.25,2.9833328677839517,,11535.548196334,,8539.0,,48.0,10543,5.935000000000001,0.0,21.0,,,0.2,,,501891,3.0,,1763415139.2551856,,
,,14.915873527526855,,,,11538.272337731,,,,,10549,,,,109.11631774902344,,,17.643903732299805,,502000,,,1763415141.979553,,
,15.0,,27.75,2.013889272030615,,11552.071240625,,8568.0,,24.0,10576,0.8900000000000001,1.0,20.0,,,0.2,,,502596,3.0,,1763415155.7783237,,
,5.0,,9.25,0.16393596310755004,,11578.925674713,,8615.0,,21.0,10627,-0.575,0.0,8.0,,,0.2,,,503686,3.0,,1763415182.6327267,,
,5.0,,2.5,0.8048757668112516,,11609.293249181,,8664.0,,25.0,10680,-0.605,0.0,19.0,,,0.2,,,504922,2.0,,1763415213.0001872,,
7.275331497192383,,,,,,11611.204840776,384.7445983886719,,,,10684,,,,,,,,,505000,,94.97291564941406,1763415214.9122047,,
,10.0,,4.5,0.8369289097647423,,11619.388798614,,8682.0,,24.0,10702,0.030000000000000082,1.0,5.0,,,0.2,,,505346,2.0,,1763415223.095932,,
,23.0,,42.5,2.0278606337714633,,11643.357367841,,8729.0,,28.0,10753,2.0775,0.0,6.0,,,0.2,,,506393,3.0,,1763415247.0644505,,
,5.0,,9.25,0.8135877334375193,,11643.85914783,,8730.0,,20.0,10754,-0.5849999999999999,0.0,18.0,,,0.2,,,506413,3.0,,1763415247.5661561,,
,8.0,,13.75,0.7071598122065478,,11652.014420138,,8746.0,,19.0,10770,-0.17499999999999993,0.0,24.0,,,0.2,,,506765,3.0,,1763415255.7214794,,
,24.0,,36.25,4.311577437551132,,11656.450159078,,8756.0,,25.0,10784,2.1099999999999994,1.0,9.0,,,0.2,,,507017,3.0,,1763415260.1574843,,
,28.0,,40.0,3.9071944858171586,,11657.785681822,,8761.0,,36.0,10789,2.757500000000001,0.0,6.0,,,0.2,,,507136,3.0,,1763415261.4929628,,
,26.0,,11.5,1.598114122958683,,11662.377923098,,8778.0,,30.0,10806,2.1625000000000005,0.0,2.0,,,0.2,,,507546,3.0,,1763415266.0852096,,
,6.0,,17.75,0.9348930420106891,,11663.95333206,,8782.0,,19.0,10810,-0.385,4.0,24.0,,,0.2,,,507634,3.0,,1763415267.6604593,,
,5.0,,7.75,0.45863929181874513,,11681.358879745,,8815.0,,19.0,10847,-0.6099999999999999,0.0,2.0,,,0.2,,,508361,3.0,,1763415285.0658665,,
,25.0,,5.5,2.1368844142816905,,11688.284027122,,8826.0,,33.0,10858,2.005000000000001,2.0,18.0,,,0.2,,,508647,2.0,,1763415291.9909554,,
,,,,,18.56589698791504,11697.032614591,,,,,10876,,,,,7.298084259033203,,,,509000,,,1763415300.7400482,83.21237182617188,
,35.0,,11.25,1.1306303551559194,,11701.849261896,,8850.0,,35.0,10886,3.3350000000000013,0.0,10.0,,,0.2,,,509224,3.0,,1763415305.5563414,,
,10.0,,5.0,0.916879899441579,,11723.436249071,,8888.0,,26.0,10928,0.05750000000000005,0.0,16.0,,,0.2,,,510113,3.0,,1763415327.143444,,
,6.0,,14.5,0.34244525109862456,,11733.572678212,,8906.0,,18.0,10946,-0.4275,1.0,12.0,,,0.2,,,510527,3.0,,1763415337.2796512,,
,27.0,,39.25,3.814213549344084,,11752.901893578,,8941.0,,27.0,10985,2.5349999999999997,0.0,10.0,,,0.2,,,511314,3.0,,1763415356.608879,,
,15.0,,27.25,0.8881582066276256,,11776.397314848,,8981.0,,26.0,11029,0.9050000000000002,0.0,16.0,,,0.2,,,512268,3.0,,1763415380.1043346,,
,7.0,,17.75,0.8050776360078574,,11788.109142897,,9011.0,,22.0,11059,-0.22999999999999993,1.0,26.0,,,0.2,,,512952,3.0,,1763415391.8162646,,
,11.0,,9.5,1.2567094930810385,,11790.644410488,,9018.0,,21.0,11070,0.17750000000000035,1.0,24.0,,,0.2,,,513114,3.0,,1763415394.3517191,,
,15.0,,13.0,1.0041756569445408,,11815.996626288,,9074.0,,24.0,11130,0.7425000000000002,0.0,17.0,,,0.2,,,514372,3.0,,1763415419.7037442,,
,17.0,,42.75,3.4355712770949767,,11826.896932551,,9092.0,,21.0,11148,1.2600000000000007,0.0,21.0,,,0.2,,,514822,3.0,,1763415430.6040666,,
,9.0,,37.75,1.902537778862748,,11844.609891194,,9124.0,,19.0,11184,0.18999999999999972,0.0,11.0,,,0.2,,,515542,3.0,,1763415448.316952,,
,19.0,,4.75,1.106639055880462,,11856.168159533,,9144.0,,26.0,11208,1.1800000000000002,0.0,26.0,,,0.2,,,516016,3.0,,1763415459.8753357,,
,12.0,,33.25,1.0065535256507723,,11861.547791337,,9152.0,,20.0,11216,0.5300000000000001,0.0,12.0,,,0.2,,,516238,3.0,,1763415465.2549307,,
,5.0,,2.25,0.6498653706730341,,11862.901304145,,9154.0,,26.0,11218,-0.595,1.0,9.0,,,0.2,,,516292,3.0,,1763415466.60855,,
,0.0,,9.0,0.06722164829874382,,11871.339533502,,9167.0,,15.0,11231,-1.2625,7.0,18.0,,,0.2,,,516641,3.0,,1763415475.0467837,,
,7.0,,8.0,0.816865196957246,,11877.225983444,,9183.0,,19.0,11251,-0.35750000000000004,5.0,25.0,,,0.2,,,517032,3.0,,1763415480.9330835,,
,22.0,,7.5,2.0802328595616415,,11881.903711751,,9196.0,,35.0,11264,1.6725000000000005,0.0,24.0,,,0.2,,,517360,3.0,,1763415485.6110137,,
,4.0,,13.5,0.6864537493524236,,11909.383660381,,9252.0,,17.0,11324,-0.6975,0.0,13.0,,,0.2,,,518766,3.0,,1763415513.090783,,
,34.0,,22.0,1.8029472399379862,,11912.350452836,,9257.0,,31.0,11329,3.2775000000000007,0.0,14.0,,,0.2,,,518889,3.0,,1763415516.0574055,,
,21.0,,14.5,2.4428096016677197,,11933.609764372,,9293.0,,32.0,11369,1.5875000000000008,1.0,18.0,,,0.2,,,519745,3.0,,1763415537.3169222,,
,,19.78371238708496,,,,11939.875418728,,,,,11380,,,,108.45123291015625,,,6.763855457305908,,520000,,,1763415543.5825691,,
,34.0,,13.0,1.4108928910445337,,11945.798268791,,9312.0,,34.0,11392,3.2175000000000002,0.0,15.0,,,0.2,,,520242,3.0,,1763415549.505398,,
,4.0,,8.5,0.30078023538789916,,11946.244548801,,9313.0,,18.0,11393,-0.7374999999999999,2.0,20.0,,,0.2,,,520260,3.0,,1763415549.9514122,,
,7.0,,11.0,0.9769691653271356,,11966.015052687,,9346.0,,21.0,11430,-0.3074999999999999,0.0,18.0,,,0.2,,,521077,3.0,,1763415569.7221532,,
,39.0,,39.0,3.8461108603367107,,11971.57442298,,9355.0,,36.0,11439,4.1225,0.0,5.0,,,0.2,,,521320,3.0,,1763415575.2816513,,
,3.0,,22.25,0.5755215026391283,,11984.251077675,,9377.0,,15.0,11461,-0.7550000000000001,5.0,23.0,,,0.2,,,521836,3.0,,1763415587.9581678,,
,30.0,,40.0,3.484016181076088,,11984.995171756,,9378.0,,31.0,11462,2.9575000000000014,0.0,14.0,,,0.2,,,521867,3.0,,1763415588.702133,,
,16.0,,61.25,3.716026103245239,,12004.29606869,,9439.0,,16.0,11531,1.2699999999999996,0.0,8.0,,,0.2,,,523354,3.0,,1763415608.0033376,,
,31.0,,12.25,2.5077131016127026,,12022.570805113,,9472.0,,34.0,11568,2.835000000000001,0.0,17.0,,,0.2,,,524189,3.0,,1763415626.2780428,,
,11.0,,30.0,1.154824120808013,,12035.499090202,,9493.0,,20.0,11589,0.3725000000000002,2.0,10.0,,,0.2,,,524717,3.0,,1763415639.2060633,,
,6.0,,14.25,1.191049956970739,,12062.068001557,,9534.0,,21.0,11634,-0.40000000000000024,0.0,25.0,,,0.2,,,525801,3.0,,1763415665.7750444,,
,39.0,,12.5,1.3875045044971934,,12064.712221725,,9538.0,,37.0,11638,3.867500000000001,0.0,17.0,,,0.2,,,525908,3.0,,1763415668.4194412,,
20.027957916259766,,,,,,12066.943129843,148.3175048828125,,,,11643,,,,,,,,,526000,,94.51548767089844,1763415670.650482,,
,,,,,6.38996696472168,12163.753868787,,,,,11819,,,,,20.50775146484375,,,,530000,,,1763415767.4612262,88.17345428466797,
,34.0,,7.5,2.043029307180885,,12182.280312529,,9731.0,,39.0,11851,3.2125000000000012,0.0,10.0,,,0.2,,,530765,3.0,,1763415785.9872758,,
,11.0,,14.25,0.9782254341408222,,12186.353913529,,9739.0,,24.0,11859,0.2550000000000002,0.0,22.0,,,0.2,,,530931,3.0,,1763415790.0610044,,
,17.0,,17.0,1.5603425104764663,,12197.007483605,,9757.0,,23.0,11881,1.0225000000000004,1.0,8.0,,,0.2,,,531393,3.0,,1763415800.7145522,,
,8.0,,14.0,1.6215636743587967,,12209.096198971,,9777.0,,21.0,11901,-0.15249999999999977,0.0,6.0,,,0.2,,,531895,3.0,,1763415812.8031993,,
,13.0,,6.25,0.4150602365922325,,12216.968273095,,9790.0,,34.0,11918,0.5250000000000002,0.0,14.0,,,0.2,,,532229,3.0,,1763415820.6754246,,
,25.0,,18.75,2.6309789052746133,,12229.185917258,,9812.0,,28.0,11940,2.0900000000000003,0.0,11.0,,,0.2,,,532731,3.0,,1763415832.8929882,,
,3.0,,20.0,0.5810496966697427,,12237.050857927,,9825.0,,15.0,11957,-0.7775000000000001,4.0,15.0,,,0.2,,,533056,3.0,,1763415840.757848,,
,38.0,,47.25,3.9722097124900153,,12250.378544307,,9855.0,,32.0,11987,4.040000000000002,1.0,13.0,,,0.2,,,533773,3.0,,1763415854.085684,,
,24.0,,21.75,1.5724264688690537,,12256.408593778,,9870.0,,24.0,12006,1.9550000000000005,3.0,19.0,,,0.2,,,534104,3.0,,1763415860.1156962,,
,5.0,,13.0,0.24829418035870268,,12301.583661302,,9957.0,,20.0,12101,-0.5499999999999999,2.0,13.0,,,0.2,,,536040,2.0,,1763415905.2909555,,
,11.0,,18.0,1.723954393248267,,12309.130845708,,9971.0,,20.0,12115,0.25250000000000017,5.0,20.0,,,0.2,,,536351,3.0,,1763415912.8378415,,
,21.0,,31.75,2.552028604855361,,12315.861065704,,9982.0,,25.0,12126,1.6900000000000002,0.0,5.0,,,0.2,,,536625,3.0,,1763415919.5681436,,
,19.0,,26.25,2.806568189087876,,12320.17711821,,9990.0,,22.0,12134,1.355,0.0,15.0,,,0.2,,,536806,3.0,,1763415923.8840773,,
