robot_1/q_std,survival_rate,total_charges_per_episode,robot_0/q_std,mean_final_energy,robot_2/loss,episode_length,_runtime,robot_1/loss,robot_3/q_mean,total_kills_per_episode,total_agent_collisions_per_episode,_step,global_step,std_episode_reward,robot_0/loss,mean_episode_reward,episode,robot_3/loss,robot_3/q_std,_timestamp,robot_2/q_std,robot_0/q_mean,robot_2/q_mean,robot_1/q_mean
,4.0,0.0,,37.25,,21.0,5.8127545000000005,,,0.0,0.0,0,21,0.9776246723564215,,-0.9200000000000002,0.0,,,1763370520.742684,,,,
,4.0,0.0,,63.0,,27.0,6.173166917,,,0.0,0.0,1,48,4.6633430873140815,,1.1475000000000015,1.0,,,1763370521.107593,,,,
,4.0,0.0,,40.75,,24.0,8.770680792,,,0.0,0.0,7,186,3.1102290912407073,,0.3949999999999996,7.0,,,1763370523.708271,,,,
,4.0,0.0,,16.5,,22.0,9.077387708,,,0.0,0.0,8,208,0.22741756748325317,,-1.4925000000000002,8.0,,,1763370524.0147352,,,,
,4.0,0.0,,35.75,,23.0,9.2830065,,,0.0,0.0,9,231,0.23382685902179848,,-0.915,9.0,,,1763370524.221177,,,,
,4.0,0.0,,54.75,,21.0,9.861516292,,,0.0,0.0,11,277,2.0288790008277973,,-0.12000000000000019,11.0,,,1763370524.798559,,,,
,4.0,0.0,,38.75,,25.0,10.63541425,,,0.0,0.0,14,349,1.8758331482304074,,0.009999999999999898,14.0,,,1763370525.5735848,,,,
,4.0,0.0,,68.75,,27.0,11.232236208,,,0.0,0.0,16,397,4.949734210035929,,2.4524999999999997,16.0,,,1763370526.169682,,,,
,4.0,0.0,,79.0,,25.0,11.478581208,,,0.0,0.0,17,422,3.7089039823106784,,2.4125000000000014,17.0,,,1763370526.4167502,,,,
,4.0,0.0,,43.25,,26.0,11.662606917,,,0.0,0.0,18,448,4.22266503525913,,1.9399999999999997,18.0,,,1763370526.600714,,,,
,4.0,0.0,,45.0,,21.0,11.774472208,,,0.0,0.0,19,469,0.739776148574689,,-0.5925000000000001,19.0,,,1763370526.712859,,,,
,4.0,0.0,,19.5,,26.0,12.820585708,,,0.0,0.0,27,666,1.0027306467840704,,0.20249999999999985,27.0,,,1763370527.758749,,,,
,4.0,0.0,,47.75,,24.0,12.980278042,,,0.0,0.0,28,690,3.628866903042878,,0.7150000000000005,28.0,,,1763370527.918634,,,,
,4.0,0.0,,22.25,,24.0,13.218489833,,,0.0,0.0,30,738,0.47420986915078034,,-1.165,30.0,,,1763370528.1569521,,,,
,4.0,0.0,,20.0,,27.0,13.342649375,,,0.0,0.0,31,765,1.7595667080278603,,-0.28499999999999986,31.0,,,1763370528.281127,,,,
,4.0,0.0,,56.5,,24.0,13.551413542,,,0.0,0.0,33,812,2.3665626444275674,,0.9275,33.0,,,1763370528.489852,,,,
,4.0,0.0,,67.5,,20.0,14.100275708,,,0.0,0.0,38,930,4.101276478122391,,1.1225000000000003,38.0,,,1763370529.0387719,,,,
,,,1.2396825551986694,,,,15.114145375,,,,,41,1000,,2.491196632385254,,,,,1763370530.052628,,0.3004764914512634,,
0.5383485555648804,,,,,,,15.126998167,0.32251933217048645,,,,42,1000,,,,,,,1763370530.065511,,,,0.23731079697608948
,,,,,3.264463424682617,,15.140732375,,,,,43,1000,,,,,,,1763370530.0792892,1.672499656677246,,2.0225508213043213,
,,,,,,,15.153594292,,1.5957876443862915,,,44,1000,,,,,1.0110350847244263,1.0491328239440918,1763370530.092031,,,,
,4.0,0.0,,46.25,,27.0,15.603392875,,,0.0,0.0,45,1008,1.2966953188779542,,-0.02250000000000041,41.0,,,1763370530.541749,,,,
,4.0,0.0,,85.75,,24.0,17.137640167,,,0.0,0.0,46,1032,4.113009846815347,,1.9700000000000002,42.0,,,1763370532.075722,,,,
,4.0,0.0,,113.25,,24.0,18.767321,,,0.0,0.0,47,1056,3.9260476308878376,,3.3699999999999997,43.0,,,1763370533.705183,,,,
,4.0,0.0,,97.75,,39.0,24.489218667,,,0.0,0.0,48,1095,2.8149111886523186,,4.365000000000002,44.0,,,1763370539.4101381,,,,
,4.0,0.0,,119.0,,47.0,45.068033625,,,0.0,0.0,52,1390,5.102398333137076,,7.907500000000001,48.0,,,1763370560.007338,,,,
,4.0,0.0,,79.0,,61.0,53.748118333,,,0.0,0.0,54,1528,6.44243112109086,,10.022500000000004,50.0,,,1763370568.6876621,,,,
,4.0,0.0,,143.0,,131.0,65.516844875,,,0.0,0.0,55,1659,10.882031921934434,,32.862500000000004,51.0,,,1763370580.455939,,,,
,4.0,0.0,,50.25,,215.0,85.623899667,,,0.0,0.0,58,1938,16.039665676066875,,47.02499999999997,54.0,,,1763370600.563733,,,,
0.5193871855735779,,,,,,,88.78763275,0.012006733566522598,,,,60,2000,,,,,,,1763370603.728148,,,,1.059913158416748
,,,,,0.023507922887802124,,88.801810583,,,,,61,2000,,,,,,,1763370603.742383,0.9329975247383118,,2.6202235221862793,
,4.0,0.0,,103.75,,105.0,97.614963125,,,0.0,0.0,64,2171,7.104711464936492,,26.835000000000008,56.0,,,1763370612.555671,,,,
,4.0,0.0,,80.75,,177.0,118.306345292,,,0.0,0.0,66,2430,17.450239969696685,,42.07499999999999,58.0,,,1763370633.2462232,,,,
,4.0,0.0,,142.5,,120.0,125.923188708,,,0.0,0.0,67,2550,8.713510701778008,,34.497499999999995,59.0,,,1763370640.864854,,,,
,4.0,0.0,,137.25,,127.0,132.69892725,,,0.0,0.0,68,2677,13.512114934383877,,34.88999999999998,60.0,,,1763370647.640685,,,,
,4.0,0.0,,118.25,,120.0,139.121100583,,,0.0,0.0,69,2797,5.926864685480848,,28.505000000000003,61.0,,,1763370654.062738,,,,
,,,,,0.028476649895310402,,150.901514,,,,,73,3000,,,,,,,1763370665.843895,1.0112272500991821,,3.354304552078247,
,,,,,,,150.913492,,2.098079204559326,,,74,3000,,,,,0.013926698826253414,0.5187045931816101,1763370665.855946,,,,
,4.0,0.0,,192.0,,500.0,186.548774875,,,0.0,0.0,76,3633,5.437067224156677,,167.17000000000004,64.0,,,1763370701.491791,,,,
,4.0,0.0,,141.75,,297.0,202.275781917,,,0.0,0.0,77,3930,6.380910985118078,,103.88500000000022,65.0,,,1763370717.219575,,,,
,,,0.7401536107063293,,,,205.624645917,,,,,78,4000,,0.007262068800628185,,,,,1763370720.568595,,2.1702449321746826,,
,,,,,,,205.657837833,,2.3585591316223145,,,81,4000,,,,,0.10897115617990494,0.6438560485839844,1763370720.6018329,,,,
,4.0,0.0,,198.5,,500.0,261.588977042,,,0.0,0.0,83,4930,2.468385099614706,,171.98499999999999,67.0,,,1763370776.533661,,,,
,,,0.9004318714141846,,,,267.101457083,,,,,84,5000,,0.06262963265180588,,,,,1763370782.0458372,,2.641057014465332,,
0.915071964263916,,,,,,,267.117309042,0.012421208433806896,,,,85,5000,,,,,,,1763370782.062762,,,,2.8926169872283936
,,,,,0.11399316787719727,,267.136729,,,,,86,5000,,,,,,,1763370782.0819561,1.0830225944519043,,4.419966697692871,
,4.0,0.0,,144.25,,355.0,283.292219625,,,0.0,0.0,88,5285,11.440915610212262,,110.7400000000003,68.0,,,1763370798.238302,,,,
,4.0,0.0,,106.25,,222.0,296.251465542,,,0.0,0.0,89,5507,8.570816763879677,,70.77999999999999,69.0,,,1763370811.1975439,,,,
,4.0,0.0,,94.25,,155.0,304.21113675,,,0.0,0.0,90,5662,2.5052993833073356,,44.864999999999945,70.0,,,1763370819.157364,,,,
,4.0,0.0,,92.75,,55.0,306.931000375,,,0.0,0.0,91,5717,1.860920471164741,,12.975000000000005,71.0,,,1763370821.8778281,,,,
,,,,,0.014813761226832867,,330.958891333,,,,,94,6000,,,,,,,1763370845.9063208,1.0085155963897705,,5.423890590667725,
,,,,,,,330.972827,,3.5251193046569824,,,95,6000,,,,,0.09134829789400101,0.7262502908706665,1763370845.920236,,,,
,,,0.5711793303489685,,,,405.062983417,,,,,99,7000,,0.024911921471357346,,,,,1763370920.0091882,,3.7979416847229004,,
,,,,,,,405.188036833,,4.095916748046875,,,102,7000,,,,,0.05849693715572357,0.8231462240219116,1763370920.135495,,,,
,4.0,0.0,,149.5,,192.0,431.213686042,,,0.0,0.0,104,7236,7.361814908702934,,60.537499999999966,76.0,,,1763370946.1609101,,,,
,4.0,0.0,,194.25,,500.0,485.790763292,,,0.0,0.0,106,7929,6.596129073176157,,170.3175,78.0,,,1763371000.740437,,,,
0.6791843175888062,,,,,,,491.944716625,0.01947707310318947,,,,108,8000,,,,,,,1763371006.896645,,,,4.212520599365234
,,,,,0.0697595626115799,,491.960870917,,,,,109,8000,,,,,,,1763371006.912529,1.3331040143966675,,6.13138484954834,
,4.0,0.0,,172.25,,500.0,563.664433583,,,0.0,0.0,112,8683,7.328868858834811,,174.0975,80.0,,,1763371078.617929,,,,
,4.0,0.0,,163.5,,500.0,628.846957625,,,0.0,0.0,118,9569,4.784929466564974,,161.7599999999999,82.0,,,1763371143.8024,,,,
,,,0.7868262529373169,,,,653.198143958,,,,,119,10000,,0.007543118670582771,,,,,1763371168.154509,,5.451436519622803,,
0.7943457365036011,,,,,,,653.210253708,0.008128619752824306,,,,120,10000,,,,,,,1763371168.166883,,,,5.326349258422852
,,,,,,,653.234613083,,5.923480987548828,,,122,10000,,,,,0.010160990059375763,0.5623156428337097,1763371168.191252,,,,
,4.0,0.0,,196.5,,500.0,656.696738083,,,0.0,0.0,123,10069,6.887078480749201,,167.58999999999995,83.0,,,1763371171.6533802,,,,
,4.0,0.0,,99.25,,207.0,668.046767792,,,0.0,0.0,124,10276,6.696105211240367,,53.93499999999999,84.0,,,1763371183.003755,,,,
0.6917693018913269,,,,,,,718.911634667,0.0067420294508337975,,,,127,11000,,,,,,,1763371233.869677,,,,5.969814300537109
0.9237640500068665,,,,,,,792.0231665,0.012912812642753124,,,,133,12000,,,,,,,1763371306.9836318,,,,6.341736316680908
,,,,,,,792.053353917,,6.600109100341797,,,135,12000,,,,,0.061670683324337006,0.8750362396240234,1763371307.013758,,,,
,4.0,0.0,,186.0,,500.0,807.962142667,,,0.0,0.0,136,12276,9.796716286593009,,163.3599999999999,88.0,,,1763371322.923028,,,,
,4.0,0.0,,143.25,,319.0,825.405273458,,,0.0,0.0,137,12595,12.179115320909087,,105.37000000000018,89.0,,,1763371340.366375,,,,
,,,,,0.07198036462068558,,851.14566325,,,,,140,13000,,,,,,,1763371366.107637,1.2447073459625244,,8.442651748657227,
,4.0,0.0,,196.75,,500.0,856.941488667,,,0.0,0.0,142,13095,4.562764375901887,,171.34249999999994,90.0,,,1763371371.903807,,,,
,4.0,0.0,,196.25,,500.0,886.994706708,,,0.0,0.0,143,13595,2.479509780178349,,168.71250000000003,91.0,,,1763371401.957668,,,,
,,,0.6653743982315063,,,,922.543612333,,,,,145,14000,,0.015160320326685905,,,,,1763371437.507749,,7.34687614440918,,
,,,,,0.03126879036426544,,922.574760125,,,,,147,14000,,,,,,,1763371437.53898,1.0220928192138672,,9.345733642578125,
,4.0,0.0,,196.0,,500.0,954.02889975,,,0.0,0.0,149,14366,8.392513032459286,,163.08500000000012,93.0,,,1763371468.993375,,,,
,4.0,0.0,,148.5,,500.0,982.380021333,,,0.0,0.0,150,14866,5.33638688627407,,164.235,94.0,,,1763371497.3454988,,,,
,,,,,0.02411939948797226,,994.77975025,,,,,153,15000,,,,,,,1763371509.745996,1.1298882961273193,,9.777093887329102,
,4.0,0.0,,147.5,,500.0,1019.171534,,,0.0,0.0,155,15366,5.586933416463734,,164.97500000000005,95.0,,,1763371534.1362271,,,,
,,,0.6270195841789246,,,,1064.954446458,,,,,157,16000,,0.006056270562112331,,,,,1763371579.922444,,8.185684204101562,,
,,,,,0.025822410359978676,,1064.976619792,,,,,159,16000,,,,,,,1763371579.944819,1.8330625295639038,,9.788003921508789,
,4.0,0.0,,188.25,,500.0,1084.6658765,,,0.0,0.0,161,16366,3.994141803942258,,162.8825000000001,97.0,,,1763371599.63466,,,,
,4.0,0.0,,194.0,,500.0,1110.113165083,,,0.0,0.0,162,16866,6.222547709740731,,168.69000000000008,98.0,,,1763371625.082488,,,,
,,,0.616015613079071,,,,1117.470036167,,,,,163,17000,,0.004900779575109482,,,,,1763371632.439208,,8.659699440002441,,
,,,,,,,1117.5123515,,9.042506217956543,,,166,17000,,,,,0.01804884523153305,0.9591655135154724,1763371632.482114,,,,
,4.0,0.0,,197.5,,500.0,1136.771156708,,,0.0,0.0,167,17366,10.881262564610616,,166.725,99.0,,,1763371651.740157,,,,
,,,0.7137306332588196,,,,1173.279171042,,,,,169,18000,,0.010605338960886002,,,,,1763371688.250486,,8.808229446411133,,
0.7873034477233887,,,,,,,1173.291005375,0.006495786365121603,,,,170,18000,,,,,,,1763371688.262351,,,,9.01887321472168
,,,,,,,1173.314834125,,9.530282020568848,,,172,18000,,,,,0.011901968158781528,0.6807295680046082,1763371688.28618,,,,
,4.0,0.0,,194.25,,500.0,1220.865275583,,,0.0,0.0,174,18866,5.822677111947647,,170.56749999999994,102.0,,,1763371735.8378649,,,,
0.8146896362304688,,,,,,,1228.049002875,0.01052742637693882,,,,176,19000,,,,,,,1763371743.0218492,,,,9.313933372497559
,,,,,0.07655476033687592,,1228.060696208,,,,,177,19000,,,,,,,1763371743.033569,1.9946048259735107,,11.211091995239258,
,4.0,0.0,,193.25,,500.0,1266.084899375,,,0.0,0.0,180,19759,2.521174081653225,,168.18250000000006,104.0,,,1763371781.058723,,,,
0.6482135653495789,,,,,,,1279.9165645,0.014683297835290432,,,,182,20000,,,,,,,1763371794.890744,,,,9.756582260131836
,4.0,0.0,,179.5,,500.0,1297.23264375,,,0.0,0.0,185,20259,4.606986542198649,,165.54500000000004,105.0,,,1763371812.207272,,,,
,4.0,0.0,,167.75,,500.0,1329.224331125,,,0.0,0.0,186,20759,4.409990787972231,,163.17749999999998,106.0,,,1763371844.19724,,,,
0.8491383790969849,,,,,,,1344.12321175,0.0062780966982245445,,,,188,21000,,,,,,,1763371859.099406,,,,10.292839050292969
,,,,,,,1344.148444375,,10.853317260742188,,,190,21000,,,,,0.012711659073829651,0.8098010420799255,1763371859.124639,,,,
,,,0.4941791892051697,,,,1394.722729542,,,,,193,22000,,0.014754662290215492,,,,,1763371909.695489,,10.904439926147461,,
1.1716798543930054,,,,,,,1394.732589917,0.9985146522521973,,,,194,22000,,,,,,,1763371909.705363,,,,10.42557430267334
,,,,,0.08611010015010834,,1394.742402583,,,,,195,22000,,,,,,,1763371909.715164,0.7287347316741943,,12.577826499938965,
,4.0,0.0,,197.5,,500.0,1432.160291792,,,0.0,0.0,198,22759,5.937592104548691,,169.6,110.0,,,1763371947.093802,,,,
,,,,,0.020409127697348595,,1443.76951025,,,,,201,23000,,,,,,,1763371958.701091,0.7026064395904541,,13.044017791748047,
,,,,,,,1443.785737375,,11.468360900878906,,,202,23000,,,,,0.0585535392165184,0.660113513469696,1763371958.717281,,,,
,4.0,0.0,,199.25,,500.0,1467.146217083,,,0.0,0.0,203,23259,2.565408105935545,,170.74249999999992,111.0,,,1763371982.076053,,,,
,,,0.8797828555107117,,,,1508.321005542,,,,,205,24000,,1.8334603309631348,,,,,1763372023.251808,,11.385687828063965,,
0.6739269495010376,,,,,,,1508.334609333,0.008938678540289402,,,,206,24000,,,,,,,1763372023.265434,,,,11.417766571044922
,,,,,0.08959243446588516,,1508.348202125,,,,,207,24000,,,,,,,1763372023.279017,0.5734022259712219,,13.697593688964844,
,,,,,,,1508.361757708,,11.983332633972168,,,208,24000,,,,,0.013636710122227669,0.7435081601142883,1763372023.2926111,,,,
,4.0,0.0,,197.0,,500.0,1517.071701458,,,0.0,0.0,209,24178,7.022204069948315,,168.46999999999994,113.0,,,1763372032.002648,,,,
0.6300821304321289,,,,,,,1564.158759625,0.013116277754306793,,,,212,25000,,,,,,,1763372079.0904121,,,,11.749656677246094
,,,,,0.014632507227361202,,1564.173772417,,,,,213,25000,,,,,,,1763372079.105408,1.018733263015747,,13.8560152053833,
,,,,,,,1564.187888833,,12.450248718261719,,,214,25000,,,,,0.02333139441907406,0.6860108971595764,1763372079.119528,,,,
,4.0,0.0,,198.75,,500.0,1573.534091292,,,0.0,0.0,215,25178,5.336826655419851,,169.36250000000007,115.0,,,1763372088.465875,,,,
,,,0.647442638874054,,,,1616.669498625,,,,,217,26000,,0.02437298744916916,,,,,1763372131.601998,,12.281953811645508,,
0.5802337527275085,,,,,,,1616.682750333,0.007403041236102581,,,,218,26000,,,,,,,1763372131.6153102,,,,12.102449417114258
,,,,,0.06509661674499512,,1616.694717208,,,,,219,26000,,,,,,,1763372131.627234,1.937026023864746,,13.795127868652344,
,,,,,,,1616.706507333,,12.785964965820312,,,220,26000,,,,,0.019141675904393196,0.5462923645973206,1763372131.6390789,,,,
,4.0,0.0,,195.25,,500.0,1650.980223708,,,0.0,0.0,222,26678,4.470773842412502,,162.70250000000013,118.0,,,1763372165.91303,,,,
,,,,,0.1209232285618782,,1667.142828625,,,,,225,27000,,,,,,,1763372182.076181,1.0563240051269531,,14.488639831542969,
,4.0,0.0,,197.5,,500.0,1700.92233,,,0.0,0.0,228,27678,6.7531474143543795,,176.09999999999997,120.0,,,1763372215.856174,,,,
0.5462948679924011,,,,,,,1717.351708125,0.01136891357600689,,,,230,28000,,,,,,,1763372232.285722,,,,13.118143081665039
,,,,,0.028696630150079727,,1717.368413083,,,,,231,28000,,,,,,,1763372232.3024662,1.1944035291671753,,14.700616836547852,
,,,,,,,1717.382284958,,13.471088409423828,,,232,28000,,,,,0.08283896744251251,0.8159523606300354,1763372232.316444,,,,
,4.0,0.0,,191.25,,500.0,1726.350875208,,,0.0,0.0,233,28178,8.110673137909066,,169.78749999999997,121.0,,,1763372241.2851799,,,,
,4.0,0.0,,108.25,,417.0,1766.301137083,,,0.0,0.0,234,28595,8.451162641909145,,136.25000000000026,122.0,,,1763372281.235878,,,,
0.654552161693573,,,,,,,1795.027438167,0.006405407562851906,,,,236,29000,,,,,,,1763372415.611265,,,,13.268942832946777
,,,,,,,1795.073065125,,14.097112655639648,,,238,29000,,,,,0.03943164646625519,0.4411388635635376,1763372415.6569998,,,,
,4.0,0.0,,128.75,,473.0,1828.939015167,,,0.0,0.0,240,29568,7.069112391241119,,150.89000000000013,124.0,,,1763372545.90895,,,,
,4.0,0.0,,148.5,,259.0,1845.152701625,,,0.0,0.0,241,29827,7.881504853135675,,84.94750000000006,125.0,,,1763372570.171116,,,,
,,,0.5625333189964294,,,,1856.249306875,,,,,242,30000,,0.008471090346574783,,,,,1763372590.5177631,,13.981904983520508,,
,,,,,0.0257742777466774,,1856.273714167,,,,,244,30000,,,,,,,1763372590.542156,1.1144391298294067,,15.729349136352539,
,4.0,0.0,,189.75,,500.0,1887.767955208,,,0.0,0.0,247,30558,6.473145970082787,,166.0225000000001,127.0,,,1763372914.5433128,,,,
,,,0.4440903663635254,,,,1915.219120417,,,,,248,31000,,0.007048685569316149,,,,,1763372994.382705,,14.113580703735352,,
0.722617506980896,,,,,,,1915.229414042,0.016568263992667198,,,,249,31000,,,,,,,1763372994.393406,,,,13.829793930053711
,,,,,,,1915.25800275,,14.700355529785156,,,251,31000,,,,,0.07196871191263199,0.5523136854171753,1763372994.4218612,,,,
,4.0,0.0,,101.5,,179.0,1929.030985792,,,0.0,0.0,253,31237,2.1980488506855447,,49.80250000000001,129.0,,,1763373948.9517598,,,,
,,,,,0.10676930099725723,,2023.273174208,,,,,258,32000,,,,,,,1763375574.032449,1.0334056615829468,,16.582691192626953,
,,,,,,,2023.282983042,,15.038993835449219,,,259,32000,,,,,0.01504925824701786,0.612220048904419,1763375574.042227,,,,
,4.0,0.0,,187.75,,500.0,2042.767334875,,,0.0,0.0,260,32395,10.08615728362387,,162.37750000000017,132.0,,,1763375593.52603,,,,
,4.0,0.0,,165.75,,500.0,2098.165085375,,,0.0,0.0,261,32895,9.397085651945373,,158.78250000000008,133.0,,,1763375648.925283,,,,
,,,0.4797590374946594,,,,2105.335058583,,,,,262,33000,,0.010994577780365944,,,,,1763375656.094877,,15.094341278076172,,
,,,,,,,2105.3911885,,15.406497955322266,,,265,33000,,,,,0.017129871994256973,0.7444530129432678,1763375656.151653,,,,
0.5704564452171326,,,,,,,2162.074481958,0.006928641814738512,,,,269,34000,,,,,,,1763375712.835807,,,,15.137622833251953
,,,,,0.05503211170434952,,2162.089137833,,,,,270,34000,,,,,,,1763375712.850546,2.189256191253662,,16.781442642211914,
,,,,,,,2162.103031667,,15.604453086853027,,,271,34000,,,,,0.023828238248825073,0.8843839168548584,1763375712.8644512,,,,
,4.0,0.0,,122.25,,335.0,2166.568174708,,,0.0,0.0,272,34096,13.661736712438943,,103.57000000000018,136.0,,,1763375717.32964,,,,
,4.0,0.0,,144.75,,451.0,2187.103249792,,,0.0,0.0,273,34547,7.130184078970139,,143.95500000000013,137.0,,,1763375737.8649101,,,,
,4.0,0.0,,140.5,,316.0,2202.071081667,,,0.0,0.0,274,34863,9.75157006589201,,96.68750000000011,138.0,,,1763375752.832476,,,,
0.5465871095657349,,,,,,,2208.446299375,0.003759954124689102,,,,276,35000,,,,,,,1763375759.208477,,,,15.362215995788574
,4.0,0.0,,180.5,,500.0,2224.712950917,,,0.0,0.0,279,35363,3.9566810586652847,,166.30499999999998,139.0,,,1763375775.47538,,,,
0.3574301600456238,,,,,,,2253.774737625,0.006091192364692688,,,,282,36000,,,,,,,1763375804.5377018,,,,15.89420223236084
,,,,,0.03015883080661297,,2253.7838145,,,,,283,36000,,,,,,,1763375804.5468018,0.41411855816841125,,17.952468872070312,
,4.0,0.0,,183.0,,500.0,2273.128834958,,,0.0,0.0,285,36363,2.0816099538578334,,171.32999999999998,141.0,,,1763375823.8916538,,,,
,,,,,,,2299.216128333,,16.672306060791016,,,291,37000,,,,,0.03148292377591133,0.7685097455978394,1763375849.979867,,,,
,4.0,0.0,,135.75,,272.0,2307.933673333,,,0.0,0.0,292,37221,9.462972577367045,,87.95000000000009,144.0,,,1763375858.6974669,,,,
,4.0,0.0,,176.75,,500.0,2334.896007708,,,0.0,0.0,293,37721,4.2048030572191,,161.64250000000004,145.0,,,1763375885.659669,,,,
,,,0.7147071361541748,,,,2346.188873917,,,,,294,38000,,0.06084447354078293,,,,,1763375896.953179,,16.981033325195312,,
,4.0,0.0,,146.75,,201.0,2376.427897667,,,0.0,0.0,300,38662,6.638827080140025,,64.47499999999998,148.0,,,1763375927.1925209,,,,
0.5893813967704773,,,,,,,2393.076454292,0.007151647470891476,,,,302,39000,,,,,,,1763375943.841751,,,,17.070919036865234
,,,,,0.7356377243995667,,2393.085277083,,,,,303,39000,,,,,,,1763375943.850589,0.6101912260055542,,18.803050994873047,
,,,,,,,2393.094155042,,17.41983413696289,,,304,39000,,,,,0.042607493698596954,0.3090136647224426,1763375943.85945,,,,
,,,,,0.044926680624485016,,2433.030600333,,,,,311,40000,,,,,,,1763375983.796402,1.4989091157913208,,19.004371643066406,
,4.0,0.0,,123.5,,154.0,2438.403822833,,,0.0,0.0,313,40114,5.667161436733577,,43.772499999999994,153.0,,,1763375989.1656299,,,,
,,,0.6513943076133728,,,,2495.282726417,,,,,316,41000,,0.017780160531401634,,,,,1763376046.0494678,,17.914291381835938,,
0.7228222489356995,,,,,,,2495.292919583,0.015497017651796341,,,,317,41000,,,,,,,1763376046.059658,,,,17.65149688720703
,,,,,0.21676120162010193,,2495.303172375,,,,,318,41000,,,,,,,1763376046.069887,1.2870205640792847,,19.51645278930664,
,4.0,0.0,,197.0,,500.0,2510.08566125,,,0.0,0.0,320,41321,5.386657126641634,,160.59500000000003,156.0,,,1763376060.8526561,,,,
,4.0,0.0,,134.0,,89.0,2519.54993125,,,0.0,0.0,321,41410,4.968049793430011,,28.727500000000013,157.0,,,1763376070.316787,,,,
,4.0,0.0,,197.0,,500.0,2543.582645875,,,0.0,0.0,322,41910,8.028399591450231,,165.72,158.0,,,1763376094.350194,,,,
,,,0.5663900971412659,,,,2547.904892375,,,,,323,42000,,0.022839613258838654,,,,,1763376098.6725702,,18.390117645263672,,
0.6327447891235352,,,,,,,2547.914896,0.006094440817832947,,,,324,42000,,,,,,,1763376098.682629,,,,18.14461326599121
,,,,,0.14001378417015076,,2547.924553167,,,,,325,42000,,,,,,,1763376098.692246,3.448293447494507,,19.350811004638672,
,,,,,,,2547.935579333,,18.239017486572266,,,326,42000,,,,,0.06509935110807419,0.5465772747993469,1763376098.703305,,,,
,4.0,0.0,,133.75,,380.0,2561.240283375,,,0.0,0.0,327,42290,8.010981525381293,,119.88500000000022,159.0,,,1763376112.008105,,,,
,,,0.536328136920929,,,,2595.098369458,,,,,330,43000,,0.017465591430664062,,,,,1763376145.866744,,18.517871856689453,,
,,,,,0.041979141533374786,,2595.120103125,,,,,332,43000,,,,,,,1763376145.888406,1.009631872177124,,20.402835845947266,
,,,,,,,2595.132495167,,18.58584976196289,,,333,43000,,,,,0.02688360959291458,0.8276698589324951,1763376145.9008992,,,,
,,,0.7165163159370422,,,,2642.230489625,,,,,337,44000,,0.01777816005051136,,,,,1763376192.999576,,18.89165496826172,,
,,,,,,,2642.265307083,,18.995582580566406,,,340,44000,,,,,0.037608612328767776,0.6101781129837036,1763376193.0344782,,,,
,4.0,0.0,,117.25,,481.0,2659.283037792,,,0.0,0.0,341,44364,7.677996157852679,,142.85500000000008,165.0,,,1763376210.051996,,,,
0.6468163132667542,,,,,,,2688.090375458,0.02026727795600891,,,,344,45000,,,,,,,1763376238.8603158,,,,19.059856414794922
,,,,,,,2688.109539708,,19.19138526916504,,,346,45000,,,,,0.014217153191566467,0.6950650811195374,1763376238.879472,,,,
,,,,,,,2734.7802295,,19.833587646484375,,,352,46000,,,,,0.13615339994430542,0.5473268032073975,1763376285.550894,,,,
,4.0,0.0,,193.25,,500.0,2742.781501917,,,0.0,0.0,353,46181,3.8819864438195713,,168.3075000000001,169.0,,,1763376293.5522828,,,,
,4.0,0.0,,184.75,,500.0,2766.748486583,,,0.0,0.0,354,46681,7.353561637057277,,165.4725,170.0,,,1763376317.5195022,,,,
,,,,,0.021406203508377075,,2785.084924042,,,,,357,47000,,,,,,,1763376335.856361,1.263296365737915,,21.582210540771484,
,,,,,,,2785.096845458,,19.818117141723633,,,358,47000,,,,,0.026636144146323204,0.6867141127586365,1763376335.868296,,,,
,4.0,0.0,,171.75,,500.0,2816.160115292,,,0.0,0.0,360,47681,18.401486862479196,,164.9675,172.0,,,1763376366.9320471,,,,
,4.0,0.0,,121.0,,202.0,2825.236646208,,,0.0,0.0,361,47883,6.761391776106475,,56.602499999999985,173.0,,,1763376376.008676,,,,
,,,0.6290777921676636,,,,2830.270173667,,,,,362,48000,,0.009303842671215534,,,,,1763376381.042318,,20.408876419067383,,
0.7464845180511475,,,,,,,2830.281863625,0.017838262021541595,,,,363,48000,,,,,,,1763376381.054076,,,,20.18160629272461
,,,,,0.04692821204662323,,2830.29231825,,,,,364,48000,,,,,,,1763376381.0644522,0.6007471084594727,,22.00653076171875,
,4.0,0.0,,183.75,,500.0,2847.187557667,,,0.0,0.0,366,48383,9.451561709580057,,164.2125000000001,174.0,,,1763376397.95999,,,,
,,,0.9643310308456421,,,,2875.552516833,,,,,369,49000,,0.05838877335190773,,,,,1763376426.325399,,20.438724517822266,,
0.8416060209274292,,,,,,,2875.561840417,0.01999816484749317,,,,370,49000,,,,,,,1763376426.334791,,,,20.438243865966797
,,,,,,,2875.581069042,,20.410959243774414,,,372,49000,,,,,0.028866533190011978,0.5673772096633911,1763376426.354021,,,,
,,,0.9207608699798584,,,,2924.419712333,,,,,375,50000,,0.11774919182062149,,,,,1763376475.193425,,20.78155517578125,,
,4.0,0.0,,190.0,,500.0,2934.212837167,,,0.0,0.0,379,50228,5.987910737477644,,160.52499999999995,179.0,,,1763376484.986633,,,,
,,,0.7126094698905945,,,,2969.964224333,,,,,381,51000,,0.030484627932310104,,,,,1763376520.738471,,21.50731658935547,,
1.0865287780761719,,,,,,,2969.982316833,11.50027847290039,,,,382,51000,,,,,,,1763376520.7565958,,,,20.671218872070312
,,,,,0.12181632965803146,,2969.997602667,,,,,383,51000,,,,,,,1763376520.771914,0.7847532629966736,,22.93109893798828,
,4.0,0.0,,156.75,,500.0,2982.343343708,,,0.0,0.0,385,51228,6.015386001745861,,166.44249999999997,181.0,,,1763376533.117579,,,,
,4.0,0.0,,182.25,,500.0,3005.538214083,,,0.0,0.0,386,51728,4.890773839588186,,175.57249999999988,182.0,,,1763376556.312756,,,,
,,,,,0.08326217532157898,,3018.279212083,,,,,389,52000,,,,,,,1763376569.054407,0.7247873544692993,,23.348115921020508,
,,,,,,,3018.289271042,,21.4769287109375,,,390,52000,,,,,15.690604209899902,0.4222123920917511,1763376569.064534,,,,
,,,0.7695452570915222,,,,3083.162499083,,,,,393,53000,,0.15854907035827637,,,,,1763376633.938459,,21.962949752807617,,
,,,,,,,3083.19306975,,21.504981994628906,,,396,53000,,,,,0.016744224354624748,0.5579618215560913,1763376633.969387,,,,
,4.0,0.0,,137.25,,110.0,3091.048776042,,,0.0,0.0,398,53161,6.9603537984789305,,34.595,186.0,,,1763376641.8250828,,,,
,,,0.7146918773651123,,,,3128.990311333,,,,,400,54000,,0.10409486293792725,,,,,1763376679.767246,,22.236831665039062,,
0.6894412636756897,,,,,,,3129.003556625,0.06790624558925629,,,,401,54000,,,,,,,1763376679.780622,,,,21.398969650268555
,,,,,0.4066963195800781,,3129.01286075,,,,,402,54000,,,,,,,1763376679.789951,1.3478857278823853,,23.8211612701416,
,,,,,,,3129.02453825,,21.21049690246582,,,403,54000,,,,,0.04756592586636543,1.5456899404525757,1763376679.801586,,,,
,4.0,0.0,,154.25,,500.0,3136.029346167,,,0.0,0.0,404,54161,10.088920593898978,,158.41750000000008,188.0,,,1763376686.8062599,,,,
,4.0,0.0,,187.5,,500.0,3158.67163075,,,0.0,0.0,405,54661,2.9615789707518583,,165.25,189.0,,,1763376709.449023,,,,
,4.0,0.0,,147.5,,202.0,3167.897906708,,,0.0,0.0,406,54863,9.474928429808903,,65.99250000000002,190.0,,,1763376718.675192,,,,
,,,0.5589137077331543,,,,3174.272009083,,,,,407,55000,,0.037988532334566116,,,,,1763376725.04972,,22.527841567993164,,
,,,,,0.02369716763496399,,3174.291934583,,,,,409,55000,,,,,,,1763376725.0697181,0.6631386876106262,,24.250587463378906,
,,,,,,,3174.30269575,,21.859832763671875,,,410,55000,,,,,0.08008630573749542,0.6609383821487427,1763376725.080466,,,,
,4.0,0.0,,188.0,,500.0,3213.4759245,,,0.0,0.0,412,55863,5.355646552938292,,167.13,192.0,,,1763376764.254269,,,,
,4.0,0.0,,146.5,,103.0,3218.155715708,,,0.0,0.0,413,55966,6.172035219439359,,30.992500000000014,193.0,,,1763376768.934071,,,,
,,,0.573381245136261,,,,3219.829377833,,,,,414,56000,,0.020977012813091278,,,,,1763376770.607882,,22.948379516601562,,
0.827674388885498,,,,,,,3219.839032458,0.12654221057891846,,,,415,56000,,,,,,,1763376770.617532,,,,22.17717933654785
,4.0,0.0,,70.0,,500.0,3241.616507958,,,0.0,0.0,418,56466,6.163610954627108,,159.20000000000016,194.0,,,1763376792.394839,,,,
,,,0.828514814376831,,,,3269.939234875,,,,,420,57000,,0.0196988582611084,,,,,1763376820.717664,,23.17670249938965,,
0.8287525773048401,,,,,,,3269.960295,0.016270019114017487,,,,421,57000,,,,,,,1763376820.739308,,,,22.59271812438965
,,,,,0.08804503828287125,,3269.980182583,,,,,422,57000,,,,,,,1763376820.758304,0.6343257427215576,,24.541927337646484,
,,,,,,,3269.999338708,,22.563594818115234,,,423,57000,,,,,0.030277933925390244,0.6679357290267944,1763376820.778458,,,,
,4.0,0.0,,196.25,,500.0,3314.974285542,,,0.0,0.0,425,57966,3.014833121418188,,162.33749999999998,197.0,,,1763376865.754143,,,,
0.9585002660751343,,,,,,,3316.689525667,0.0097081009298563,,,,427,58000,,,,,,,1763376867.469533,,,,22.729656219482422
,,,,,,,3316.709071917,,23.172504425048828,,,429,58000,,,,,0.06898607313632965,0.6537460684776306,1763376867.4891431,,,,
,4.0,0.0,,136.25,,301.0,3328.825252333,,,0.0,0.0,430,58267,7.631071353355362,,93.62000000000009,198.0,,,1763376879.605325,,,,
,4.0,0.0,,120.25,,399.0,3346.575332583,,,0.0,0.0,431,58666,4.077735278313151,,130.06500000000023,199.0,,,1763376897.3557582,,,,
,,,1.4289132356643677,,,,3409.901298917,,,,,441,60000,,0.11400151252746582,,,,,1763376960.682527,,23.542678833007812,,
,,,,,0.6388982534408569,,3409.927959708,,,,,443,60000,,,,,,,1763376960.709447,1.3158774375915527,,25.23843002319336,
,,,,,,,3409.943300708,,23.601451873779297,,,444,60000,,,,,0.12198302149772644,0.9244919419288635,1763376960.724837,,,,
,4.0,0.0,,199.75,,500.0,3427.77789025,,,0.0,0.0,445,60402,7.581887545327833,,159.49750000000014,205.0,,,1763376978.5595121,,,,
,,,0.7376779317855835,,,,3459.11705175,,,,,447,61000,,0.01455342024564743,,,,,1763377009.8993359,,24.27118682861328,,
,,,,,,,3459.152073042,,23.823604583740234,,,450,61000,,,,,0.02419806830585003,0.5674974322319031,1763377009.934367,,,,
,4.0,0.0,,142.5,,361.0,3461.613438042,,,0.0,0.0,451,61056,9.111134328391904,,116.28250000000025,207.0,,,1763377012.395743,,,,
,4.0,0.0,,146.0,,356.0,3506.597213958,,,0.0,0.0,453,61912,9.195902280363812,,117.14250000000027,209.0,,,1763377057.380161,,,,
,,,0.6374203562736511,,,,3510.302290625,,,,,454,62000,,0.289669007062912,,,,,1763377061.08543,,24.68402862548828,,
0.9522507190704346,,,,,,,3510.311586083,0.013369577936828136,,,,455,62000,,,,,,,1763377061.09477,,,,24.168901443481445
,,,,,0.06562613695859909,,3510.32110625,,,,,456,62000,,,,,,,1763377061.104202,0.6521468758583069,,25.578184127807617,
,,,,,,,3510.331243417,,24.178955078125,,,457,62000,,,,,0.06129204481840134,0.7529492974281311,1763377061.114392,,,,
,4.0,0.0,,198.25,,500.0,3527.832969125,,,0.0,0.0,458,62412,1.9935818894643984,,163.10750000000007,210.0,,,1763377078.6163142,,,,
,4.0,0.0,,179.75,,500.0,3548.415599417,,,0.0,0.0,459,62912,6.322912204830847,,154.54750000000016,211.0,,,1763377099.198876,,,,
,,,0.6804001927375793,,,,3552.006914792,,,,,460,63000,,0.044138163328170776,,,,,1763377102.790729,,25.252151489257812,,
0.9652079939842224,,,,,,,3552.015715667,0.051584094762802124,,,,461,63000,,,,,,,1763377102.799624,,,,24.58181381225586
,,,,,0.16626757383346558,,3552.024616708,,,,,462,63000,,,,,,,1763377102.8085508,0.7651346921920776,,25.967628479003906,
,4.0,0.0,,196.25,,500.0,3569.097847083,,,0.0,0.0,464,63412,4.907246554841071,,164.71250000000003,212.0,,,1763377119.8815901,,,,
0.9508895874023438,,,,,,,3595.347691875,0.02801571972668171,,,,468,64000,,,,,,,1763377146.1321511,,,,24.86065101623535
,4.0,0.0,,181.25,,500.0,3608.5361935,,,0.0,0.0,471,64313,7.901270071956605,,164.68749999999997,215.0,,,1763377159.320805,,,,
,4.0,0.0,,119.0,,268.0,3619.753395333,,,0.0,0.0,472,64581,6.905839467436214,,81.36750000000006,216.0,,,1763377170.5381188,,,,
,,,0.6870195269584656,,,,3658.389202458,,,,,474,65000,,0.040888138115406036,,,,,1763377209.1747131,,25.34041404724121,,
,,,,,0.03654192388057709,,3658.407426958,,,,,476,65000,,,,,,,1763377209.193058,0.5335096716880798,,26.847579956054688,
,4.0,0.0,,181.0,,500.0,3749.181340042,,,0.0,0.0,479,65566,6.248611845842287,,164.06000000000012,219.0,,,1763377299.966605,,,,
,4.0,0.0,,93.5,,84.0,3763.648015542,,,0.0,0.0,480,65650,8.740470167559641,,22.772500000000004,220.0,,,1763377314.434978,,,,
,4.0,0.0,,131.25,,238.0,3781.077084708,,,0.0,0.0,481,65888,9.434026181858986,,74.18999999999996,221.0,,,1763377331.864301,,,,
,,,,,0.04549794644117355,,3792.668508542,,,,,484,66000,,,,,,,1763377343.456161,0.9519688487052917,,27.17055320739746,
,,,,,,,3792.682204958,,25.441326141357422,,,485,66000,,,,,0.07397675514221191,1.140705943107605,1763377343.4698,,,,
,4.0,0.0,,198.5,,500.0,3817.418829083,,,0.0,0.0,486,66388,6.144208655310962,,175.6099999999999,222.0,,,1763377368.206702,,,,
,,,0.5723012685775757,,,,3844.238266042,,,,,488,67000,,0.03141511604189873,,,,,1763377395.026516,,26.043155670166016,,
,,,,,0.04107899218797684,,3844.257198458,,,,,490,67000,,,,,,,1763377395.045718,0.7017357349395752,,27.224342346191406,
1.2206770181655884,,,,,,,3889.499288333,0.04514865577220917,,,,495,68000,,,,,,,1763377440.2881448,,,,26.328393936157227
,,,,,0.036533161997795105,,3889.633232417,,,,,496,68000,,,,,,,1763377440.422029,0.5134557485580444,,27.571575164794922,
,,,,,,,3889.674524417,,26.501300811767578,,,497,68000,,,,,0.08642717450857162,2.9615800380706787,1763377440.4633842,,,,
,4.0,0.0,,194.25,,500.0,3910.641747,,,0.0,0.0,498,68354,3.433827128729573,,166.56749999999997,226.0,,,1763377461.430576,,,,
,,,,,,,3938.067442958,,25.80765151977539,,,503,69000,,,,,0.057792842388153076,1.3744046688079834,1763377488.857546,,,,
,4.0,0.0,,130.5,,485.0,3952.633244042,,,0.0,0.0,504,69339,8.207969831206679,,152.6525000000001,228.0,,,1763377503.423202,,,,
,4.0,0.0,,133.25,,44.0,3954.443361458,,,0.0,0.0,505,69383,4.302635820052634,,11.145000000000003,229.0,,,1763377505.233618,,,,
,4.0,0.0,,162.75,,500.0,3975.412839542,,,0.0,0.0,506,69883,5.423662853644156,,162.25250000000003,230.0,,,1763377526.203306,,,,
0.6145280003547668,,,,,,,3980.104716542,0.022036496549844742,,,,508,70000,,,,,,,1763377530.895355,,,,26.655372619628906
,,,,,0.043004944920539856,,3980.114209833,,,,,509,70000,,,,,,,1763377530.904895,0.8001360297203064,,27.997970581054688,
,,,,,,,3980.123784542,,26.45037841796875,,,510,70000,,,,,0.13957560062408447,1.4114437103271484,1763377530.91446,,,,
,4.0,0.0,,197.25,,500.0,4026.567428333,,,0.0,0.0,512,70883,11.244966373893494,,167.9725,232.0,,,1763377577.3576791,,,,
,,,0.5805192589759827,,,,4032.59667,,,,,514,71000,,0.00835680402815342,,,,,1763377583.388173,,27.264244079589844,,
0.8562303185462952,,,,,,,4032.6068495,0.02836783044040203,,,,515,71000,,,,,,,1763377583.3983371,,,,27.156295776367188
1.3944553136825562,,,,,,,4077.993220167,0.07682175189256668,,,,521,72000,,,,,,,1763377628.785418,,,,27.535133361816406
,,,,,0.06834772974252701,,4078.002467208,,,,,522,72000,,,,,,,1763377628.794794,0.5317803621292114,,28.748916625976562,
,4.0,0.0,,115.75,,422.0,4100.028179583,,,0.0,0.0,525,72484,8.05326331371327,,132.2500000000002,237.0,,,1763377650.82056,,,,
,4.0,0.0,,148.0,,447.0,4120.148418292,,,0.0,0.0,526,72931,23.216693751479816,,133.8225000000001,238.0,,,1763377670.941222,,,,
,,,,,0.02453436143696308,,4123.166281333,,,,,529,73000,,,,,,,1763377673.959245,0.6416491866111755,,28.90370750427246,
,,,,,,,4123.176258208,,26.607892990112305,,,530,73000,,,,,11.887950897216797,1.6070311069488525,1763377673.969214,,,,
,4.0,0.0,,141.5,,434.0,4140.36691075,,,0.0,0.0,531,73365,9.001528689617055,,149.00250000000017,239.0,,,1763377691.160098,,,,
,4.0,0.0,,130.0,,61.0,4157.711292167,,,0.0,0.0,534,73639,5.29967157001262,,16.90750000000001,242.0,,,1763377708.5014322,,,,
,4.0,0.0,,97.75,,299.0,4172.567874833,,,0.0,0.0,535,73938,3.4765715870668292,,83.09000000000003,243.0,,,1763377723.361544,,,,
,,,,,0.32495561242103577,,4175.434575375,,,,,538,74000,,,,,,,1763377726.228361,1.5201128721237183,,28.976165771484375,
,,,,,,,4175.445117333,,27.144746780395508,,,539,74000,,,,,0.08119014650583267,0.8790327906608582,1763377726.238878,,,,
,4.0,0.0,,116.75,,153.0,4181.39579225,,,0.0,0.0,540,74091,4.271407847536931,,43.94499999999998,244.0,,,1763377732.1896589,,,,
,4.0,0.0,,105.75,,500.0,4204.232181958,,,0.0,0.0,541,74591,11.823731168713156,,150.43250000000018,245.0,,,1763377755.026332,,,,
,,,0.5683329701423645,,,,4222.858506667,,,,,542,75000,,0.039084579795598984,,,,,1763377773.6528141,,28.43918800354004,,
0.8717244863510132,,,,,,,4222.868398875,0.03365114703774452,,,,543,75000,,,,,,,1763377773.662987,,,,28.283077239990234
,,,,,0.03452520817518234,,4222.878011083,,,,,544,75000,,,,,,,1763377773.672659,0.5721927285194397,,29.388626098632812,
,4.0,0.0,,194.5,,500.0,4226.926174125,,,0.0,0.0,546,75091,4.4229684602085415,,170.82000000000005,246.0,,,1763377777.720771,,,,
,4.0,0.0,,175.5,,500.0,4250.25729825,,,0.0,0.0,547,75591,9.45712694215311,,162.62999999999994,247.0,,,1763377801.052062,,,,
,4.0,0.0,,127.75,,205.0,4259.838296917,,,0.0,0.0,548,75796,4.470945090246607,,62.19999999999996,248.0,,,1763377810.6332958,,,,
1.0246824026107788,,,,,,,4269.334910167,0.01960795372724533,,,,550,76000,,,,,,,1763377820.1302028,,,,28.458370208740234
,,,,,3.2502293586730957,,4269.3446105,,,,,551,76000,,,,,,,1763377820.139897,3.553666591644287,,29.135452270507812,
,,,,,,,4269.354274833,,28.282901763916016,,,552,76000,,,,,0.09065288305282593,2.3871066570281982,1763377820.14958,,,,
,4.0,0.0,,191.25,,500.0,4283.251896167,,,0.0,0.0,553,76296,5.05013056761905,,167.66249999999997,249.0,,,1763377834.0473611,,,,
,4.0,0.0,,124.5,,186.0,4291.927694333,,,0.0,0.0,554,76482,11.176731129896641,,54.10249999999999,250.0,,,1763377842.723278,,,,
,4.0,0.0,,102.5,,329.0,4307.140760792,,,0.0,0.0,555,76811,6.131583706515018,,104.68750000000014,251.0,,,1763377857.9365618,,,,
,,,,,0.045745961368083954,,4316.631692583,,,,,558,77000,,,,,,,1763377867.427849,0.6886141300201416,,29.742494583129883,
,,,,,,,4316.640758875,,28.372228622436523,,,559,77000,,,,,0.07654300332069397,0.9748486876487732,1763377867.436932,,,,
,4.0,0.0,,137.75,,467.0,4341.094386792,,,0.0,0.0,561,77563,12.556773072728472,,152.92000000000004,253.0,,,1763377891.890719,,,,
,,,0.6443841457366943,,,,4361.102768083,,,,,564,78000,,0.11123089492321014,,,,,1763377911.899498,,28.718534469604492,,
,,,,,,,4361.134925792,,28.230743408203125,,,567,78000,,,,,0.09748126566410065,1.0571733713150024,1763377911.931682,,,,
,4.0,0.0,,136.25,,480.0,4373.76378525,,,0.0,0.0,568,78267,8.387520491778256,,146.16000000000017,256.0,,,1763377924.560689,,,,
,4.0,0.0,,139.0,,178.0,4388.498661667,,,0.0,0.0,570,78608,4.482088659319476,,59.167499999999954,258.0,,,1763377939.295588,,,,
,,,1.546804428100586,,,,4404.845658792,,,,,573,79000,,0.0648183599114418,,,,,1763377955.64308,,29.440155029296875,,
,,,,,0.25076988339424133,,4404.865328833,,,,,575,79000,,,,,,,1763377955.662818,0.7357729077339172,,30.484495162963867,
,4.0,0.0,,145.0,,255.0,4409.701163417,,,0.0,0.0,577,79106,17.82715537459645,,73.49750000000003,261.0,,,1763377960.498705,,,,
,4.0,0.0,,125.25,,381.0,4436.337556208,,,0.0,0.0,578,79487,5.843584088553996,,122.6850000000003,262.0,,,1763377987.1320992,,,,
,,,0.605674147605896,,,,4468.726879792,,,,,580,80000,,0.020843537524342537,,,,,1763378019.525119,,29.357524871826172,,
,,,,,,,4468.805773917,,29.557525634765625,,,583,80000,,,,,0.38420939445495605,3.4449543952941895,1763378019.604088,,,,
,4.0,0.0,,118.5,,262.0,4510.378082042,,,0.0,0.0,586,80834,9.562589542064472,,75.80250000000002,266.0,,,1763378061.478676,,,,
,,,0.9038951992988586,,,,4518.650697167,,,,,587,81000,,0.04233042523264885,,,,,1763378069.7518458,,29.54749298095703,,
,,,,,0.022037556394934654,,4518.67372975,,,,,589,81000,,,,,,,1763378069.775027,0.647616446018219,,30.9714412689209,
,4.0,0.0,,149.5,,500.0,4564.748271042,,,0.0,0.0,593,81934,13.95338131063559,,164.61999999999992,269.0,,,1763378115.850584,,,,
1.6494284868240356,,,,,,,4567.831333083,0.2255670726299286,,,,595,82000,,,,,,,1763378118.9340758,,,,29.89406967163086
,,,,,,,4567.855806292,,30.165149688720703,,,597,82000,,,,,0.2815389931201935,3.0325679779052734,1763378118.958606,,,,
,4.0,0.0,,123.25,,500.0,4612.696895208,,,0.0,0.0,599,82934,5.619472283942685,,171.8575,271.0,,,1763378163.8006349,,,,
,,,0.47135043144226074,,,,4615.803334167,,,,,600,83000,,0.03282633796334267,,,,,1763378166.907569,,29.951282501220703,,
2.091425657272339,,,,,,,4615.81450675,0.09412385523319244,,,,601,83000,,,,,,,1763378166.918725,,,,29.96345329284668
,,,,,0.10556517541408539,,4615.826842542,,,,,602,83000,,,,,,,1763378166.9311,0.8265476226806641,,31.427677154541016,
,4.0,0.0,,145.75,,208.0,4633.990966375,,,0.0,0.0,605,83391,13.411067258052254,,65.03500000000001,273.0,,,1763378185.0957491,,,,
,4.0,0.0,,195.0,,500.0,4657.2309875,,,0.0,0.0,606,83891,13.337473523872376,,161.69999999999993,274.0,,,1763378208.3357592,,,,
,4.0,0.0,,149.75,,175.0,4686.389681292,,,0.0,0.0,612,84385,9.479584642799493,,52.99499999999997,276.0,,,1763378237.4954581,,,,
,4.0,0.0,,174.75,,500.0,4709.751533292,,,0.0,0.0,613,84885,11.080145249499152,,157.12250000000006,277.0,,,1763378260.858488,,,,
,,,0.6760720610618591,,,,4714.771298375,,,,,614,85000,,0.46528586745262146,,,,,1763378265.878402,,30.187501907348633,,
1.208418607711792,,,,,,,4714.781532125,0.054731905460357666,,,,615,85000,,,,,,,1763378265.8887732,,,,30.465471267700195
,,,,,,,4714.801820292,,29.752538681030273,,,617,85000,,,,,0.6511548161506653,1.9202371835708618,1763378265.9090712,,,,
,,,0.6698867678642273,,,,4761.219379333,,,,,620,86000,,0.035540658980607986,,,,,1763378312.3279512,,30.303224563598633,,
,,,,,,,4761.25011275,,29.91969871520996,,,623,86000,,,,,0.17843115329742432,2.077597141265869,1763378312.358749,,,,
,4.0,0.0,,113.25,,122.0,4802.710300458,,,0.0,0.0,627,86853,12.532810937694695,,30.59999999999998,283.0,,,1763378353.8200781,,,,
,,,1.0961041450500488,,,,4809.475840375,,,,,628,87000,,0.01913672313094139,,,,,1763378360.585841,,30.894792556762695,,
1.0268646478652954,,,,,,,4809.485609833,0.05420248210430145,,,,629,87000,,,,,,,1763378360.595724,,,,30.655593872070312
,,,,,0.13587753474712372,,4809.495315,,,,,630,87000,,,,,,,1763378360.605383,0.9232593178749084,,32.566017150878906,
,4.0,0.0,,98.5,,155.0,4809.820981125,,,0.0,0.0,632,87008,9.827230980800225,,46.53249999999998,284.0,,,1763378360.9310138,,,,
,4.0,0.0,,136.75,,211.0,4819.145872042,,,0.0,0.0,633,87219,12.485597702953624,,58.85,285.0,,,1763378370.256202,,,,
,,,0.7018064856529236,,,,4855.830035958,,,,,635,88000,,0.03624268248677254,,,,,1763378406.941422,,30.944049835205078,,
0.8771498799324036,,,,,,,4855.841832875,0.0511593297123909,,,,636,88000,,,,,,,1763378406.953258,,,,30.76896858215332
,4.0,0.0,,63.0,,379.0,4860.211403,,,0.0,0.0,639,88098,16.20947003297774,,105.54250000000016,287.0,,,1763378411.322929,,,,
,4.0,0.0,,98.25,,137.0,4866.370796375,,,0.0,0.0,640,88235,4.3623703419127775,,35.725,288.0,,,1763378417.4823868,,,,
,4.0,0.0,,86.5,,61.0,4871.296911167,,,0.0,0.0,642,88339,4.755845744975332,,14.347500000000004,290.0,,,1763378422.4087198,,,,
,4.0,0.0,,113.5,,374.0,4888.046215792,,,0.0,0.0,643,88713,8.099457929392562,,116.24750000000017,291.0,,,1763378439.158581,,,,
,4.0,0.0,,142.5,,133.0,4894.177083167,,,0.0,0.0,644,88846,6.300418140885567,,40.877500000000005,292.0,,,1763378445.289537,,,,
,,,,,0.035428550094366074,,4901.169449208,,,,,647,89000,,,,,,,1763378452.282258,0.6258706450462341,,33.091697692871094,
,4.0,0.0,,73.25,,176.0,4902.145980542,,,0.0,0.0,649,89022,8.182704320699838,,47.48999999999996,293.0,,,1763378453.258796,,,,
,4.0,0.0,,100.5,,191.0,4911.902428583,,,0.0,0.0,650,89213,9.352452552673045,,53.91249999999999,294.0,,,1763378463.015465,,,,
,4.0,0.0,,95.75,,247.0,4923.259311083,,,0.0,0.0,651,89460,4.206072990332004,,71.04999999999998,295.0,,,1763378474.372013,,,,
,4.0,0.0,,106.5,,91.0,4939.5761395,,,0.0,0.0,654,89822,7.799696708847086,,23.222500000000007,298.0,,,1763378490.690123,,,,
,,,0.8582665324211121,,,,4947.73091825,,,,,656,90000,,0.021170174703001976,,,,,1763378498.845082,,31.47227668762207,,
1.3234617710113525,,,,,,,4947.743701833,0.06632015109062195,,,,657,90000,,,,,,,1763378498.857864,,,,32.19385528564453
,,,,,0.09049451351165771,,4947.756401083,,,,,658,90000,,,,,,,1763378498.870568,1.0296101570129395,,32.911441802978516,
,,,,,,,4947.76911075,,31.47241973876953,,,659,90000,,,,,0.09647396206855774,1.0233163833618164,1763378498.8832908,,,,
,4.0,0.0,,194.75,,500.0,4970.813893542,,,0.0,0.0,660,90489,10.991636309030564,,158.1975,300.0,,,1763378521.928618,,,,
,4.0,0.0,,114.5,,109.0,4976.112412333,,,0.0,0.0,661,90598,6.1087329905635706,,30.482499999999998,301.0,,,1763378527.227315,,,,
,4.0,0.0,,131.75,,121.0,4985.344776375,,,0.0,0.0,662,90719,12.925035783316046,,35.90000000000002,302.0,,,1763378536.452651,,,,
,4.0,0.0,,149.0,,134.0,4998.940070583,,,0.0,0.0,664,90959,12.952946334714701,,40.7025,304.0,,,1763378550.055677,,,,
0.6499669551849365,,,,,,,5000.973057625,0.11624501645565033,,,,666,91000,,,,,,,1763378552.088875,,,,31.826396942138672
,,,,,0.012618433684110641,,5000.984137458,,,,,667,91000,,,,,,,1763378552.099953,0.5417258739471436,,33.50990295410156,
,4.0,0.0,,133.0,,273.0,5011.789104125,,,0.0,0.0,669,91232,13.824164305664283,,78.43250000000003,305.0,,,1763378562.905199,,,,
,4.0,0.0,,89.0,,322.0,5030.858775125,,,0.0,0.0,671,91634,9.822129033463154,,96.23250000000013,307.0,,,1763378581.975096,,,,
,,,0.5909465551376343,,,,5047.52341575,,,,,674,92000,,0.008827827870845795,,,,,1763378598.640574,,31.80194091796875,,
,,,,,0.04704256355762482,,5047.545457667,,,,,676,92000,,,,,,,1763378598.662703,0.5423518419265747,,33.6568603515625,
,,,,,,,5047.556700458,,31.644861221313477,,,677,92000,,,,,1.0961213111877441,2.5240490436553955,1763378598.673928,,,,
,4.0,0.0,,48.0,,303.0,5082.70656925,,,0.0,0.0,680,92540,7.558939657782694,,89.25750000000005,312.0,,,1763378633.824427,,,,
,4.0,0.0,,95.5,,197.0,5092.286966958,,,0.0,0.0,681,92737,5.52077157198161,,56.42249999999996,313.0,,,1763378643.405487,,,,
,4.0,0.0,,125.75,,50.0,5099.182747042,,,0.0,0.0,683,92887,3.097212456387196,,11.505000000000006,315.0,,,1763378650.301486,,,,
,4.0,0.0,,87.0,,91.0,5103.171065583,,,0.0,0.0,684,92978,4.10133743430116,,22.152500000000003,316.0,,,1763378654.289836,,,,
,,,0.5629653334617615,,,,5104.259711833,,,,,685,93000,,0.07202143967151642,,,,,1763378655.378561,,31.759449005126953,,
,4.0,0.0,,96.75,,35.0,5104.819695083,,,0.0,0.0,689,93013,6.134292950291828,,6.190000000000002,317.0,,,1763378655.938595,,,,
,4.0,0.0,,63.75,,188.0,5126.901186083,,,0.0,0.0,692,93493,6.390402960690377,,48.63999999999997,320.0,,,1763378678.020731,,,,
,,,,,0.047461725771427155,,5150.388596917,,,,,698,94000,,,,,,,1763378701.508875,0.7934877276420593,,33.63199234008789,
,,,,,,,5150.400677,,31.968387603759766,,,699,94000,,,,,0.18418154120445251,1.6606069803237915,1763378701.520969,,,,
,4.0,0.0,,123.5,,220.0,5160.446913167,,,0.0,0.0,700,94142,9.674289056566424,,66.93249999999998,324.0,,,1763378711.5672588,,,,
,4.0,0.0,,89.75,,58.0,5169.665249167,,,0.0,0.0,702,94314,6.657689163666327,,11.975000000000005,326.0,,,1763378720.7859998,,,,
,4.0,0.0,,71.0,,51.0,5172.112844042,,,0.0,0.0,703,94365,4.2930838275067496,,11.592500000000005,327.0,,,1763378723.233789,,,,
,4.0,0.0,,75.5,,210.0,5182.183354208,,,0.0,0.0,704,94575,5.2200640561203855,,58.47749999999998,328.0,,,1763378733.3044841,,,,
,,,1.3591485023498535,,,,5202.23568875,,,,,706,95000,,0.603941023349762,,,,,1763378753.3575208,,32.80743408203125,,
1.5007827281951904,,,,,,,5202.24534875,0.051092542707920074,,,,707,95000,,,,,,,1763378753.367198,,,,32.91741943359375
,,,,,0.09601021558046341,,5202.255427667,,,,,708,95000,,,,,,,1763378753.3773298,0.8841143846511841,,34.195411682128906,
,,,,,,,5202.265410708,,35.10166931152344,,,709,95000,,,,,2.0858898162841797,9.635655403137207,1763378753.3872828,,,,
,4.0,0.0,,70.0,,357.0,5202.617861083,,,0.0,0.0,710,95009,14.460197742423937,,105.6425000000002,330.0,,,1763378753.739666,,,,
,4.0,0.0,,64.75,,72.0,5215.498872292,,,0.0,0.0,713,95278,5.5967691572906535,,15.115000000000006,333.0,,,1763378766.620735,,,,
,4.0,0.0,,85.25,,53.0,5234.25039475,,,0.0,0.0,716,95535,5.056016218328421,,9.630000000000004,336.0,,,1763378785.373101,,,,
,4.0,0.0,,91.75,,73.0,5248.288198,,,0.0,0.0,719,95807,7.913610111699973,,16.395000000000003,339.0,,,1763378799.411403,,,,
,4.0,0.0,,98.0,,80.0,5257.04871475,,,0.0,0.0,721,95990,5.50275555971732,,21.2775,341.0,,,1763378808.17184,,,,
1.492498517036438,,,,,,,5257.577140208,0.2085592895746231,,,,723,96000,,,,,,,1763378808.700346,,,,33.06775665283203
,,,,,,,5257.603103833,,32.63600158691406,,,725,96000,,,,,0.4266217350959778,2.0577681064605713,1763378808.72656,,,,
,4.0,0.0,,76.25,,69.0,5267.523257292,,,0.0,0.0,727,96202,7.392775189331812,,16.325000000000006,343.0,,,1763378818.646982,,,,
,4.0,0.0,,99.5,,68.0,5276.392728083,,,0.0,0.0,729,96398,5.080277428448171,,15.922500000000003,345.0,,,1763378827.516714,,,,
,4.0,0.0,,98.5,,86.0,5280.229237333,,,0.0,0.0,730,96484,7.63010280074916,,16.092500000000012,346.0,,,1763378831.3533409,,,,
,4.0,0.0,,68.75,,77.0,5288.334709458,,,0.0,0.0,732,96656,5.318235139592835,,15.955000000000009,348.0,,,1763378839.4584801,,,,
,4.0,0.0,,91.75,,77.0,5293.567944,,,0.0,0.0,733,96733,5.6132254542285995,,16.31,349.0,,,1763378844.692317,,,,
,4.0,0.0,,109.0,,42.0,5296.372807292,,,0.0,0.0,734,96775,8.093285411376518,,8.7575,350.0,,,1763378847.4974,,,,
,,,1.074021577835083,,,,5308.038574875,,,,,737,97000,,0.19962018728256226,,,,,1763378859.163616,,32.55095672607422,,
,,,,,0.018769675865769386,,5308.0584905,,,,,739,97000,,,,,,,1763378859.183582,0.44084346294403076,,34.55807876586914,
,4.0,0.0,,77.25,,53.0,5317.038262292,,,0.0,0.0,744,97162,3.4753057419455935,,9.050000000000004,356.0,,,1763378868.1634948,,,,
,4.0,0.0,,89.25,,68.0,5322.825186167,,,0.0,0.0,746,97284,7.804708514736481,,10.695000000000007,358.0,,,1763378873.950596,,,,
,4.0,0.0,,97.0,,105.0,5336.525056708,,,0.0,0.0,749,97579,6.946230542531671,,22.64250000000001,361.0,,,1763378887.65091,,,,
,4.0,0.0,,101.25,,60.0,5339.090046875,,,0.0,0.0,750,97639,9.192035955108096,,11.735000000000003,362.0,,,1763378890.2159822,,,,
,4.0,0.0,,112.75,,40.0,5340.867941875,,,0.0,0.0,751,97679,5.449947247451116,,9.525000000000002,363.0,,,1763378891.993906,,,,
,4.0,0.0,,83.25,,63.0,5348.989018958,,,0.0,0.0,754,97861,7.4207513096720925,,14.96000000000001,366.0,,,1763378900.115061,,,,
,4.0,0.0,,44.25,,75.0,5352.080448458,,,0.0,0.0,755,97936,3.389114928709263,,14.690000000000008,367.0,,,1763378903.206732,,,,
3.7016823291778564,,,,,,,5354.996276125,0.22293618321418762,,,,757,98000,,,,,,,1763378906.122721,,,,34.35685348510742
,,,,,,,5355.01759,,33.73619079589844,,,759,98000,,,,,1.2824360132217407,4.820265293121338,1763378906.14398,,,,
,4.0,0.0,,93.0,,77.0,5355.527360167,,,0.0,0.0,760,98013,8.08147070464282,,16.697500000000012,368.0,,,1763378906.653731,,,,
,4.0,0.0,,107.75,,94.0,5362.130627625,,,0.0,0.0,762,98158,10.369862583467546,,25.640000000000015,370.0,,,1763378913.257216,,,,
,4.0,0.0,,101.0,,107.0,5374.598385542,,,0.0,0.0,765,98419,7.143869312214481,,22.952499999999986,373.0,,,1763378925.72528,,,,
,4.0,0.0,,57.0,,57.0,5379.004370625,,,0.0,0.0,766,98476,5.326837711062731,,8.760000000000007,374.0,,,1763378930.130947,,,,
,4.0,0.0,,80.25,,178.0,5406.428843417,,,0.0,0.0,767,98654,13.12521690296963,,45.9525,375.0,,,1763378957.5565739,,,,
,4.0,0.0,,115.5,,46.0,5412.298576708,,,0.0,0.0,769,98774,5.403856840257706,,8.7375,377.0,,,1763378963.426608,,,,
,4.0,0.0,,68.5,,115.0,5420.144631708,,,0.0,0.0,771,98944,4.553303059318597,,29.957500000000007,379.0,,,1763378971.2728891,,,,
,,,1.1657060384750366,,,,5422.657469833,,,,,773,99000,,0.09148278832435608,,,,,1763378973.785877,,32.89765930175781,,
2.4279942512512207,,,,,,,5422.670393542,0.9827724099159241,,,,774,99000,,,,,,,1763378973.7988129,,,,34.27018356323242
,,,,,0.16919362545013428,,5422.683264167,,,,,775,99000,,,,,,,1763378973.8116941,1.7275328636169434,,35.00190353393555,
,,,,,,,5422.696745542,,33.556968688964844,,,776,99000,,,,,1.2846673727035522,3.366196870803833,1763378973.825145,,,,
,4.0,0.0,,31.25,,123.0,5428.029795,,,0.0,0.0,777,99118,6.993198481381725,,28.165000000000006,381.0,,,1763378979.1582808,,,,
,4.0,0.0,,76.75,,74.0,5437.241648,,,0.0,0.0,780,99314,7.111079383609773,,15.630000000000004,384.0,,,1763378988.370514,,,,
,4.0,0.0,,103.75,,67.0,5477.328163417,,,0.0,0.0,785,99723,8.114007949219674,,12.205000000000007,389.0,,,1763379028.458186,,,,
,4.0,0.0,,132.5,,52.0,5489.680125208,,,0.0,0.0,788,99858,7.982720009495514,,12.967500000000006,392.0,,,1763379040.808181,,,,
,4.0,0.0,,100.25,,104.0,5494.375385917,,,0.0,0.0,789,99962,10.19744330702553,,25.540000000000003,393.0,,,1763379045.5059562,,,,
1.6289793252944946,,,,,,,5496.072883458,0.03737441450357437,,,,791,100000,,,,,,,1763379047.203573,,,,33.56532287597656
,,,,,0.07783806324005127,,5496.083230875,,,,,792,100000,,,,,,,1763379047.21392,0.5452628135681152,,34.664947509765625,
,,,,,,,5496.094760792,,34.41905975341797,,,793,100000,,,,,2.1633481979370117,4.865610599517822,1763379047.22543,,,,
,4.0,0.0,,78.25,,96.0,5513.63028025,,,0.0,0.0,797,100300,5.905465688665026,,22.114999999999995,397.0,,,1763379064.761442,,,,
,4.0,0.0,,90.75,,78.0,5525.199360833,,,0.0,0.0,800,100521,8.622312624812444,,16.935000000000006,400.0,,,1763379076.330828,,,,
,4.0,0.0,,107.25,,76.0,5532.089281625,,,0.0,0.0,802,100663,9.175648478445542,,18.205000000000002,402.0,,,1763379083.221056,,,,
,4.0,0.0,,112.25,,58.0,5534.486837958,,,0.0,0.0,803,100721,7.178622778778668,,12.325000000000001,403.0,,,1763379085.618637,,,,
,4.0,0.0,,80.75,,69.0,5546.367134958,,,0.0,0.0,805,100865,5.950682733939026,,13.495000000000006,405.0,,,1763379097.4977322,,,,
,4.0,0.0,,72.0,,107.0,5552.087143708,,,0.0,0.0,806,100972,7.6354547179588375,,26.287499999999987,406.0,,,1763379103.2194738,,,,
,,,2.4788408279418945,,,,5553.267700542,,,,,807,101000,,0.05936730280518532,,,,,1763379104.400092,,33.23295593261719,,
,,,,,0.10491614788770676,,5553.288016958,,,,,809,101000,,,,,,,1763379104.420405,0.8132131695747375,,34.74260711669922,
,,,,,,,5553.299217833,,36.06456756591797,,,810,101000,,,,,0.9134365916252136,5.478310585021973,1763379104.4316108,,,,
,4.0,0.0,,92.75,,41.0,5559.511045375,,,0.0,0.0,812,101123,3.6318762368781257,,6.335000000000003,408.0,,,1763379110.643483,,,,
,4.0,0.0,,116.75,,34.0,5571.073666167,,,0.0,0.0,815,101361,4.441244195042646,,7.630000000000002,411.0,,,1763379122.2065248,,,,
,4.0,0.0,,58.25,,55.0,5575.539861542,,,0.0,0.0,817,101464,2.9736089184692736,,10.130000000000004,413.0,,,1763379126.672904,,,,
,4.0,0.0,,95.0,,71.0,5578.832822667,,,0.0,0.0,818,101535,8.11677083266492,,15.407500000000004,414.0,,,1763379129.965962,,,,
,4.0,0.0,,119.75,,56.0,5581.515233583,,,0.0,0.0,819,101591,6.836179488574011,,14.380000000000006,415.0,,,1763379132.648386,,,,
,4.0,0.0,,98.25,,65.0,5594.285112458,,,0.0,0.0,823,101885,7.7153321380223225,,13.880000000000006,419.0,,,1763379145.418686,,,,
,,,1.2398366928100586,,,,5600.2715895,,,,,826,102000,,0.33739349246025085,,,,,1763379151.405429,,33.3233757019043,,
,,,,,0.04790744557976723,,5600.29029175,,,,,828,102000,,,,,,,1763379151.4241788,0.6480324864387512,,35.100364685058594,
,,,,,,,5600.300054583,,34.28900909423828,,,829,102000,,,,,1.0930681228637695,3.4372951984405518,1763379151.433988,,,,
,4.0,0.0,,37.25,,57.0,5602.420828833,,,0.0,0.0,830,102051,1.7200000000000022,,5.44,422.0,,,1763379153.5546958,,,,
,4.0,0.0,,86.5,,160.0,5608.958765125,,,0.0,0.0,831,102211,10.345630418200718,,39.46250000000002,423.0,,,1763379160.0928068,,,,
,4.0,0.0,,57.5,,76.0,5612.201262375,,,0.0,0.0,832,102287,8.003175541620973,,16.832500000000014,424.0,,,1763379163.335377,,,,
,4.0,0.0,,96.0,,51.0,5615.26245675,,,0.0,0.0,833,102338,7.290471092460352,,10.967500000000003,425.0,,,1763379166.396054,,,,
,4.0,0.0,,97.5,,109.0,5638.424811667,,,0.0,0.0,839,102792,6.422652781366893,,27.93749999999999,431.0,,,1763379189.559345,,,,
,4.0,0.0,,97.25,,41.0,5640.7267585,,,0.0,0.0,840,102833,5.8547203178290275,,9.63,432.0,,,1763379191.861789,,,,
,4.0,0.0,,98.0,,86.0,5644.42760125,,,0.0,0.0,841,102919,2.7092192140910236,,18.837500000000006,433.0,,,1763379195.562677,,,,
,,,,,0.07213562726974487,,5647.972744083,,,,,845,103000,,,,,,,1763379199.108,0.49804267287254333,,35.21864318847656,
,,,,,,,5647.982453125,,34.81957244873047,,,846,103000,,,,,0.530617892742157,3.2427775859832764,1763379199.117732,,,,
,4.0,0.0,,115.5,,83.0,5650.897893708,,,0.0,0.0,847,103055,7.248435607081018,,21.73250000000001,435.0,,,1763379202.032887,,,,
,4.0,0.0,,102.5,,110.0,5663.141659708,,,0.0,0.0,850,103313,11.345845880761807,,26.3725,438.0,,,1763379214.2773151,,,,
,4.0,0.0,,108.25,,69.0,5666.026600708,,,0.0,0.0,851,103382,4.617818749149863,,16.020000000000003,439.0,,,1763379217.1623628,,,,
,4.0,0.0,,106.0,,63.0,5673.607772042,,,0.0,0.0,853,103523,9.309463934620513,,12.687500000000004,441.0,,,1763379224.743389,,,,
,,,3.424299716949463,,,,5700.638162875,,,,,858,104000,,0.8710412979125977,,,,,1763379251.77498,,34.532203674316406,,
,,,,,,,5700.667423583,,36.409210205078125,,,861,104000,,,,,2.7697255611419678,9.586437225341797,1763379251.804249,,,,
,4.0,0.0,,105.5,,65.0,5704.085705958,,,0.0,0.0,863,104086,8.321275067560263,,13.202500000000002,447.0,,,1763379255.2226272,,,,
,4.0,0.0,,112.0,,38.0,5705.6474585,,,0.0,0.0,864,104124,7.0808416696039735,,8.247499999999999,448.0,,,1763379256.784378,,,,
,4.0,0.0,,100.0,,52.0,5707.763046667,,,0.0,0.0,865,104176,7.71257212283944,,11.017500000000004,449.0,,,1763379258.900063,,,,
,4.0,0.0,,105.75,,39.0,5714.061848833,,,0.0,0.0,867,104329,2.816935391520366,,7.445000000000001,451.0,,,1763379265.199033,,,,
,4.0,0.0,,88.75,,70.0,5716.913422208,,,0.0,0.0,868,104399,8.642582079448253,,13.08500000000001,452.0,,,1763379268.050656,,,,
,4.0,0.0,,100.5,,90.0,5736.497476417,,,0.0,0.0,871,104694,10.522208358990056,,20.777500000000018,455.0,,,1763379287.6352372,,,,
,4.0,0.0,,66.5,,74.0,5743.174187042,,,0.0,0.0,872,104768,9.072310551893606,,13.527500000000003,456.0,,,1763379294.312039,,,,
2.568634510040283,,,,,,,5755.342076292,0.5274183750152588,,,,876,105000,,,,,,,1763379306.480449,,,,36.080650329589844
,4.0,0.0,,81.0,,86.0,5759.162209083,,,0.0,0.0,879,105080,2.538280668090127,,22.667499999999997,459.0,,,1763379310.300771,,,,
,4.0,0.0,,83.25,,300.0,5774.343691,,,0.0,0.0,880,105380,19.034291423638592,,74.33000000000007,460.0,,,1763379325.482482,,,,
,4.0,0.0,,104.75,,57.0,5779.449105708,,,0.0,0.0,882,105487,6.079782068462654,,12.240000000000007,462.0,,,1763379330.588226,,,,
,4.0,0.0,,103.75,,85.0,5797.171528417,,,0.0,0.0,885,105724,11.08929889578237,,20.260000000000012,465.0,,,1763379348.311232,,,,
,4.0,0.0,,58.0,,44.0,5801.157887,,,0.0,0.0,887,105798,3.5742997565956873,,6.392500000000001,467.0,,,1763379352.297649,,,,
,,,,,0.1481451839208603,,5811.377435917,,,,,892,106000,,,,,,,1763379362.5176241,0.9740838408470154,,35.46512222290039,
,,,,,,,5811.389174833,,36.98344421386719,,,893,106000,,,,,1.4008612632751465,6.195074081420898,1763379362.529406,,,,
,4.0,0.0,,106.5,,97.0,5813.017855542,,,0.0,0.0,894,106037,6.76443410419526,,24.407500000000006,470.0,,,1763379364.158033,,,,
,4.0,0.0,,88.5,,59.0,5815.807621208,,,0.0,0.0,895,106096,8.492783333513229,,9.847500000000004,471.0,,,1763379366.9477792,,,,
,4.0,0.0,,87.25,,86.0,5819.922919208,,,0.0,0.0,896,106182,7.4714088363574405,,19.230000000000008,472.0,,,1763379371.063318,,,,
,4.0,0.0,,63.0,,111.0,5825.005458917,,,0.0,0.0,897,106293,6.968440912427967,,22.612499999999997,473.0,,,1763379376.145926,,,,
,4.0,0.0,,94.0,,70.0,5828.46451625,,,0.0,0.0,898,106363,4.653065521782388,,16.887500000000006,474.0,,,1763379379.605119,,,,
,4.0,0.0,,107.0,,51.0,5831.943528375,,,0.0,0.0,899,106414,6.544544961263543,,10.8275,475.0,,,1763379383.0841012,,,,
,4.0,0.0,,96.0,,191.0,5840.44364925,,,0.0,0.0,900,106605,9.167615216074468,,48.24249999999999,476.0,,,1763379391.58465,,,,
,4.0,0.0,,70.25,,38.0,5841.960742375,,,0.0,0.0,901,106643,4.1715464758288405,,4.830000000000001,477.0,,,1763379393.1018,,,,
,4.0,0.0,,115.75,,65.0,5844.948845625,,,0.0,0.0,902,106708,9.032710003094316,,14.180000000000007,478.0,,,1763379396.0899131,,,,
,4.0,0.0,,25.25,,67.0,5851.30291775,,,0.0,0.0,904,106859,1.2110945462679634,,9.170000000000003,480.0,,,1763379402.4442308,,,,
,,,,,0.05268305540084839,,5858.571183417,,,,,908,107000,,,,,,,1763379409.71156,0.6445596218109131,,35.876556396484375,
,,,,,,,5858.639285583,,36.75695037841797,,,909,107000,,,,,0.8821260929107666,7.008153915405273,1763379409.7802691,,,,
,4.0,0.0,,80.75,,120.0,5876.991926625,,,0.0,0.0,913,107325,9.332711288794906,,21.879999999999995,485.0,,,1763379428.133861,,,,
,4.0,0.0,,102.25,,82.0,5886.964052875,,,0.0,0.0,916,107573,10.375295176523899,,20.590000000000003,488.0,,,1763379438.106415,,,,
,4.0,0.0,,56.75,,48.0,5888.898961958,,,0.0,0.0,917,107621,3.3852843307468294,,6.670000000000002,489.0,,,1763379440.041417,,,,
,4.0,0.0,,109.75,,60.0,5891.338640083,,,0.0,0.0,918,107681,7.813587524306621,,12.570000000000006,490.0,,,1763379442.481117,,,,
,4.0,0.0,,107.25,,46.0,5895.903628708,,,0.0,0.0,920,107796,6.159165933793309,,8.905000000000005,492.0,,,1763379447.046315,,,,
,4.0,0.0,,53.75,,63.0,5898.426366,,,0.0,0.0,921,107859,4.697781391252687,,9.790000000000004,493.0,,,1763379449.568887,,,,
,4.0,0.0,,118.0,,54.0,5900.585158125,,,0.0,0.0,922,107913,6.283849835093135,,11.842500000000003,494.0,,,1763379451.727873,,,,
,,,,,0.038297656923532486,,5904.123242375,,,,,926,108000,,,,,,,1763379455.2663062,0.6712562441825867,,35.97865295410156,
,,,,,,,5904.132349208,,36.467559814453125,,,927,108000,,,,,12.659526824951172,4.40332555770874,1763379455.27541,,,,
,4.0,0.0,,79.75,,46.0,5905.409720375,,,0.0,0.0,928,108033,7.055575809244772,,8.380000000000004,496.0,,,1763379456.552696,,,,
,4.0,0.0,,131.25,,53.0,5909.463398042,,,0.0,0.0,930,108135,6.283209768899971,,12.715000000000003,498.0,,,1763379460.606464,,,,
,4.0,0.0,,107.25,,34.0,5910.828942375,,,0.0,0.0,931,108169,5.2842454522855045,,6.160000000000004,499.0,,,1763379461.972071,,,,
