robot_0/q_std,robot_1/q_std,mean_final_energy,_runtime,robot_3/loss,robot_0/q_mean,global_step,total_agent_collisions_per_episode,robot_2/q_std,_timestamp,total_charges_per_episode,total_kills_per_episode,survival_rate,robot_2/loss,robot_3/q_std,_step,episode,robot_0/loss,robot_1/loss,episode_length,std_episode_reward,mean_episode_reward,robot_1/q_mean,robot_2/q_mean,robot_3/q_mean
,,23.75,8.5914955,,,4,0.0,,1763369298.595309,0.0,0.0,4.0,,,0,0.0,,,4.0,0.35365060441062446,-0.4775,,,
,,38.5,8.729811084,,,6,0.0,,1763369298.751637,0.0,0.0,4.0,,,1,1.0,,,2.0,0.43083494519363214,-0.3475,,,
,,36.75,8.73275675,,,8,0.0,,1763369298.755092,0.0,0.0,4.0,,,2,2.0,,,2.0,0.21650635094610965,-0.615,,,
,,61.25,8.737499917,,,11,0.0,,1763369298.761369,0.0,0.0,4.0,,,3,3.0,,,3.0,0.4192254763250917,-0.10999999999999999,,,
,,24.5,8.741260042,,,14,0.0,,1763369298.7652218,0.0,0.0,4.0,,,4,4.0,,,3.0,0.3535533905932738,-0.48,,,
,,60.75,8.743770459,,,17,0.0,,1763369298.7686641,0.0,0.0,4.0,,,5,5.0,,,3.0,0.24505101509685692,-0.24,,,
,,74.25,8.747484917,,,19,0.0,,1763369298.7723079,0.0,0.0,4.0,,,6,6.0,,,2.0,0.7429165498223875,0.135,,,
,,50.75,8.750310667,,,22,0.0,,1763369298.7752361,0.0,0.0,4.0,,,7,7.0,,,3.0,0.42255177197593197,-0.08999999999999997,,,
,,74.0,8.757979709,,,24,0.0,,1763369298.777031,0.0,0.0,4.0,,,8,8.0,,,2.0,0.6123877448153253,0.007500000000000007,,,
,,49.25,8.758328709,,,26,0.0,,1763369298.7821,0.0,0.0,4.0,,,9,9.0,,,2.0,0.4146383966783588,-0.365,,,
,,24.5,8.767020292,,,28,0.0,,1763369298.784668,0.0,0.0,4.0,,,10,10.0,,,2.0,0.25,-0.74,,,
,,61.75,8.767161959,,,30,0.0,,1763369298.7894132,0.0,0.0,4.0,,,11,11.0,,,2.0,0.5449082491575991,-0.11499999999999999,,,
,,37.5,8.77169175,,,35,0.0,,1763369298.792937,0.0,0.0,4.0,,,12,12.0,,,5.0,1.0783639228015744,0.17250000000000004,,,
,,37.75,8.775169667,,,38,0.0,,1763369298.79955,0.0,0.0,4.0,,,13,13.0,,,3.0,0.5702850164610676,-0.345,,,
,,63.0,8.779649209,,,40,0.0,,1763369298.8028958,0.0,0.0,4.0,,,14,14.0,,,2.0,0.5484238780359586,-0.10249999999999998,,,
,,35.25,8.783929959,,,44,0.0,,1763369298.80839,0.0,0.0,4.0,,,15,15.0,,,4.0,0.20784609690826528,-0.61,,,
,,24.75,8.787340375,,,46,0.0,,1763369298.811594,0.0,0.0,4.0,,,16,16.0,,,2.0,0.649519052838329,-0.615,,,
,,49.0,8.791308125,,,48,0.0,,1763369298.815499,0.0,0.0,4.0,,,17,17.0,,,2.0,0.3500267846894006,-0.4925,,,
,,74.25,8.79542875,,,50,0.0,,1763369298.819906,0.0,0.0,4.0,,,18,18.0,,,2.0,0.7429165498223875,0.135,,,
,,36.75,8.798779667,,,53,0.0,,1763369298.823196,0.0,0.0,4.0,,,19,19.0,,,3.0,0.5635157495580758,-0.22999999999999998,,,
,,37.75,8.801289209,,,56,0.0,,1763369298.826282,0.0,0.0,4.0,,,20,20.0,,,3.0,0.34770677301427416,-0.47,,,
,,63.25,8.804756375,,,58,0.0,,1763369298.829379,0.0,0.0,4.0,,,21,21.0,,,2.0,0.5489080068645382,-0.09999999999999998,,,
,,74.0,8.808007375,,,60,0.0,,1763369298.832788,0.0,0.0,4.0,,,22,22.0,,,2.0,0.4315886351608439,-0.2425,,,
,,49.25,8.81166775,,,63,0.0,,1763369298.836192,0.0,0.0,4.0,,,23,23.0,,,3.0,0.5579146440092785,-0.23249999999999998,,,
,,24.5,8.814654542,,,65,0.0,,1763369298.8395882,0.0,0.0,4.0,,,24,24.0,,,2.0,0.25,-0.74,,,
,,24.5,8.817857584,,,68,0.0,,1763369298.841973,0.0,0.0,4.0,,,25,25.0,,,3.0,0.5494770240874499,-0.355,,,
,,60.5,8.823973542,,,71,0.0,,1763369298.8474472,0.0,0.0,4.0,,,26,26.0,,,3.0,0.2425257718264185,-0.2425,,,
,,0.0,8.82855425,,,75,0.0,,1763369298.852853,0.0,0.0,4.0,,,27,27.0,,,4.0,0.21650635094610965,-0.845,,,
,,74.0,8.83156975,,,77,0.0,,1763369298.856631,0.0,0.0,4.0,,,28,28.0,,,2.0,0.5443057504748594,-0.1175,,,
,,39.75,8.833970292,,,79,0.0,,1763369298.85903,0.0,0.0,4.0,,,29,29.0,,,2.0,0.44189930979805797,-0.33499999999999996,,,
,,24.0,8.837732125,,,83,0.0,,1763369298.8627079,0.0,0.0,4.0,,,30,30.0,,,4.0,0.41315856520227195,-0.6,,,
,,39.75,8.840691292,,,85,0.0,,1763369298.865706,0.0,0.0,4.0,,,31,31.0,,,2.0,0.44189930979805797,-0.33499999999999996,,,
,,38.25,8.843475084,,,89,0.0,,1763369298.8686268,0.0,0.0,4.0,,,32,32.0,,,4.0,1.1419364036582773,0.16750000000000004,,,
,,49.0,8.847001292,,,91,0.0,,1763369298.8707578,0.0,0.0,4.0,,,33,33.0,,,2.0,0.3500267846894006,-0.4925,,,
,,49.25,8.849338792,,,94,0.0,,1763369298.874387,0.0,0.0,4.0,,,34,34.0,,,3.0,0.5612931497889494,-0.22999999999999998,,,
,,37.25,8.854129292,,,98,0.0,,1763369298.878602,0.0,0.0,4.0,,,35,35.0,,,4.0,0.2367488120350343,-0.33999999999999997,,,
,,49.75,8.856302334,,,100,0.0,,1763369298.88137,0.0,0.0,4.0,,,36,36.0,,,2.0,0.43591857037754195,-0.235,,,
,,61.75,8.85826825,,,102,0.0,,1763369298.883498,0.0,0.0,4.0,,,37,37.0,,,2.0,0.5449082491575991,-0.11499999999999999,,,
,,24.5,8.861374167,,,104,0.0,,1763369298.8857112,0.0,0.0,4.0,,,38,38.0,,,2.0,0.25,-0.74,,,
,,2.5,8.864569625,,,108,0.0,,1763369298.8898401,0.0,0.0,4.0,,,39,39.0,,,4.0,0.45663853319666314,-0.5674999999999999,,,
,,36.75,8.866848625,,,110,0.0,,1763369298.891569,0.0,0.0,4.0,,,40,40.0,,,2.0,0.41081473926820106,-0.6174999999999999,,,
,,49.0,8.869238792,,,113,0.0,,1763369298.894311,0.0,0.0,4.0,,,41,41.0,,,3.0,0.5624222168442495,-0.23249999999999998,,,
,,49.25,8.870874375,,,115,0.0,,1763369298.896045,0.0,0.0,4.0,,,42,42.0,,,2.0,0.4146383966783588,-0.365,,,
,,61.5,8.873647375000001,,,118,0.0,,1763369298.898479,0.0,0.0,4.0,,,43,43.0,,,3.0,0.6510136327297609,-0.10749999999999998,,,
,,49.0,8.875776,,,120,0.0,,1763369298.9007711,0.0,0.0,4.0,,,44,44.0,,,2.0,0.3500267846894006,-0.4925,,,
,,38.25,8.88109825,,,122,0.0,,1763369298.902891,0.0,0.0,4.0,,,45,45.0,,,2.0,0.375066660741794,-0.475,,,
,,61.75,8.885797125,,,124,0.0,,1763369298.9089978,0.0,0.0,4.0,,,46,46.0,,,2.0,0.4330704330706496,-0.24,,,
,,49.5,8.889391084,,,126,0.0,,1763369298.913729,0.0,0.0,4.0,,,47,47.0,,,2.0,0.649519052838329,-0.365,,,
,,61.5,8.894496709,,,128,0.0,,1763369298.9180732,0.0,0.0,4.0,,,48,48.0,,,2.0,0.5579146440092785,-0.2425,,,
,,25.25,8.898372875,,,131,0.0,,1763369298.92288,0.0,0.0,4.0,,,49,49.0,,,3.0,0.22410934831014973,-0.595,,,
,,61.5,8.901507,,,133,0.0,,1763369298.925765,0.0,0.0,4.0,,,50,50.0,,,2.0,0.41233329964968873,-0.3675,,,
,,48.25,8.907932209,,,137,0.0,,1763369298.929902,0.0,0.0,4.0,,,51,51.0,,,4.0,0.2450510150968569,-0.22999999999999998,,,
,,50.75,8.920282084,,,139,0.0,,1763369298.9349492,0.0,0.0,4.0,,,52,52.0,,,2.0,0.5662817320027196,-0.22499999999999998,,,
,,49.25,8.930548125,,,141,0.0,,1763369298.9496021,0.0,0.0,4.0,,,53,53.0,,,2.0,0.49751256265545696,-0.4925,,,
,,24.75,8.934519292,,,144,0.0,,1763369298.958358,0.0,0.0,4.0,,,54,54.0,,,3.0,0.5488795405186825,-0.3525,,,
,,36.25,8.936998542,,,147,0.0,,1763369298.961885,0.0,0.0,4.0,,,55,55.0,,,3.0,0.21365860619221497,-0.61,,,
,,24.0,8.9407205,,,151,0.0,,1763369298.9652731,0.0,0.0,4.0,,,56,56.0,,,4.0,0.2137755832643195,-0.6,,,
,,49.0,8.945659417,,,153,0.0,,1763369298.968155,0.0,0.0,4.0,,,57,57.0,,,2.0,0.3500267846894006,-0.4925,,,
,,49.75,8.947553375,,,155,0.0,,1763369298.971831,0.0,0.0,4.0,,,58,58.0,,,2.0,0.7437405461584032,-0.10999999999999999,,,
,,38.0,8.952160292,,,158,0.0,,1763369298.974985,0.0,0.0,4.0,,,59,59.0,,,3.0,0.569446002707895,-0.21749999999999997,,,
,,49.25,8.956652042,,,161,0.0,,1763369298.980639,0.0,0.0,4.0,,,60,60.0,,,3.0,0.8284133931799992,-0.23249999999999998,,,
,,37.0,8.96075375,,,163,0.0,,1763369298.984781,0.0,0.0,4.0,,,61,61.0,,,2.0,0.6123724356957945,-0.48999999999999994,,,
,,49.0,8.964865042,,,165,0.0,,1763369298.987357,0.0,0.0,4.0,,,62,62.0,,,2.0,0.3500267846894006,-0.4925,,,
,,49.5,8.979903042,,,167,0.0,,1763369298.999664,0.0,0.0,4.0,,,63,63.0,,,2.0,0.7541675874764177,-0.2375,,,
,,49.25,8.992255042,,,169,0.0,,1763369299.010805,0.0,0.0,4.0,,,64,64.0,,,2.0,0.5448623679425842,-0.365,,,
,,26.0,8.998243417,,,171,0.0,,1763369299.0204349,0.0,0.0,4.0,,,65,65.0,,,2.0,0.4373785545725808,-0.6,,,
,,50.5,9.000694459,,,174,0.0,,1763369299.0257611,0.0,0.0,4.0,,,66,66.0,,,3.0,0.6127550489388072,0.03250000000000003,,,
,,62.0,9.0066725,,,176,0.0,,1763369299.02926,0.0,0.0,4.0,,,67,67.0,,,2.0,0.7106818908625715,0.012500000000000011,,,
,,37.75,9.014258167,,,179,0.0,,1763369299.036224,0.0,0.0,4.0,,,68,68.0,,,3.0,0.5702850164610676,-0.345,,,
,,73.0,9.017567292,,,182,0.0,,1763369299.041556,0.0,0.0,4.0,,,69,69.0,,,3.0,0.4258153942731521,-0.2425,,,
,,38.0,9.0245095,,,186,0.0,,1763369299.045991,0.0,0.0,4.0,,,70,70.0,,,4.0,0.7368980594356319,-0.08249999999999996,,,
,,49.25,9.038221334,,,188,0.0,,1763369299.058812,0.0,0.0,4.0,,,71,71.0,,,2.0,0.4146383966783588,-0.365,,,
,,61.75,9.043301917,,,190,0.0,,1763369299.06589,0.0,0.0,4.0,,,72,72.0,,,2.0,0.4330704330706496,-0.24,,,
,,36.75,9.048475625,,,194,0.0,,1763369299.0716531,0.0,0.0,4.0,,,73,73.0,,,4.0,0.8246931247439863,-0.3474999999999999,,,
,,49.5,9.055148917,,,196,0.0,,1763369299.077526,0.0,0.0,4.0,,,74,74.0,,,2.0,0.7541675874764177,-0.2375,,,
,,26.75,9.05904775,,,199,0.0,,1763369299.084127,0.0,0.0,4.0,,,75,75.0,,,3.0,0.37205510344571274,-0.45499999999999996,,,
,,24.5,9.06485425,,,201,0.0,,1763369299.086468,0.0,0.0,4.0,,,76,76.0,,,2.0,0.25,-0.74,,,
,,48.75,9.070267625,,,204,0.0,,1763369299.093408,0.0,0.0,4.0,,,77,77.0,,,3.0,0.35003571246374277,-0.485,,,
,,36.25,9.074061625,,,207,0.0,,1763369299.098607,0.0,0.0,4.0,,,78,78.0,,,3.0,0.3465093793824346,-0.4875,,,
,,49.0,9.08127375,,,209,0.0,,1763369299.102027,0.0,0.0,4.0,,,79,79.0,,,2.0,0.35002678468940057,-0.4925,,,
,,49.5,9.087556667,,,211,0.0,,1763369299.109371,0.0,0.0,4.0,,,80,80.0,,,2.0,0.7541675874764177,-0.2375,,,
,,24.25,9.099209125,,,214,0.0,,1763369299.116183,0.0,0.0,4.0,,,81,81.0,,,3.0,0.4070626487409524,-0.61,,,
,,50.5,9.111154167,,,216,0.0,,1763369299.129281,0.0,0.0,4.0,,,82,82.0,,,2.0,0.4266365549270245,-0.3525,,,
,,51.0,9.117362917,,,219,0.0,,1763369299.14031,0.0,0.0,4.0,,,83,83.0,,,3.0,0.6269918261030203,0.03750000000000003,,,
,,16.25,9.132324417,,,222,0.0,,1763369299.1521852,0.0,0.0,4.0,,,84,84.0,,,3.0,0.5859767486854748,-0.31249999999999994,,,
,,49.0,9.138870917,,,226,0.0,,1763369299.160956,0.0,0.0,4.0,,,85,85.0,,,4.0,0.9582275303913992,0.15000000000000002,,,
,,37.0,9.144355834,,,228,0.0,,1763369299.16935,0.0,0.0,4.0,,,86,86.0,,,2.0,0.6123724356957945,-0.48999999999999994,,,
,,49.25,9.147139959,,,230,0.0,,1763369299.171364,0.0,0.0,4.0,,,87,87.0,,,2.0,0.4146383966783588,-0.365,,,
,,49.25,9.151179334,,,232,0.0,,1763369299.1749701,0.0,0.0,4.0,,,88,88.0,,,2.0,0.4146383966783588,-0.365,,,
,,63.5,9.1584605,,,234,0.0,,1763369299.179626,0.0,0.0,4.0,,,89,89.0,,,2.0,0.7110687378868515,0.027500000000000024,,,
,,24.5,9.162600584,,,236,0.0,,1763369299.186518,0.0,0.0,4.0,,,90,90.0,,,2.0,0.25,-0.74,,,
,,63.25,9.169391375,,,239,0.0,,1763369299.191135,0.0,0.0,4.0,,,91,91.0,,,3.0,0.7372584350144799,0.41000000000000003,,,
,,37.5,9.172398334,,,243,0.0,,1763369299.197483,0.0,0.0,4.0,,,92,92.0,,,4.0,0.4246984224128929,-0.33749999999999997,,,
,,61.25,9.174312875,,,245,0.0,,1763369299.1993139,0.0,0.0,4.0,,,93,93.0,,,2.0,0.4100609710762535,-0.37,,,
,,37.0,9.177537792,,,247,0.0,,1763369299.201571,0.0,0.0,4.0,,,94,94.0,,,2.0,0.414578098794425,-0.615,,,
,,63.0,9.181754667,,,249,0.0,,1763369299.20661,0.0,0.0,4.0,,,95,95.0,,,2.0,0.44104279837675614,-0.22749999999999998,,,
,,51.0,9.185430667,,,251,0.0,,1763369299.20958,0.0,0.0,4.0,,,96,96.0,,,2.0,0.5494258366695182,-0.09749999999999998,,,
,,49.0,9.188182834,,,253,0.0,,1763369299.2132192,0.0,0.0,4.0,,,97,97.0,,,2.0,0.495,-0.495,,,
,,50.5,9.191646084,,,255,0.0,,1763369299.2161448,0.0,0.0,4.0,,,98,98.0,,,2.0,0.4266365549270245,-0.3525,,,
,,24.75,9.194971667,,,257,0.0,,1763369299.220064,0.0,0.0,4.0,,,99,99.0,,,2.0,0.4183524232032127,-0.6125,,,
,,37.25,9.273397459,,,261,0.0,,1763369299.298371,0.0,0.0,4.0,,,100,100.0,,,4.0,0.5622054784507173,-0.21499999999999997,,,
,,52.25,9.275235375,,,263,0.0,,1763369299.30049,0.0,0.0,4.0,,,101,101.0,,,2.0,0.45099889135118726,-0.20999999999999996,,,
,,39.25,9.278086125,,,266,0.0,,1763369299.3027,0.0,0.0,4.0,,,102,102.0,,,3.0,0.42355637169094745,-0.07999999999999996,,,
,,74.25,9.280168042,,,268,0.0,,1763369299.305121,0.0,0.0,4.0,,,103,103.0,,,2.0,0.649519052838329,0.135,,,
,,61.5,9.282017375,,,270,0.0,,1763369299.3071811,0.0,0.0,4.0,,,104,104.0,,,2.0,0.4316465568031326,-0.2425,,,
,,25.5,9.284269167,,,273,0.0,,1763369299.3094661,0.0,0.0,4.0,,,105,105.0,,,3.0,0.027726341266023566,-0.46749999999999997,,,
,,36.0,9.287434875,,,276,0.0,,1763369299.312364,0.0,0.0,4.0,,,106,106.0,,,3.0,0.21217622392718746,-0.6125,,,
,,63.5,9.289688,,,278,0.0,,1763369299.3146849,0.0,0.0,4.0,,,107,107.0,,,2.0,0.7403504237859259,0.15250000000000002,,,
,,37.0,9.291553875,,,280,0.0,,1763369299.3168051,0.0,0.0,4.0,,,108,108.0,,,2.0,0.414578098794425,-0.615,,,
,,36.75,9.29356475,,,282,0.0,,1763369299.318571,0.0,0.0,4.0,,,109,109.0,,,2.0,0.41081473926820106,-0.6174999999999999,,,
,,62.75,9.296218709,,,285,0.0,,1763369299.321038,0.0,0.0,4.0,,,110,110.0,,,3.0,0.6231773423352297,0.030000000000000027,,,
,,48.75,9.298389,,,288,0.0,,1763369299.323353,0.0,0.0,4.0,,,111,111.0,,,3.0,0.6524185772952821,-0.10999999999999999,,,
,,61.5,9.300474459,,,290,0.0,,1763369299.325444,0.0,0.0,4.0,,,112,112.0,,,2.0,0.5579146440092785,-0.2425,,,
,,49.5,9.30311975,,,292,0.0,,1763369299.3280482,0.0,0.0,4.0,,,113,113.0,,,2.0,0.5601506493792541,-0.2375,,,
,,62.0,9.306152375,,,294,0.0,,1763369299.3313432,0.0,0.0,4.0,,,114,114.0,,,2.0,0.7433160498738071,-0.11249999999999999,,,
,,49.25,9.308322167,,,296,0.0,,1763369299.333525,0.0,0.0,4.0,,,115,115.0,,,2.0,0.49751256265545696,-0.4925,,,
,,24.5,9.310723124999999,,,298,0.0,,1763369299.33516,0.0,0.0,4.0,,,116,116.0,,,2.0,0.25,-0.74,,,
,,37.0,9.31217225,,,300,0.0,,1763369299.337306,0.0,0.0,4.0,,,117,117.0,,,2.0,0.414578098794425,-0.615,,,
,,37.0,9.314790542,,,302,0.0,,1763369299.339118,0.0,0.0,4.0,,,118,118.0,,,2.0,0.35709767571352236,-0.4875,,,
,,36.5,9.316697459,,,305,0.0,,1763369299.341797,0.0,0.0,4.0,,,119,119.0,,,3.0,0.34651839777997356,-0.485,,,
,,37.0,9.319671042,,,307,0.0,,1763369299.344044,0.0,0.0,4.0,,,120,120.0,,,2.0,0.5000499975002499,-0.49,,,
,,38.25,9.3246795,,,309,0.0,,1763369299.348352,0.0,0.0,4.0,,,121,121.0,,,2.0,0.5130972130113357,-0.4775,,,
,,49.75,9.326791667,,,311,0.0,,1763369299.3517172,0.0,0.0,4.0,,,122,122.0,,,2.0,0.7437405461584032,-0.10999999999999999,,,
,,24.5,9.330427584,,,313,0.0,,1763369299.354514,0.0,0.0,4.0,,,123,123.0,,,2.0,0.25,-0.74,,,
,,24.25,9.3326675,,,316,0.0,,1763369299.35741,0.0,0.0,4.0,,,124,124.0,,,3.0,0.21510172012329423,-0.6074999999999999,,,
,,24.5,9.335469667,,,319,0.0,,1763369299.360167,0.0,0.0,4.0,,,125,125.0,,,3.0,0.21650635094610965,-0.605,,,
,,61.25,9.341938459,,,322,0.0,,1763369299.364127,0.0,0.0,4.0,,,126,126.0,,,3.0,0.9408108205160058,0.015000000000000013,,,
,,24.5,9.347315542,,,327,0.0,,1763369299.371233,0.0,0.0,4.0,,,127,127.0,,,5.0,0.21913180964889603,-0.5825,,,
,,25.25,9.35421775,,,333,0.0,,1763369299.379461,0.0,0.0,4.0,,,129,129.0,,,4.0,0.3679249244071404,-0.46249999999999997,,,
,,50.75,9.35771475,,,335,0.0,,1763369299.3818529,0.0,0.0,4.0,,,130,130.0,,,2.0,0.5662817320027196,-0.22499999999999998,,,
,,61.5,9.3596445,,,337,0.0,,1763369299.3844962,0.0,0.0,4.0,,,131,131.0,,,2.0,0.5579146440092785,-0.2425,,,
,,48.5,9.362128875,,,340,0.0,,1763369299.387042,0.0,0.0,4.0,,,132,132.0,,,3.0,0.41087558944283853,-0.3625,,,
,,49.0,9.3657305,,,342,0.0,,1763369299.388853,0.0,0.0,4.0,,,133,133.0,,,2.0,0.3500267846894006,-0.4925,,,
,,49.25,9.370758625,,,345,0.0,,1763369299.393713,0.0,0.0,4.0,,,134,134.0,,,3.0,0.8718084652032234,0.020000000000000018,,,
,,13.25,9.374546,,,348,0.0,,1763369299.3983738,0.0,0.0,4.0,,,135,135.0,,,3.0,0.2636640855330889,-0.7175,,,
,,49.25,9.376554292,,,350,0.0,,1763369299.4013922,0.0,0.0,4.0,,,136,136.0,,,2.0,0.3535533905932738,-0.49,,,
,,37.0,9.37951,,,352,0.0,,1763369299.403944,0.0,0.0,4.0,,,137,137.0,,,2.0,0.35709767571352236,-0.4875,,,
,,61.25,9.381945209,,,354,0.0,,1763369299.407006,0.0,0.0,4.0,,,138,138.0,,,2.0,0.4100609710762535,-0.37,,,
,,24.5,9.384349542,,,356,0.0,,1763369299.40907,0.0,0.0,4.0,,,139,139.0,,,2.0,0.25,-0.74,,,
,,48.0,9.386846375,,,360,0.0,,1763369299.411466,0.0,0.0,4.0,,,140,140.0,,,4.0,0.3500982005095142,-0.4825,,,
,,37.0,9.3893125,,,364,0.0,,1763369299.414295,0.0,0.0,4.0,,,141,141.0,,,4.0,0.81967981553775,-0.34500000000000003,,,
,,61.75,9.391267167,,,366,0.0,,1763369299.416233,0.0,0.0,4.0,,,142,142.0,,,2.0,0.4330704330706496,-0.24,,,
,,12.0,9.395399042,,,369,0.0,,1763369299.4194849,0.0,0.0,4.0,,,143,143.0,,,3.0,0.24752525123712127,-0.7324999999999999,,,
,,37.0,9.396947125,,,371,0.0,,1763369299.422219,0.0,0.0,4.0,,,144,144.0,,,2.0,0.6123724356957945,-0.49,,,
,,50.5,9.39856525,,,373,0.0,,1763369299.4237719,0.0,0.0,4.0,,,145,145.0,,,2.0,0.42663655492702446,-0.3525,,,
,,74.0,9.399837542,,,375,0.0,,1763369299.425165,0.0,0.0,4.0,,,146,146.0,,,2.0,0.7106818908625716,0.007500000000000007,,,
,,37.0,9.40146975,,,377,0.0,,1763369299.426642,0.0,0.0,4.0,,,147,147.0,,,2.0,0.414578098794425,-0.615,,,
,,27.25,9.404176667,,,382,0.0,,1763369299.4290712,0.0,0.0,4.0,,,148,148.0,,,5.0,0.47428894146922723,-0.17999999999999994,,,
,,38.5,9.406957959,,,386,0.0,,1763369299.431285,0.0,0.0,4.0,,,149,149.0,,,4.0,0.41631568550800485,-0.32749999999999996,,,
,,61.5,9.408449209,,,388,0.0,,1763369299.43375,0.0,0.0,4.0,,,150,150.0,,,2.0,0.5579146440092785,-0.2425,,,
,,50.0,9.411983584,,,391,0.0,,1763369299.4357,0.0,0.0,4.0,,,151,151.0,,,3.0,0.4380853227397604,-0.22249999999999998,,,
,,49.0,9.414114542,,,393,0.0,,1763369299.43936,0.0,0.0,4.0,,,152,152.0,,,2.0,0.495,-0.495,,,
,,37.0,9.415820084,,,395,0.0,,1763369299.441076,0.0,0.0,4.0,,,153,153.0,,,2.0,0.3570976757135224,-0.4875,,,
,,63.5,9.4172595,,,397,0.0,,1763369299.442494,0.0,0.0,4.0,,,154,154.0,,,2.0,0.7403504237859259,0.15250000000000002,,,
,,37.0,9.41885,,,399,0.0,,1763369299.4439669,0.0,0.0,4.0,,,155,155.0,,,2.0,0.35709767571352236,-0.4875,,,
,,49.25,9.421581792,,,401,0.0,,1763369299.4464169,0.0,0.0,4.0,,,156,156.0,,,2.0,0.5448623679425842,-0.365,,,
,,12.0,9.423615792,,,405,0.0,,1763369299.448802,0.0,0.0,4.0,,,157,157.0,,,4.0,0.413846287889598,-0.5974999999999999,,,
,,49.25,9.425348,,,407,0.0,,1763369299.450599,0.0,0.0,4.0,,,158,158.0,,,2.0,0.5448623679425842,-0.365,,,
,,38.25,9.42724575,,,412,0.0,,1763369299.4523299,0.0,0.0,4.0,,,159,159.0,,,5.0,0.3929694644625712,0.05500000000000006,,,
,,37.0,9.428933459,,,414,0.0,,1763369299.454039,0.0,0.0,4.0,,,160,160.0,,,2.0,0.414578098794425,-0.615,,,
,,38.25,9.430861042,,,416,0.0,,1763369299.4560158,0.0,0.0,4.0,,,161,161.0,,,2.0,0.375066660741794,-0.475,,,
,,28.25,9.432500792,,,419,0.0,,1763369299.4575481,0.0,0.0,4.0,,,162,162.0,,,3.0,0.4741835087811469,-0.18999999999999995,,,
,,37.0,9.435805667,,,421,0.0,,1763369299.459315,0.0,0.0,4.0,,,163,163.0,,,2.0,0.35709767571352236,-0.4875,,,
,,24.75,9.438394625,,,423,0.0,,1763369299.463664,0.0,0.0,4.0,,,164,164.0,,,2.0,0.4183524232032127,-0.6125,,,
,,62.0,9.439761542,,,425,0.0,,1763369299.465088,0.0,0.0,4.0,,,165,165.0,,,2.0,0.4344752582138596,-0.2375,,,
,,37.25,9.441109292,,,427,0.0,,1763369299.4665558,0.0,0.0,4.0,,,166,166.0,,,2.0,0.5025124376570196,-0.4875,,,
,,50.75,9.442838167,,,429,0.0,,1763369299.4679968,0.0,0.0,4.0,,,167,167.0,,,2.0,0.42871902220452035,-0.35,,,
,,37.0,9.445934584,,,433,0.0,,1763369299.471296,0.0,0.0,4.0,,,169,169.0,,,2.0,0.414578098794425,-0.615,,,
,,61.25,9.448222542,,,435,0.0,,1763369299.4727051,0.0,0.0,4.0,,,170,170.0,,,2.0,0.4100609710762535,-0.37,,,
,,50.5,9.450435167,,,437,0.0,,1763369299.4753962,0.0,0.0,4.0,,,171,171.0,,,2.0,0.4266365549270245,-0.3525,,,
,,49.5,9.453903542,,,439,0.0,,1763369299.477731,0.0,0.0,4.0,,,172,172.0,,,2.0,0.43453279507995707,-0.2375,,,
,,49.25,9.457118834,,,441,0.0,,1763369299.482377,0.0,0.0,4.0,,,173,173.0,,,2.0,0.6480885356183984,-0.3675,,,
,,74.25,9.458742959,,,443,0.0,,1763369299.484001,0.0,0.0,4.0,,,174,174.0,,,2.0,0.7106686991840854,0.010000000000000007,,,
,,62.75,9.460550375,,,445,0.0,,1763369299.485652,0.0,0.0,4.0,,,175,175.0,,,2.0,0.439715817318413,-0.22999999999999998,,,
,,37.0,9.4619105,,,447,0.0,,1763369299.4872608,0.0,0.0,4.0,,,176,176.0,,,2.0,0.35709767571352236,-0.4875,,,
,,38.0,9.464153084,,,450,0.0,,1763369299.4891388,0.0,0.0,4.0,,,177,177.0,,,3.0,0.5774080013300821,-0.21999999999999997,,,
,,49.5,9.466094792,,,452,0.0,,1763369299.49107,0.0,0.0,4.0,,,178,178.0,,,2.0,0.41685579041198406,-0.3625,,,
,,37.75,9.468961,,,455,0.0,,1763369299.493644,0.0,0.0,4.0,,,179,179.0,,,3.0,0.20670026608594388,-0.345,,,
,,24.75,9.471637334,,,457,0.0,,1763369299.496541,0.0,0.0,4.0,,,180,180.0,,,2.0,0.649519052838329,-0.615,,,
,,61.25,9.473091667,,,459,0.0,,1763369299.4982579,0.0,0.0,4.0,,,181,181.0,,,2.0,0.4100609710762535,-0.37,,,
,,14.75,9.475542334,,,463,0.0,,1763369299.500588,0.0,0.0,4.0,,,182,182.0,,,4.0,0.6533567172685991,-0.44499999999999995,,,
,,38.25,9.477486917,,,465,0.0,,1763369299.5025449,0.0,0.0,4.0,,,183,183.0,,,2.0,0.375066660741794,-0.475,,,
,,0.0,9.4801315,,,467,0.0,,1763369299.505035,0.0,0.0,4.0,,,184,184.0,,,2.0,0.0,-0.99,,,
,,49.5,9.482590834,,,469,0.0,,1763369299.50737,0.0,0.0,4.0,,,185,185.0,,,2.0,0.7541675874764177,-0.2375,,,
,,25.5,9.484758875,,,472,0.0,,1763369299.509859,0.0,0.0,4.0,,,186,186.0,,,3.0,0.02772634126602357,-0.46749999999999997,,,
,,61.25,9.486761292,,,474,0.0,,1763369299.511775,0.0,0.0,4.0,,,187,187.0,,,2.0,0.4100609710762535,-0.37,,,
,,24.5,9.488398,,,476,0.0,,1763369299.5136168,0.0,0.0,4.0,,,188,188.0,,,2.0,0.25,-0.74,,,
,,38.0,9.489911,,,479,0.0,,1763369299.51515,0.0,0.0,4.0,,,189,189.0,,,3.0,0.5774080013300821,-0.21999999999999997,,,
,,26.0,9.491652209,,,482,0.0,,1763369299.516741,0.0,0.0,4.0,,,190,190.0,,,3.0,0.5562092681716118,-0.21249999999999997,,,
,,50.75,9.493072542,,,484,0.0,,1763369299.518367,0.0,0.0,4.0,,,191,191.0,,,2.0,0.5662817320027196,-0.22499999999999998,,,
,,36.5,9.494966959,,,489,0.0,,1763369299.520223,0.0,0.0,4.0,,,192,192.0,,,5.0,0.4236375219453536,-0.21249999999999997,,,
,,37.25,9.496831292,,,491,0.0,,1763369299.52203,0.0,0.0,4.0,,,193,193.0,,,2.0,0.5025124376570196,-0.4875,,,
,,61.5,9.498420167,,,493,0.0,,1763369299.523556,0.0,0.0,4.0,,,194,194.0,,,2.0,0.5579146440092785,-0.2425,,,
,,49.5,9.500831875,,,495,0.0,,1763369299.525871,0.0,0.0,4.0,,,195,195.0,,,2.0,0.649519052838329,-0.365,,,
,,38.25,9.507188084,,,498,0.0,,1763369299.532255,0.0,0.0,4.0,,,196,196.0,,,3.0,0.6620186930895532,-0.09249999999999997,,,
,,37.25,9.510432334,,,500,0.0,,1763369299.5351,0.0,0.0,4.0,,,197,197.0,,,2.0,0.41910619179391756,-0.36,,,
,,49.5,9.517627125,,,504,0.0,,1763369299.542258,0.0,0.0,4.0,,,198,198.0,,,4.0,0.32911813988293015,0.03250000000000003,,,
,,50.5,9.522073625,,,506,0.0,,1763369299.547146,0.0,0.0,4.0,,,199,199.0,,,2.0,0.4266365549270245,-0.3525,,,
,,61.75,9.647268709,,,508,0.0,,1763369299.672532,0.0,0.0,4.0,,,200,200.0,,,2.0,0.5590169943749475,-0.24,,,
,,49.25,9.649296917000001,,,511,0.0,,1763369299.674031,0.0,0.0,4.0,,,201,201.0,,,3.0,0.25,-0.22999999999999998,,,
,,50.25,9.653619625,,,514,0.0,,1763369299.678463,0.0,0.0,4.0,,,202,202.0,,,3.0,0.5508175741568164,-0.21999999999999997,,,
,,49.0,9.656295334,,,516,0.0,,1763369299.681182,0.0,0.0,4.0,,,203,203.0,,,2.0,0.3500267846894006,-0.4925,,,
,,61.75,9.6588865,,,518,0.0,,1763369299.6840231,0.0,0.0,4.0,,,204,204.0,,,2.0,0.4330704330706496,-0.24,,,
,,23.75,9.664870542,,,526,0.0,,1763369299.68693,0.0,0.0,4.0,,,205,205.0,,,8.0,0.8957224737607069,0.3125000000000001,,,
,,61.5,9.672520917,,,528,0.0,,1763369299.697503,0.0,0.0,4.0,,,206,206.0,,,2.0,0.5579146440092785,-0.2425,,,
,,36.25,9.675363167,,,531,0.0,,1763369299.700045,0.0,0.0,4.0,,,207,207.0,,,3.0,0.21365860619221497,-0.61,,,
,,51.25,9.680207834,,,533,0.0,,1763369299.705096,0.0,0.0,4.0,,,208,208.0,,,2.0,0.7110203935190608,0.030000000000000027,,,
,,37.5,9.682848042,,,537,0.0,,1763369299.708044,0.0,0.0,4.0,,,209,209.0,,,4.0,0.3550616143713651,0.03750000000000005,,,
,,35.5,9.686972542,,,542,0.0,,1763369299.7117498,0.0,0.0,4.0,,,210,210.0,,,5.0,0.41030476477857286,-0.35,,,
,,50.75,9.691474417,,,544,0.0,,1763369299.716761,0.0,0.0,4.0,,,211,211.0,,,2.0,0.4424081825644729,-0.22499999999999998,,,
,,37.0,9.695006792000001,,,547,0.0,,1763369299.720065,0.0,0.0,4.0,,,212,212.0,,,3.0,0.5477396735676539,-0.10249999999999998,,,
,,62.0,9.69706575,,,549,0.0,,1763369299.722111,0.0,0.0,4.0,,,213,213.0,,,2.0,0.7106818908625716,0.012500000000000011,,,
,,49.75,9.6995965,,,551,0.0,,1763369299.7246,0.0,0.0,4.0,,,214,214.0,,,2.0,0.8329278180010558,-0.2375,,,
,,51.0,9.701218959,,,553,0.0,,1763369299.72645,0.0,0.0,4.0,,,215,215.0,,,2.0,0.5494258366695182,-0.09749999999999998,,,
,,49.25,9.704517041999999,,,555,0.0,,1763369299.729263,0.0,0.0,4.0,,,216,216.0,,,2.0,0.6480885356183984,-0.3675,,,
,,24.5,9.706672667,,,558,0.0,,1763369299.731606,0.0,0.0,4.0,,,217,217.0,,,3.0,0.5494770240874499,-0.355,,,
,,38.25,9.713996584,,,563,0.0,,1763369299.737399,0.0,0.0,4.0,,,218,218.0,,,5.0,0.591121814857141,-0.19499999999999995,,,
,,36.75,9.717606459,,,565,0.0,,1763369299.7422552,0.0,0.0,4.0,,,219,219.0,,,2.0,0.41081473926820106,-0.6174999999999999,,,
,,62.0,9.720618167,,,567,0.0,,1763369299.745004,0.0,0.0,4.0,,,220,220.0,,,2.0,0.5454527935577926,-0.11249999999999999,,,
,,49.25,9.724178792,,,572,0.0,,1763369299.7486038,0.0,0.0,4.0,,,221,221.0,,,5.0,0.5359337645642416,0.16500000000000004,,,
,,49.25,9.725989292,,,574,0.0,,1763369299.751221,0.0,0.0,4.0,,,222,222.0,,,2.0,0.5448623679425842,-0.365,,,
,,49.5,9.728385167,,,576,0.0,,1763369299.753122,0.0,0.0,4.0,,,223,223.0,,,2.0,0.41685579041198406,-0.3625,,,
,,61.75,9.736499584,,,578,0.0,,1763369299.759192,0.0,0.0,4.0,,,224,224.0,,,2.0,0.7429165498223875,-0.11499999999999999,,,
,,49.5,9.740507875,,,580,0.0,,1763369299.765652,0.0,0.0,4.0,,,225,225.0,,,2.0,0.5,-0.49,,,
,,37.0,9.743068125,,,582,0.0,,1763369299.7679749,0.0,0.0,4.0,,,226,226.0,,,2.0,0.414578098794425,-0.615,,,
,,37.75,9.7470055,,,585,0.0,,1763369299.771507,0.0,0.0,4.0,,,227,227.0,,,3.0,0.37155080406318597,-0.47,,,
,,26.25,9.749463542,,,590,0.0,,1763369299.774697,0.0,0.0,4.0,,,228,228.0,,,5.0,0.44572272771309296,-0.19249999999999992,,,
,,49.25,9.751313125,,,592,0.0,,1763369299.776365,0.0,0.0,4.0,,,229,229.0,,,2.0,0.5448623679425842,-0.365,,,
,,50.75,9.756407542,,,594,0.0,,1763369299.7811751,0.0,0.0,4.0,,,230,230.0,,,2.0,0.44240818256447295,-0.22499999999999998,,,
,,13.25,9.76074175,,,599,0.0,,1763369299.785822,0.0,0.0,4.0,,,231,231.0,,,5.0,0.42388087949328407,-0.32499999999999996,,,
,,38.0,9.762737,,,602,0.0,,1763369299.78789,0.0,0.0,4.0,,,232,232.0,,,3.0,0.56966547200967,-0.34249999999999997,,,
,,49.5,9.765353625,,,604,0.0,,1763369299.790286,0.0,0.0,4.0,,,233,233.0,,,2.0,0.5601506493792541,-0.2375,,,
,,61.5,9.770669209,,,606,0.0,,1763369299.7928078,0.0,0.0,4.0,,,234,234.0,,,2.0,0.4316465568031326,-0.2425,,,
,,61.25,9.774862292,,,608,0.0,,1763369299.799936,0.0,0.0,4.0,,,235,235.0,,,2.0,0.4100609710762535,-0.37,,,
,,36.75,9.77693075,,,610,0.0,,1763369299.801968,0.0,0.0,4.0,,,236,236.0,,,2.0,0.41081473926820106,-0.6174999999999999,,,
,,37.0,9.782080625,,,612,0.0,,1763369299.806697,0.0,0.0,4.0,,,237,237.0,,,2.0,0.6123724356957945,-0.49,,,
,,37.0,9.784698709,,,616,0.0,,1763369299.809925,0.0,0.0,4.0,,,238,238.0,,,4.0,0.23826193569263224,-0.34249999999999997,,,
,,50.5,9.78995175,,,618,0.0,,1763369299.815009,0.0,0.0,4.0,,,239,239.0,,,2.0,0.4266365549270245,-0.3525,,,
,,74.75,9.792505125,,,620,0.0,,1763369299.817599,0.0,0.0,4.0,,,240,240.0,,,2.0,0.8234986338786482,0.39,,,
,,60.5,9.795500084,,,624,0.0,,1763369299.8202398,0.0,0.0,4.0,,,241,241.0,,,4.0,0.41093643060697355,-0.10749999999999998,,,
,,48.25,9.79898025,,,628,0.0,,1763369299.823992,0.0,0.0,4.0,,,242,242.0,,,4.0,0.427375712927162,-0.22999999999999998,,,
,,61.75,9.802198625,,,630,0.0,,1763369299.8268201,0.0,0.0,4.0,,,243,243.0,,,2.0,0.5590169943749475,-0.24,,,
,,49.5,9.806459917,,,632,0.0,,1763369299.831604,0.0,0.0,4.0,,,244,244.0,,,2.0,0.5601506493792541,-0.2375,,,
,,25.5,9.808556209,,,635,0.0,,1763369299.833746,0.0,0.0,4.0,,,245,245.0,,,3.0,0.34770677301427416,-0.47,,,
,,36.5,9.810551375,,,638,0.0,,1763369299.835687,0.0,0.0,4.0,,,246,246.0,,,3.0,0.4101219330881976,-0.36,,,
,,36.5,9.813917,,,642,0.0,,1763369299.8383958,0.0,0.0,4.0,,,247,247.0,,,4.0,0.41535376488001163,-0.3475,,,
,,26.25,9.816352667,,,644,0.0,,1763369299.841474,0.0,0.0,4.0,,,248,248.0,,,2.0,0.5178018443381599,-0.4725,,,
,,36.0,9.8220685,,,649,0.0,,1763369299.8466702,0.0,0.0,4.0,,,249,249.0,,,5.0,0.21089096708963137,-0.345,,,
,,49.5,9.835530917,,,651,0.0,,1763369299.859856,0.0,0.0,4.0,,,250,250.0,,,2.0,0.41685579041198406,-0.3625,,,
,,36.5,9.8407195,,,654,0.0,,1763369299.8655648,0.0,0.0,4.0,,,251,251.0,,,3.0,0.2179879583830263,-0.3575,,,
,,61.5,9.84286575,,,656,0.0,,1763369299.868021,0.0,0.0,4.0,,,252,252.0,,,2.0,0.41233329964968873,-0.3675,,,
,,25.5,9.8455005,,,659,0.0,,1763369299.870137,0.0,0.0,4.0,,,253,253.0,,,3.0,0.37155080406318597,-0.47,,,
,,61.75,9.849310542,,,661,0.0,,1763369299.874499,0.0,0.0,4.0,,,254,254.0,,,2.0,0.5449082491575991,-0.11499999999999999,,,
,,37.75,9.853197,,,664,0.0,,1763369299.8766131,0.0,0.0,4.0,,,255,255.0,,,3.0,0.20670026608594388,-0.345,,,
,,38.5,9.858433042,,,666,0.0,,1763369299.883053,0.0,0.0,4.0,,,256,256.0,,,2.0,0.5154367080447414,-0.475,,,
,,23.75,9.865727084,,,670,0.0,,1763369299.888695,0.0,0.0,4.0,,,257,257.0,,,4.0,0.40935162146985565,-0.6025,,,
,,49.5,9.874772459,,,672,0.0,,1763369299.899882,0.0,0.0,4.0,,,258,258.0,,,2.0,0.5601506493792541,-0.2375,,,
,,37.0,9.879877042,,,674,0.0,,1763369299.905097,0.0,0.0,4.0,,,259,259.0,,,2.0,0.35709767571352236,-0.4875,,,
,,39.25,9.886617542,,,677,0.0,,1763369299.91027,0.0,0.0,4.0,,,260,260.0,,,3.0,0.48210476039964595,-0.20499999999999996,,,
,,50.5,9.891834,,,679,0.0,,1763369299.916428,0.0,0.0,4.0,,,261,261.0,,,2.0,0.4266365549270245,-0.3525,,,
,,24.75,9.894671,,,681,0.0,,1763369299.91922,0.0,0.0,4.0,,,262,262.0,,,2.0,0.4183524232032127,-0.6125,,,
,,51.75,9.896679375,,,684,0.0,,1763369299.921849,0.0,0.0,4.0,,,263,263.0,,,3.0,0.45612498287201947,-0.07999999999999996,,,
,,74.0,9.900576584,,,686,0.0,,1763369299.92557,0.0,0.0,4.0,,,264,264.0,,,2.0,0.7106818908625715,0.007500000000000007,,,
,,49.5,9.904225792,,,688,0.0,,1763369299.928107,0.0,0.0,4.0,,,265,265.0,,,2.0,0.5601506493792541,-0.2375,,,
,,50.5,9.907567834,,,690,0.0,,1763369299.9330099,0.0,0.0,4.0,,,266,266.0,,,2.0,0.4266365549270245,-0.3525,,,
,,48.25,9.914529084,,,694,0.0,,1763369299.936385,0.0,0.0,4.0,,,267,267.0,,,4.0,0.2107723890835799,-0.10499999999999997,,,
,,74.0,9.916674792,,,696,0.0,,1763369299.94167,0.0,0.0,4.0,,,268,268.0,,,2.0,0.4315886351608439,-0.2425,,,
,,38.25,9.922672834,,,698,0.0,,1763369299.945558,0.0,0.0,4.0,,,269,269.0,,,2.0,0.375066660741794,-0.475,,,
,,61.25,9.924913334,,,700,0.0,,1763369299.9501078,0.0,0.0,4.0,,,270,270.0,,,2.0,0.4100609710762535,-0.37,,,
,,61.25,9.931480292,,,702,0.0,,1763369299.952551,0.0,0.0,4.0,,,271,271.0,,,2.0,0.4100609710762535,-0.37,,,
,,36.75,9.96319575,,,704,0.0,,1763369299.987067,0.0,0.0,4.0,,,272,272.0,,,2.0,0.41081473926820106,-0.6174999999999999,,,
,,38.0,9.966690292,,,708,0.0,,1763369299.9915771,0.0,0.0,4.0,,,273,273.0,,,4.0,0.578159796250137,-0.20749999999999996,,,
,,36.5,9.973784167,,,711,0.0,,1763369299.9977448,0.0,0.0,4.0,,,274,274.0,,,3.0,0.5500624964492671,-0.3575,,,
,,15.0,9.976942542,,,714,0.0,,1763369300.00208,0.0,0.0,4.0,,,275,275.0,,,3.0,0.5892951297949102,-0.32749999999999996,,,
,,38.25,9.982357792,,,716,0.0,,1763369300.007094,0.0,0.0,4.0,,,276,276.0,,,2.0,0.375066660741794,-0.475,,,
,,50.75,9.989822542,,,718,0.0,,1763369300.013571,0.0,0.0,4.0,,,277,277.0,,,2.0,0.42871902220452035,-0.35,,,
,,49.0,10.000888667,,,721,0.0,,1763369300.026263,0.0,0.0,4.0,,,278,278.0,,,3.0,0.6144255447163635,0.017500000000000016,,,
,,74.0,10.010571584,,,723,0.0,,1763369300.0334039,0.0,0.0,4.0,,,279,279.0,,,2.0,0.5443057504748595,-0.1175,,,
,,25.0,10.016522167,,,729,0.0,,1763369300.040859,0.0,0.0,4.0,,,280,280.0,,,6.0,0.2645160675649024,-0.31749999999999995,,,
,,61.5,10.030505875,,,731,0.0,,1763369300.0549388,0.0,0.0,4.0,,,281,281.0,,,2.0,0.5579146440092785,-0.2425,,,
,,37.0,10.042824375,,,734,0.0,,1763369300.0676212,0.0,0.0,4.0,,,282,282.0,,,3.0,0.3535533905932738,-0.48,,,
,,62.0,10.047916625,,,736,0.0,,1763369300.0714922,0.0,0.0,4.0,,,283,283.0,,,2.0,0.7937372046212777,0.012500000000000011,,,
,,51.5,10.050334167,,,740,0.0,,1763369300.0750458,0.0,0.0,4.0,,,284,284.0,,,4.0,0.5523755515951082,-0.07249999999999995,,,
,,37.25,10.052871542,,,743,0.0,,1763369300.077539,0.0,0.0,4.0,,,285,285.0,,,3.0,0.6543317201542349,-0.09999999999999998,,,
,,24.75,10.057767459,,,745,0.0,,1763369300.082569,0.0,0.0,4.0,,,286,286.0,,,2.0,0.4183524232032127,-0.6125,,,
,,49.25,10.060520792,,,747,0.0,,1763369300.085218,0.0,0.0,4.0,,,287,287.0,,,2.0,0.49751256265545696,-0.4925,,,
,,49.25,10.064915,,,749,0.0,,1763369300.089673,0.0,0.0,4.0,,,288,288.0,,,2.0,0.49751256265545696,-0.4925,,,
,,1.25,10.067787084,,,752,0.0,,1763369300.092971,0.0,0.0,4.0,,,289,289.0,,,3.0,0.2658477007611689,-0.715,,,
,,63.25,10.073588459,,,754,0.0,,1763369300.097591,0.0,0.0,4.0,,,290,290.0,,,2.0,0.711143445445432,0.025000000000000022,,,
,,24.5,10.077564,,,756,0.0,,1763369300.102137,0.0,0.0,4.0,,,291,291.0,,,2.0,0.25,-0.74,,,
,,49.0,10.080018625,,,758,0.0,,1763369300.1051,0.0,0.0,4.0,,,292,292.0,,,2.0,0.3500267846894006,-0.4925,,,
,,49.0,10.08197675,,,760,0.0,,1763369300.1072562,0.0,0.0,4.0,,,293,293.0,,,2.0,0.3500267846894006,-0.4925,,,
,,61.75,10.085617875,,,762,0.0,,1763369300.109354,0.0,0.0,4.0,,,294,294.0,,,2.0,0.4330704330706496,-0.24,,,
,,24.5,10.108855292,,,764,0.0,,1763369300.126984,0.0,0.0,4.0,,,295,295.0,,,2.0,0.25,-0.74,,,
,,50.75,10.110667084,,,766,0.0,,1763369300.135797,0.0,0.0,4.0,,,296,296.0,,,2.0,0.42871902220452035,-0.35,,,
,,61.75,10.113601125,,,768,0.0,,1763369300.138046,0.0,0.0,4.0,,,297,297.0,,,2.0,0.414578098794425,-0.365,,,
,,49.5,10.116248209,,,770,0.0,,1763369300.140644,0.0,0.0,4.0,,,298,298.0,,,2.0,0.7541675874764177,-0.2375,,,
,,24.75,10.119484917,,,773,0.0,,1763369300.144332,0.0,0.0,4.0,,,299,299.0,,,3.0,0.6164566083675315,-0.4775,,,
,,61.75,10.273050709,,,775,0.0,,1763369300.29756,0.0,0.0,4.0,,,300,300.0,,,2.0,0.4330704330706496,-0.24,,,
,,37.0,10.27609725,,,777,0.0,,1763369300.301253,0.0,0.0,4.0,,,301,301.0,,,2.0,0.3570976757135224,-0.4875,,,
,,49.25,10.282688875,,,779,0.0,,1763369300.307638,0.0,0.0,4.0,,,302,302.0,,,2.0,0.3535533905932738,-0.49,,,
,,61.75,10.2910925,,,781,0.0,,1763369300.3163369,0.0,0.0,4.0,,,303,303.0,,,2.0,0.649519052838329,-0.11499999999999999,,,
,,49.25,10.293044125,,,783,0.0,,1763369300.318274,0.0,0.0,4.0,,,304,304.0,,,2.0,0.5448623679425842,-0.365,,,
,,49.25,10.307115542,,,785,0.0,,1763369300.320081,0.0,0.0,4.0,,,305,305.0,,,2.0,0.6480885356183984,-0.3675,,,
,,37.0,10.31284975,,,787,0.0,,1763369300.336558,0.0,0.0,4.0,,,306,306.0,,,2.0,0.414578098794425,-0.615,,,
,,61.5,10.318032292,,,789,0.0,,1763369300.342282,0.0,0.0,4.0,,,307,307.0,,,2.0,0.41233329964968873,-0.3675,,,
,,49.5,10.332571125,,,791,0.0,,1763369300.357894,0.0,0.0,4.0,,,308,308.0,,,2.0,0.5601506493792541,-0.2375,,,
,,37.25,10.33810675,,,795,0.0,,1763369300.362754,0.0,0.0,4.0,,,309,309.0,,,4.0,0.36121323342314027,0.03500000000000003,,,
,,24.25,10.3412435,,,799,0.0,,1763369300.3665102,0.0,0.0,4.0,,,310,310.0,,,4.0,0.41697571871752914,-0.5974999999999999,,,
,,35.75,10.374889417,,,803,0.0,,1763369300.399754,0.0,0.0,4.0,,,311,311.0,,,4.0,0.26,-0.22999999999999998,,,
,,61.5,10.380003459,,,805,0.0,,1763369300.405129,0.0,0.0,4.0,,,312,312.0,,,2.0,0.5579146440092785,-0.2425,,,
,,48.5,10.382115834,,,808,0.0,,1763369300.407288,0.0,0.0,4.0,,,313,313.0,,,3.0,0.20932928605429293,-0.3625,,,
,,36.25,10.38370525,,,811,0.0,,1763369300.4090629,0.0,0.0,4.0,,,314,314.0,,,3.0,0.2194310825749169,-0.36,,,
,,12.25,10.385170042,,,813,0.0,,1763369300.410288,0.0,0.0,4.0,,,315,315.0,,,2.0,0.21650635094610965,-0.865,,,
,,52.0,10.38747075,,,816,0.0,,1763369300.412617,0.0,0.0,4.0,,,316,316.0,,,3.0,0.6808588326518207,-0.07749999999999996,,,
,,62.0,10.389434,,,818,0.0,,1763369300.4146,0.0,0.0,4.0,,,317,317.0,,,2.0,0.7433160498738071,-0.11249999999999999,,,
,,61.5,10.392050834,,,820,0.0,,1763369300.417286,0.0,0.0,4.0,,,318,318.0,,,2.0,0.4123332996496888,-0.3675,,,
,,24.5,10.394964,,,822,0.0,,1763369300.419866,0.0,0.0,4.0,,,319,319.0,,,2.0,0.25,-0.74,,,
,,41.0,10.397396042,,,825,0.0,,1763369300.4220679,0.0,0.0,4.0,,,320,320.0,,,3.0,0.6686693876647861,-0.062499999999999944,,,
,,49.0,10.399702292,,,827,0.0,,1763369300.424201,0.0,0.0,4.0,,,321,321.0,,,2.0,0.3500267846894006,-0.4925,,,
,,62.75,10.42430225,,,829,0.0,,1763369300.4477692,0.0,0.0,4.0,,,322,322.0,,,2.0,0.439715817318413,-0.22999999999999998,,,
,,37.0,10.427197042,,,831,0.0,,1763369300.4522061,0.0,0.0,4.0,,,323,323.0,,,2.0,0.5000499975002499,-0.49,,,
,,50.75,10.429676,,,833,0.0,,1763369300.454717,0.0,0.0,4.0,,,324,324.0,,,2.0,0.42871902220452035,-0.35,,,
,,35.75,10.445575542,,,839,0.0,,1763369300.458207,0.0,0.0,4.0,,,325,325.0,,,6.0,0.4299127818523195,-0.08499999999999994,,,
,,49.75,10.450677709,,,842,0.0,,1763369300.4755268,0.0,0.0,4.0,,,326,326.0,,,3.0,0.42290660907581,-0.35,,,
,,27.75,10.456888,,,847,0.0,,1763369300.4807382,0.0,0.0,4.0,,,327,327.0,,,5.0,0.04387482193696064,0.07500000000000008,,,
,,61.25,10.464506334,,,849,0.0,,1763369300.4850109,0.0,0.0,4.0,,,328,328.0,,,2.0,0.4100609710762535,-0.37,,,
,,24.5,10.4674875,,,851,0.0,,1763369300.4917288,0.0,0.0,4.0,,,329,329.0,,,2.0,0.25,-0.74,,,
,,51.5,10.474804417,,,854,0.0,,1763369300.49895,0.0,0.0,4.0,,,330,330.0,,,3.0,0.5969244089497431,-0.20749999999999996,,,
,,24.25,10.479262375,,,857,0.0,,1763369300.503115,0.0,0.0,4.0,,,331,331.0,,,3.0,0.21510172012329426,-0.6074999999999999,,,
,,61.75,10.482394417,,,859,0.0,,1763369300.5072541,0.0,0.0,4.0,,,332,332.0,,,2.0,0.7429165498223874,-0.11499999999999999,,,
,,49.0,10.485712709,,,861,0.0,,1763369300.5106921,0.0,0.0,4.0,,,333,333.0,,,2.0,0.3500267846894006,-0.4925,,,
,,62.0,10.489248959,,,863,0.0,,1763369300.514195,0.0,0.0,4.0,,,334,334.0,,,2.0,0.7433160498738071,-0.11249999999999999,,,
,,24.75,10.491235917000001,,,865,0.0,,1763369300.5165062,0.0,0.0,4.0,,,335,335.0,,,2.0,0.4183524232032127,-0.6124999999999999,,,
,,36.0,10.494013084,,,868,0.0,,1763369300.518633,0.0,0.0,4.0,,,336,336.0,,,3.0,0.21217622392718746,-0.6125,,,
,,61.75,10.497090084,,,870,0.0,,1763369300.5218298,0.0,0.0,4.0,,,337,337.0,,,2.0,0.5590169943749475,-0.24,,,
,,26.75,10.49925975,,,874,0.0,,1763369300.524504,0.0,0.0,4.0,,,338,338.0,,,4.0,0.28271009886454357,-0.19499999999999995,,,
,,48.75,10.501329417,,,877,0.0,,1763369300.526386,0.0,0.0,4.0,,,339,339.0,,,3.0,0.4093516214698557,-0.11249999999999999,,,
,,38.25,10.505768084,,,879,0.0,,1763369300.528329,0.0,0.0,4.0,,,340,340.0,,,2.0,0.375066660741794,-0.475,,,
,,49.0,10.507495542000001,,,881,0.0,,1763369300.5328262,0.0,0.0,4.0,,,341,341.0,,,2.0,0.3500267846894006,-0.4925,,,
,,36.0,10.5092575,,,885,0.0,,1763369300.534525,0.0,0.0,4.0,,,342,342.0,,,4.0,0.2122940178149163,-0.6025,,,
,,61.25,10.512081167,,,887,0.0,,1763369300.5363588,0.0,0.0,4.0,,,343,343.0,,,2.0,0.4100609710762535,-0.37,,,
,,37.0,10.514904334,,,889,0.0,,1763369300.540134,0.0,0.0,4.0,,,344,344.0,,,2.0,0.35709767571352236,-0.4875,,,
,,50.5,10.520894875,,,893,0.0,,1763369300.545975,0.0,0.0,4.0,,,346,346.0,,,2.0,0.4266365549270245,-0.3525,,,
,,37.5,10.52298375,,,896,0.0,,1763369300.548214,0.0,0.0,4.0,,,347,347.0,,,3.0,0.34780562100115636,-0.4725,,,
,,61.5,10.524760084,,,899,0.0,,1763369300.54998,0.0,0.0,4.0,,,348,348.0,,,3.0,0.7407892750303557,-0.10749999999999998,,,
,,49.5,10.527071667,,,901,0.0,,1763369300.551442,0.0,0.0,4.0,,,349,349.0,,,2.0,0.5601506493792541,-0.2375,,,
,,24.75,10.530421125,,,903,0.0,,1763369300.555189,0.0,0.0,4.0,,,350,350.0,,,2.0,0.4183524232032127,-0.6125,,,
,,49.25,10.532648375,,,905,0.0,,1763369300.5576031,0.0,0.0,4.0,,,351,351.0,,,2.0,0.3535533905932738,-0.49,,,
,,49.5,10.535291459,,,907,0.0,,1763369300.560547,0.0,0.0,4.0,,,352,352.0,,,2.0,0.649519052838329,-0.365,,,
,,12.0,10.536917667,,,911,0.0,,1763369300.5622149,0.0,0.0,4.0,,,353,353.0,,,4.0,0.41081473926820106,-0.5974999999999999,,,
,,24.5,10.538556375,,,913,0.0,,1763369300.5637279,0.0,0.0,4.0,,,354,354.0,,,2.0,0.25,-0.74,,,
,,37.25,10.539776417,,,915,0.0,,1763369300.565176,0.0,0.0,4.0,,,355,355.0,,,2.0,0.5025124376570196,-0.4875,,,
,,49.5,10.541237542,,,917,0.0,,1763369300.5667148,0.0,0.0,4.0,,,356,356.0,,,2.0,0.41685579041198406,-0.3625,,,
,,50.5,10.542293708999999,,,919,0.0,,1763369300.567735,0.0,0.0,4.0,,,357,357.0,,,2.0,0.4266365549270245,-0.3525,,,
,,49.25,10.547009375,,,921,0.0,,1763369300.569461,0.0,0.0,4.0,,,358,358.0,,,2.0,0.4146383966783588,-0.365,,,
,,74.0,10.549156709,,,923,0.0,,1763369300.574124,0.0,0.0,4.0,,,359,359.0,,,2.0,0.4315886351608439,-0.2425,,,
,,37.25,10.551401875,,,926,0.0,,1763369300.576535,0.0,0.0,4.0,,,360,360.0,,,3.0,0.9643747974724349,-0.10249999999999998,,,
,,24.5,10.554227000000001,,,930,0.0,,1763369300.5793102,0.0,0.0,4.0,,,361,361.0,,,4.0,0.4146383966783588,-0.345,,,
,,25.5,10.5573555,,,933,0.0,,1763369300.58137,0.0,0.0,4.0,,,362,362.0,,,3.0,0.22531921799970814,-0.5925,,,
,,49.25,10.566753334,,,935,0.0,,1763369300.591079,0.0,0.0,4.0,,,363,363.0,,,2.0,0.4146383966783588,-0.365,,,
,,49.25,10.571238834,,,937,0.0,,1763369300.5942552,0.0,0.0,4.0,,,364,364.0,,,2.0,0.4146383966783588,-0.365,,,
,,38.25,10.573892084,,,939,0.0,,1763369300.598769,0.0,0.0,4.0,,,365,365.0,,,2.0,0.375066660741794,-0.475,,,
,,25.0,10.575864709,,,941,0.0,,1763369300.600783,0.0,0.0,4.0,,,366,366.0,,,2.0,0.8703555308033608,-0.4875,,,
,,49.25,10.580021792,,,943,0.0,,1763369300.604291,0.0,0.0,4.0,,,367,367.0,,,2.0,0.49751256265545696,-0.4925,,,
,,49.0,10.585085167,,,945,0.0,,1763369300.609083,0.0,0.0,4.0,,,368,368.0,,,2.0,0.3500267846894006,-0.4925,,,
,,25.25,10.590459709,,,948,0.0,,1763369300.615445,0.0,0.0,4.0,,,369,369.0,,,3.0,0.22410934831014973,-0.595,,,
,,50.75,10.592588875,,,950,0.0,,1763369300.617517,0.0,0.0,4.0,,,370,370.0,,,2.0,0.5662817320027196,-0.22499999999999998,,,
,,49.25,10.595273625,,,952,0.0,,1763369300.6202722,0.0,0.0,4.0,,,371,371.0,,,2.0,0.4146383966783588,-0.365,,,
,,38.25,10.598236667,,,954,0.0,,1763369300.623334,0.0,0.0,4.0,,,372,372.0,,,2.0,0.375066660741794,-0.475,,,
,,49.5,10.6000425,,,956,0.0,,1763369300.625372,0.0,0.0,4.0,,,373,373.0,,,2.0,0.7541675874764177,-0.2375,,,
,,37.0,10.601782792,,,958,0.0,,1763369300.626854,0.0,0.0,4.0,,,374,374.0,,,2.0,0.5000499975002499,-0.49,,,
,,17.5,10.604886042,,,962,0.0,,1763369300.628973,0.0,0.0,4.0,,,375,375.0,,,4.0,0.8940218118144545,-0.16499999999999992,,,
,,49.5,10.608342584,,,964,0.0,,1763369300.6328409,0.0,0.0,4.0,,,376,376.0,,,2.0,0.7541675874764177,-0.2375,,,
,,38.5,10.61096675,,,966,0.0,,1763369300.635654,0.0,0.0,4.0,,,377,377.0,,,2.0,0.43083494519363214,-0.3475,,,
,,62.25,10.613839209,,,968,0.0,,1763369300.6383739,0.0,0.0,4.0,,,378,378.0,,,2.0,0.7106511098985211,0.015000000000000012,,,
,,0.0,10.616821375,,,972,0.0,,1763369300.6417038,0.0,0.0,4.0,,,379,379.0,,,4.0,0.2165063509461097,-0.845,,,
,,24.75,10.622611959,,,974,0.0,,1763369300.6466079,0.0,0.0,4.0,,,380,380.0,,,2.0,0.4183524232032127,-0.6125,,,
,,26.0,10.625020542,,,976,0.0,,1763369300.6497579,0.0,0.0,4.0,,,381,381.0,,,2.0,0.4373785545725808,-0.6,,,
,,26.0,10.627078084,,,979,0.0,,1763369300.652315,0.0,0.0,4.0,,,382,382.0,,,3.0,0.5690342696182717,-0.33999999999999997,,,
,,36.75,10.632389709,,,981,0.0,,1763369300.6543539,0.0,0.0,4.0,,,383,383.0,,,2.0,0.21650635094610965,-0.615,,,
,,38.0,10.649062917,,,985,0.0,,1763369300.662943,0.0,0.0,4.0,,,384,384.0,,,4.0,0.44104279837675614,-0.20749999999999996,,,
,,24.5,10.657807875,,,987,0.0,,1763369300.679714,0.0,0.0,4.0,,,385,385.0,,,2.0,0.25,-0.74,,,
,,50.75,10.705966125,,,989,0.0,,1763369300.7269871,0.0,0.0,4.0,,,386,386.0,,,2.0,0.42871902220452035,-0.35,,,
,,61.5,10.713189167,,,991,0.0,,1763369300.734805,0.0,0.0,4.0,,,387,387.0,,,2.0,0.4123332996496888,-0.3675,,,
,,25.75,10.720019042,,,995,0.0,,1763369300.741118,0.0,0.0,4.0,,,388,388.0,,,4.0,0.8180579135978088,-0.33249999999999996,,,
,,12.0,10.738482084,,,999,0.0,,1763369300.7520509,0.0,0.0,4.0,,,389,389.0,,,4.0,0.3500267846894006,-0.4725,,,
1.353184461593628,,,12.649569125,,0.023701593279838562,1000,,,1763369302.674463,,,,,,390,,2.8170642852783203,,,,,,,
,0.5003491640090942,,12.684979125,,,1000,,,1763369302.710367,,,,,,391,,,0.351764053106308,,,,-0.15697985887527466,,
,,,12.724416375,,,1000,,2.715649366378784,1763369302.749202,,,,11.832477569580078,,392,,,,,,,,0.7158800363540649,
,,,12.765653625,3.5475661754608154,,1000,,,1763369302.79086,,,,,1.522341251373291,393,,,,,,,,,0.2799169421195984
,,37.5,12.959185792,,,1002,0.0,,1763369302.9837708,0.0,0.0,4.0,,,394,390.0,,,3.0,0.20240738622886267,-0.3475,,,
,,26.5,13.674322459,,,1006,0.0,,1763369303.6979961,0.0,0.0,4.0,,,395,391.0,,,4.0,0.6716537426382734,-0.07249999999999994,,,
,,74.25,13.999169959,,,1008,0.0,,1763369304.02424,0.0,0.0,4.0,,,396,392.0,,,2.0,0.6123724356957945,0.010000000000000007,,,
,,37.75,14.350113917,,,1011,0.0,,1763369304.3755,0.0,0.0,4.0,,,397,393.0,,,3.0,0.4271123973850443,-0.345,,,
,,37.0,14.587107667,,,1013,0.0,,1763369304.612278,0.0,0.0,4.0,,,398,394.0,,,2.0,0.5000499975002499,-0.49,,,
,,39.0,15.118246542,,,1017,0.0,,1763369305.1428201,0.0,0.0,4.0,,,399,395.0,,,4.0,0.5611316690403421,0.30250000000000005,,,
,,61.5,15.362265417,,,1019,0.0,,1763369305.387508,0.0,0.0,4.0,,,400,396.0,,,2.0,0.5579146440092785,-0.2425,,,
,,50.5,15.553928709000001,,,1021,0.0,,1763369305.5782468,0.0,0.0,4.0,,,401,397.0,,,2.0,0.4266365549270245,-0.3525,,,
,,24.5,15.788501042,,,1023,0.0,,1763369305.813809,0.0,0.0,4.0,,,402,398.0,,,2.0,0.25,-0.74,,,
,,49.0,15.988243792,,,1025,0.0,,1763369306.0132601,0.0,0.0,4.0,,,403,399.0,,,2.0,0.3500267846894006,-0.4925,,,
,,49.25,16.231312584,,,1027,0.0,,1763369306.255787,0.0,0.0,4.0,,,404,400.0,,,2.0,0.49751256265545696,-0.4925,,,
,,37.25,16.413028792,,,1029,0.0,,1763369306.438408,0.0,0.0,4.0,,,405,401.0,,,2.0,0.823874231906788,-0.36249999999999993,,,
,,61.5,16.620188792,,,1031,0.0,,1763369306.645686,0.0,0.0,4.0,,,406,402.0,,,2.0,0.5579146440092785,-0.2425,,,
,,24.0,16.940029459,,,1034,0.0,,1763369306.9655318,0.0,0.0,4.0,,,407,403.0,,,3.0,0.21365860619221497,-0.61,,,
,,24.5,17.146937167,,,1036,0.0,,1763369307.171749,0.0,0.0,4.0,,,408,404.0,,,2.0,0.25,-0.74,,,
,,49.5,17.370831167,,,1038,0.0,,1763369307.3963919,0.0,0.0,4.0,,,409,405.0,,,2.0,0.41685579041198406,-0.3625,,,
,,62.0,17.608975334,,,1040,0.0,,1763369307.634431,0.0,0.0,4.0,,,410,406.0,,,2.0,0.7106818908625715,0.012500000000000011,,,
,,63.25,17.806130334,,,1042,0.0,,1763369307.8314571,0.0,0.0,4.0,,,411,407.0,,,2.0,0.4423516700544941,-0.22499999999999998,,,
,,61.5,17.993430709,,,1044,0.0,,1763369308.019016,0.0,0.0,4.0,,,412,408.0,,,2.0,0.5579146440092785,-0.2425,,,
,,26.0,18.162416375,,,1046,0.0,,1763369308.187988,0.0,0.0,4.0,,,413,409.0,,,2.0,0.4373785545725808,-0.6,,,
,,26.0,18.301857417,,,1048,0.0,,1763369308.327174,0.0,0.0,4.0,,,414,410.0,,,2.0,0.4373785545725808,-0.6,,,
,,36.75,18.425352584,,,1050,0.0,,1763369308.451007,0.0,0.0,4.0,,,415,411.0,,,2.0,0.21650635094610965,-0.615,,,
,,36.75,18.5479555,,,1052,0.0,,1763369308.573632,0.0,0.0,4.0,,,416,412.0,,,2.0,0.41081473926820106,-0.6174999999999999,,,
,,49.5,18.681129459,,,1054,0.0,,1763369308.70684,0.0,0.0,4.0,,,417,413.0,,,2.0,0.43453279507995707,-0.2375,,,
,,12.25,18.885389709000002,,,1056,0.0,,1763369308.910881,0.0,0.0,4.0,,,418,414.0,,,2.0,0.21650635094610965,-0.865,,,
,,37.75,19.098375709,,,1059,0.0,,1763369309.123986,0.0,0.0,4.0,,,419,415.0,,,3.0,0.40654028090707073,-0.345,,,
,,49.25,19.233663917,,,1061,0.0,,1763369309.258721,0.0,0.0,4.0,,,420,416.0,,,2.0,0.4146383966783588,-0.365,,,
,,24.75,19.399506,,,1063,0.0,,1763369309.42515,0.0,0.0,4.0,,,421,417.0,,,2.0,0.4183524232032127,-0.6125,,,
,,61.5,19.5345175,,,1065,0.0,,1763369309.560143,0.0,0.0,4.0,,,422,418.0,,,2.0,0.5579146440092785,-0.2425,,,
,,63.25,19.702510917,,,1067,0.0,,1763369309.727953,0.0,0.0,4.0,,,423,419.0,,,2.0,0.711143445445432,0.025000000000000022,,,
,,24.75,19.850001084,,,1069,0.0,,1763369309.875324,0.0,0.0,4.0,,,424,420.0,,,2.0,0.4330127018922193,-0.74,,,
,,37.75,20.062028125,,,1072,0.0,,1763369310.087608,0.0,0.0,4.0,,,425,421.0,,,3.0,0.37155080406318597,-0.47,,,
,,50.75,20.216435834,,,1074,0.0,,1763369310.2415519,0.0,0.0,4.0,,,426,422.0,,,2.0,0.5662817320027196,-0.22499999999999998,,,
,,13.75,20.593147334,,,1079,0.0,,1763369310.6188018,0.0,0.0,4.0,,,427,423.0,,,5.0,0.36444306825620926,-0.44249999999999995,,,
,,36.5,20.799546084,,,1082,0.0,,1763369310.825296,0.0,0.0,4.0,,,428,424.0,,,3.0,0.34651839777997356,-0.485,,,
,,39.75,20.926528959,,,1084,0.0,,1763369310.952301,0.0,0.0,4.0,,,429,425.0,,,2.0,0.44189930979805797,-0.33499999999999996,,,
,,36.25,21.243579084,,,1087,0.0,,1763369311.26718,0.0,0.0,4.0,,,430,426.0,,,3.0,0.0050000000000000044,-0.485,,,
,,37.25,21.49328375,,,1089,0.0,,1763369311.518386,0.0,0.0,4.0,,,431,427.0,,,2.0,0.41910619179391756,-0.36,,,
,,61.5,21.6963405,,,1091,0.0,,1763369311.721688,0.0,0.0,4.0,,,432,428.0,,,2.0,0.5579146440092785,-0.2425,,,
,,38.0,21.978833542,,,1094,0.0,,1763369312.00429,0.0,0.0,4.0,,,433,429.0,,,3.0,0.4604549380775496,-0.21749999999999997,,,
,,49.25,22.115622959,,,1096,0.0,,1763369312.141425,0.0,0.0,4.0,,,434,430.0,,,2.0,0.5448623679425842,-0.365,,,
,,62.25,22.256757417,,,1098,0.0,,1763369312.2824981,0.0,0.0,4.0,,,435,431.0,,,2.0,0.742057949219601,0.14,,,
,,49.25,22.396682834,,,1100,0.0,,1763369312.422425,0.0,0.0,4.0,,,436,432.0,,,2.0,0.6480885356183984,-0.3675,,,
,,49.0,22.536139125,,,1102,0.0,,1763369312.561833,0.0,0.0,4.0,,,437,433.0,,,2.0,0.3500267846894006,-0.4925,,,
,,39.25,22.769800417,,,1105,0.0,,1763369312.795286,0.0,0.0,4.0,,,438,434.0,,,3.0,0.5899576255969576,-0.32999999999999996,,,
,,49.5,22.920327084,,,1107,0.0,,1763369312.945934,0.0,0.0,4.0,,,439,435.0,,,2.0,0.7541675874764177,-0.2375,,,
,,62.5,23.125312834,,,1110,0.0,,1763369313.151118,0.0,0.0,4.0,,,440,436.0,,,3.0,0.5609979946488223,-0.09749999999999998,,,
,,61.25,23.250176584,,,1112,0.0,,1763369313.276028,0.0,0.0,4.0,,,441,437.0,,,2.0,0.4100609710762535,-0.37,,,
,,36.5,23.568648917,,,1116,0.0,,1763369313.594135,0.0,0.0,4.0,,,442,438.0,,,4.0,0.43014532428006236,-0.22499999999999998,,,
,,61.75,23.7338615,,,1118,0.0,,1763369313.75949,0.0,0.0,4.0,,,443,439.0,,,2.0,0.5449082491575991,-0.11499999999999999,,,
,,36.75,23.971314209,,,1121,0.0,,1763369313.996581,0.0,0.0,4.0,,,444,440.0,,,3.0,0.4344752582138596,-0.23249999999999998,,,
,,61.75,24.093627209,,,1123,0.0,,1763369314.119502,0.0,0.0,4.0,,,445,441.0,,,2.0,0.649519052838329,-0.11499999999999999,,,
,,26.25,24.235260834,,,1125,0.0,,1763369314.260993,0.0,0.0,4.0,,,446,442.0,,,2.0,0.5178018443381599,-0.4725,,,
,,61.5,24.39014575,,,1127,0.0,,1763369314.415946,0.0,0.0,4.0,,,447,443.0,,,2.0,0.5579146440092785,-0.2425,,,
,,26.0,24.600194125,,,1130,0.0,,1763369314.62551,0.0,0.0,4.0,,,448,444.0,,,3.0,0.7454361139628264,-0.21499999999999997,,,
,,24.5,24.739448834,,,1132,0.0,,1763369314.7652678,0.0,0.0,4.0,,,449,445.0,,,2.0,0.25,-0.74,,,
,,74.0,24.940629917,,,1134,0.0,,1763369314.965539,0.0,0.0,4.0,,,450,446.0,,,2.0,0.5443057504748594,-0.1175,,,
,,37.0,25.330873667,,,1138,0.0,,1763369315.356134,0.0,0.0,4.0,,,451,447.0,,,4.0,0.26318957046205305,-0.21749999999999997,,,
,,11.75,25.690363959,,,1142,0.0,,1763369315.716053,0.0,0.0,4.0,,,452,448.0,,,4.0,0.2137755832643195,-0.6,,,
,,63.0,25.966448667,,,1144,0.0,,1763369315.991483,0.0,0.0,4.0,,,453,449.0,,,2.0,0.44104279837675614,-0.22749999999999998,,,
,,61.5,26.189761792,,,1146,0.0,,1763369316.21558,0.0,0.0,4.0,,,454,450.0,,,2.0,0.4123332996496888,-0.3675,,,
,,26.0,26.395531917,,,1148,0.0,,1763369316.4212108,0.0,0.0,4.0,,,455,451.0,,,2.0,0.4373785545725808,-0.5999999999999999,,,
,,73.75,26.623017875,,,1150,0.0,,1763369316.648708,0.0,0.0,4.0,,,456,452.0,,,2.0,0.43014532428006236,-0.245,,,
,,50.25,26.899005542,,,1153,0.0,,1763369316.924761,0.0,0.0,4.0,,,457,453.0,,,3.0,0.3753664875824692,0.030000000000000027,,,
,,25.75,27.143399042,,,1156,0.0,,1763369317.169248,0.0,0.0,4.0,,,458,454.0,,,3.0,0.2092844953645635,-0.33999999999999997,,,
,,36.75,27.409287667,,,1159,0.0,,1763369317.4351099,0.0,0.0,4.0,,,459,455.0,,,3.0,0.43880519595829764,-0.22999999999999998,,,
,,61.5,27.653351792,,,1161,0.0,,1763369317.678826,0.0,0.0,4.0,,,460,456.0,,,2.0,0.4123332996496888,-0.3675,,,
,,49.25,27.845050709,,,1163,0.0,,1763369317.870901,0.0,0.0,4.0,,,461,457.0,,,2.0,0.6480885356183984,-0.3675,,,
,,26.75,28.252556334,,,1168,0.0,,1763369318.278495,0.0,0.0,4.0,,,462,458.0,,,5.0,0.044930501889028605,0.06250000000000007,,,
,,49.75,28.383456959,,,1170,0.0,,1763369318.4093618,0.0,0.0,4.0,,,463,459.0,,,2.0,0.8329278180010558,-0.2375,,,
,,12.0,28.576969334,,,1173,0.0,,1763369318.6025898,0.0,0.0,4.0,,,464,460.0,,,3.0,0.2121762239271875,-0.8575,,,
,,49.5,28.735794792,,,1175,0.0,,1763369318.76143,0.0,0.0,4.0,,,465,461.0,,,2.0,0.8321958904008118,-0.24,,,
,,36.25,28.956528209,,,1178,0.0,,1763369318.9824371,0.0,0.0,4.0,,,466,462.0,,,3.0,0.3535887441647429,-0.485,,,
,,61.5,29.277007125,,,1183,0.0,,1763369319.302971,0.0,0.0,4.0,,,468,464.0,,,2.0,0.4316465568031326,-0.2425,,,
,,49.25,29.399288959,,,1185,0.0,,1763369319.425299,0.0,0.0,4.0,,,469,465.0,,,2.0,0.4146383966783588,-0.365,,,
,,36.75,29.699323625,,,1189,0.0,,1763369319.725235,0.0,0.0,4.0,,,470,466.0,,,4.0,1.0313916569373633,-0.22249999999999998,,,
,,24.75,29.85976375,,,1191,0.0,,1763369319.885522,0.0,0.0,4.0,,,471,467.0,,,2.0,0.4183524232032127,-0.6124999999999999,,,
,,61.75,30.056019792,,,1193,0.0,,1763369320.081741,0.0,0.0,4.0,,,472,468.0,,,2.0,0.7429165498223874,-0.11499999999999999,,,
,,49.25,30.20150775,,,1195,0.0,,1763369320.227524,0.0,0.0,4.0,,,473,469.0,,,2.0,0.3535533905932738,-0.49,,,
,,61.5,30.350865584,,,1197,0.0,,1763369320.3765602,0.0,0.0,4.0,,,474,470.0,,,2.0,0.5579146440092785,-0.2425,,,
,,50.75,30.502082834,,,1199,0.0,,1763369320.52791,0.0,0.0,4.0,,,475,471.0,,,2.0,0.5662817320027196,-0.22499999999999998,,,
,,38.25,30.63704475,,,1201,0.0,,1763369320.6630132,0.0,0.0,4.0,,,476,472.0,,,2.0,0.375066660741794,-0.475,,,
,,13.75,30.966969459,,,1206,0.0,,1763369320.992933,0.0,0.0,4.0,,,477,473.0,,,5.0,0.371685350800916,-0.43999999999999995,,,
,,36.25,31.249737167,,,1209,0.0,,1763369321.275578,0.0,0.0,4.0,,,478,474.0,,,3.0,0.21365860619221497,-0.61,,,
,,49.25,31.395618,,,1211,0.0,,1763369321.421206,0.0,0.0,4.0,,,479,475.0,,,2.0,0.3535533905932738,-0.49,,,
,,50.75,31.578370917,,,1213,0.0,,1763369321.604367,0.0,0.0,4.0,,,480,476.0,,,2.0,0.42871902220452035,-0.35,,,
,,50.5,31.757887709,,,1215,0.0,,1763369321.7836301,0.0,0.0,4.0,,,481,477.0,,,2.0,0.4266365549270245,-0.3525,,,
,,49.5,32.353151959,,,1219,0.0,,1763369322.379165,0.0,0.0,4.0,,,482,478.0,,,4.0,0.4350502844499702,-0.21749999999999997,,,
,,49.5,32.507079459,,,1221,0.0,,1763369322.5331159,0.0,0.0,4.0,,,483,479.0,,,2.0,0.75,-0.24,,,
,,14.25,32.766093459,,,1225,0.0,,1763369322.792021,0.0,0.0,4.0,,,484,480.0,,,4.0,0.267149302825218,-0.32249999999999995,,,
,,36.75,32.895030667,,,1227,0.0,,1763369322.9208472,0.0,0.0,4.0,,,485,481.0,,,2.0,0.41081473926820106,-0.6174999999999999,,,
,,49.25,33.055045625,,,1229,0.0,,1763369323.080538,0.0,0.0,4.0,,,486,482.0,,,2.0,0.4146383966783588,-0.365,,,
,,24.5,33.266532834,,,1231,0.0,,1763369323.291899,0.0,0.0,4.0,,,487,483.0,,,2.0,0.25,-0.74,,,
,,61.5,33.419593667,,,1233,0.0,,1763369323.4455192,0.0,0.0,4.0,,,488,484.0,,,2.0,0.41233329964968873,-0.3675,,,
,,50.75,33.556652959,,,1235,0.0,,1763369323.58274,0.0,0.0,4.0,,,489,485.0,,,2.0,0.42871902220452035,-0.35,,,
,,61.5,33.68387775,,,1237,0.0,,1763369323.7096572,0.0,0.0,4.0,,,490,486.0,,,2.0,0.5579146440092785,-0.2425,,,
,,73.75,33.833474917,,,1239,0.0,,1763369323.8595572,0.0,0.0,4.0,,,491,487.0,,,2.0,0.5437370688117558,-0.12,,,
,,61.25,33.98729675,,,1241,0.0,,1763369324.0133271,0.0,0.0,4.0,,,492,488.0,,,2.0,0.4100609710762535,-0.37,,,
,,49.5,34.148465209,,,1243,0.0,,1763369324.1743019,0.0,0.0,4.0,,,493,489.0,,,2.0,0.41685579041198406,-0.3625,,,
,,48.75,34.428064125,,,1246,0.0,,1763369324.4539268,0.0,0.0,4.0,,,494,490.0,,,3.0,0.21365860619221497,-0.36,,,
,,50.5,34.63012825,,,1249,0.0,,1763369324.6561458,0.0,0.0,4.0,,,495,491.0,,,3.0,0.5805331601209357,-0.21749999999999997,,,
,,49.25,34.762706709,,,1251,0.0,,1763369324.788834,0.0,0.0,4.0,,,496,492.0,,,2.0,0.6480885356183984,-0.3675,,,
,,37.0,34.890323709,,,1253,0.0,,1763369324.9164102,0.0,0.0,4.0,,,497,493.0,,,2.0,0.35709767571352236,-0.4875,,,
,,38.25,35.045991417,,,1255,0.0,,1763369325.072056,0.0,0.0,4.0,,,498,494.0,,,2.0,0.375066660741794,-0.475,,,
,,37.0,35.250385834,,,1257,0.0,,1763369325.276271,0.0,0.0,4.0,,,499,495.0,,,2.0,0.6123724356957945,-0.49,,,
,,37.25,35.426797792,,,1259,0.0,,1763369325.45224,0.0,0.0,4.0,,,500,496.0,,,2.0,0.41910619179391756,-0.36,,,
,,25.5,35.610329542,,,1262,0.0,,1763369325.636584,0.0,0.0,4.0,,,501,497.0,,,3.0,0.34770677301427416,-0.47,,,
,,49.5,35.732605625,,,1264,0.0,,1763369325.758811,0.0,0.0,4.0,,,502,498.0,,,2.0,0.8321958904008118,-0.24,,,
,,39.25,35.925078959,,,1267,0.0,,1763369325.9512022,0.0,0.0,4.0,,,503,499.0,,,3.0,0.48210476039964595,-0.20499999999999996,,,
