mean_final_energy,std_episode_reward,episode_length,_runtime,robot_2/q_mean,total_kills_per_episode,total_charges_per_episode,robot_1/q_mean,_timestamp,robot_2/loss,survival_rate,mean_episode_reward,robot_1/q_std,robot_3/q_std,total_immediate_kills_per_episode,total_agent_collisions_per_episode,total_non_home_charges_per_episode,_step,epsilon,robot_0/q_std,robot_2/q_std,episode,robot_3/loss,robot_3/q_mean,global_step,robot_0/loss,robot_1/loss,robot_0/q_mean
37.5,0.8234986338786482,2.0,17.57243282,,0.0,2.0,,1763501268.6311443,,2.0,-0.36,,,0.0,0.0,0.0,0,1.0,,,0.0,,,2,,,
12.5,0.4373428289111415,2.0,17.582002591,,0.0,1.0,,1763501268.6409965,,1.0,-0.7375,,,0.0,0.0,0.0,1,0.995,,,1.0,,,4,,,
25.0,0.41910619179391756,2.0,17.743180387,,0.0,1.0,,1763501268.8023536,,2.0,-0.61,,,0.0,2.0,0.0,7,0.9655206468094844,,,7.0,,,16,,,
38.75,0.43002906878489044,2.0,17.745375136,,0.0,2.0,,1763501268.8047888,,3.0,-0.345,,,0.0,0.0,0.0,8,0.960693043575437,,,8.0,,,18,,,
25.0,0.41910619179391756,2.0,17.746715556,,0.0,1.0,,1763501268.8060367,,2.0,-0.61,,,0.0,1.0,0.0,9,0.9558895783575597,,,9.0,,,20,,,
26.25,0.5178018443381599,2.0,17.775547943,,0.0,2.0,,1763501268.8349383,,2.0,-0.4725,,,0.0,0.0,0.0,27,0.8734200960253871,,,27.0,,,57,,,
12.5,0.4373428289111415,2.0,17.777428809,,0.0,1.0,,1763501268.8368883,,1.0,-0.7375,,,0.0,1.0,0.0,28,0.8690529955452602,,,28.0,,,59,,,
12.5,0.4373428289111415,2.0,17.786460573,,1.0,1.0,,1763501268.8457074,,1.0,-0.7374999999999999,,,0.0,1.0,0.0,33,0.8475428503023453,,,33.0,,,70,,,
25.0,0.41910619179391756,2.0,17.801143947,,0.0,1.0,,1763501268.8605921,,2.0,-0.61,,,0.0,1.0,0.0,41,0.8142285204175609,,,41.0,,,86,,,
13.75,0.45899346400575247,2.0,17.804754183,,0.0,1.0,,1763501268.8641787,,1.0,-0.725,,,0.0,1.0,0.0,43,0.8061065909263957,,,43.0,,,90,,,
12.5,0.4373428289111415,2.0,17.807374975,,0.0,1.0,,1763501268.8668098,,1.0,-0.7375,,,0.0,1.0,0.0,44,0.8020760579717637,,,44.0,,,92,,,
37.5,0.8336815938954151,2.0,17.812360997,,0.0,3.0,,1763501268.8718913,,2.0,-0.235,,,0.0,0.0,0.0,47,0.7901049725470279,,,47.0,,,98,,,
12.5,0.4373428289111415,2.0,17.840143186,,0.0,1.0,,1763501268.8995528,,1.0,-0.7375,,,0.0,1.0,0.0,60,0.7402609576967045,,,60.0,,,124,,,
0.0,0.0,2.0,17.842829067,,0.0,0.0,,1763501268.902238,,0.0,-0.99,,,0.0,0.0,0.0,61,0.736559652908221,,,61.0,,,126,,,
0.0,0.0,2.0,17.849165146,,0.0,0.0,,1763501268.9084234,,0.0,-0.99,,,0.0,0.0,0.0,64,0.7255664080186093,,,64.0,,,132,,,
0.0,0.0,2.0,17.857360224,,0.0,0.0,,1763501268.9167895,,0.0,-0.99,,,0.0,0.0,0.0,67,0.7147372386831305,,,67.0,,,138,,,
12.5,0.22083647796503186,2.0,17.875650488,,0.0,0.0,,1763501268.934956,,1.0,-0.8625,,,0.0,0.0,0.0,74,0.6900935609921609,,,74.0,,,152,,,
12.5,0.22083647796503186,2.0,17.883095656,,0.0,0.0,,1763501268.9424038,,1.0,-0.8624999999999999,,,0.0,0.0,0.0,77,0.6797938283326578,,,77.0,,,158,,,
0.0,0.0,2.0,17.884921357,,0.0,0.0,,1763501268.9444327,,0.0,-0.99,,,0.0,0.0,0.0,78,0.6763948591909945,,,78.0,,,160,,,
25.0,0.41910619179391756,2.0,17.901223624,,0.0,1.0,,1763501268.9605184,,2.0,-0.61,,,0.0,0.0,0.0,85,0.653073201944699,,,85.0,,,174,,,
13.75,0.45899346400575247,2.0,17.908015715,,1.0,1.0,,1763501268.9674108,,1.0,-0.7249999999999999,,,1.0,1.0,0.0,88,0.6433260027715241,,,88.0,,,180,,,
12.5,0.22083647796503186,2.0,17.920550967,,0.0,0.0,,1763501268.979873,,1.0,-0.8625,,,0.0,0.0,0.0,94,0.6242658676435396,,,94.0,,,192,,,
12.5,0.4373428289111415,2.0,17.934232709,,0.0,1.0,,1763501268.9935355,,1.0,-0.7375,,,0.0,0.0,0.0,99,0.6088145090359074,,,99.0,,,202,,,
13.75,0.45899346400575247,2.0,17.951518365,,0.0,1.0,,1763501269.0109367,,1.0,-0.725,,,0.0,0.0,0.0,102,0.5997278763867329,,,102.0,,,208,,,
12.5,0.22083647796503186,2.0,17.957383114,,0.0,0.0,,1763501269.0167356,,1.0,-0.8624999999999999,,,0.0,0.0,0.0,104,0.5937455908197752,,,104.0,,,212,,,
13.75,0.45899346400575247,2.0,17.969694469,,0.0,1.0,,1763501269.0292146,,1.0,-0.725,,,0.0,0.0,0.0,109,0.5790496471185967,,,109.0,,,222,,,
26.25,0.4380282525134652,2.0,17.9991725,,0.0,1.0,,1763501269.0586662,,2.0,-0.5974999999999999,,,0.0,1.0,0.0,120,0.547986285490042,,,120.0,,,244,,,
12.5,0.4373428289111415,2.0,18.011000437,,0.0,1.0,,1763501269.0704956,,1.0,-0.7375,,,0.0,0.0,0.0,124,0.5371084840724134,,,124.0,,,252,,,
38.75,0.8377760739004187,2.0,18.036086594,,0.0,3.0,,1763501269.0954862,,2.0,-0.22249999999999998,,,0.0,0.0,0.0,133,0.5134164023722473,,,133.0,,,270,,,
0.0,0.0,2.0,18.043876916,,0.0,0.0,,1763501269.1033764,,0.0,-0.99,,,0.0,0.0,0.0,136,0.5057535983897912,,,136.0,,,276,,,
13.75,0.45899346400575247,2.0,18.065182193,,0.0,1.0,,1763501269.1244378,,1.0,-0.725,,,0.0,0.0,0.0,143,0.4883155414435353,,,143.0,,,290,,,
0.0,0.0,2.0,18.076799805,,0.0,0.0,,1763501269.136212,,0.0,-0.99,,,0.0,0.0,0.0,147,0.47862223409330756,,,147.0,,,298,,,
26.25,0.4380282525134652,2.0,18.084007277,,0.0,1.0,,1763501269.1435387,,2.0,-0.5974999999999999,,,0.0,0.0,0.0,149,0.4738479773082268,,,149.0,,,302,,,
12.5,0.4373428289111415,2.0,18.086830965,,0.0,1.0,,1763501269.1463592,,1.0,-0.7375,,,0.0,1.0,0.0,150,0.47147873742168567,,,150.0,,,304,,,
0.0,0.0,2.0,18.103713292,,0.0,0.0,,1763501269.1630924,,0.0,-0.99,,,0.0,0.0,0.0,155,0.4598090507939749,,,155.0,,,314,,,
25.0,0.505,2.0,18.111560486,,0.0,2.0,,1763501269.1710205,,2.0,-0.485,,,0.0,1.0,0.0,157,0.45522245551230495,,,157.0,,,318,,,
12.5,0.4373428289111415,2.0,18.134227154,,0.0,1.0,,1763501269.1936028,,1.0,-0.7375,,,0.0,0.0,0.0,162,0.4439551321314536,,,162.0,,,328,,,
13.75,0.45899346400575247,2.0,18.169165721,,0.0,1.0,,1763501269.228408,,1.0,-0.725,,,0.0,1.0,0.0,170,0.42650460709830135,,,170.0,,,344,,,
0.0,0.0,2.0,18.177634602,,0.0,0.0,,1763501269.2369165,,0.0,-0.99,,,0.0,0.0,0.0,172,0.4222502236424958,,,172.0,,,348,,,
26.25,0.4380282525134652,2.0,18.185478589,,0.0,1.0,,1763501269.2448823,,2.0,-0.5974999999999999,,,0.0,0.0,0.0,174,0.4180382776616619,,,174.0,,,352,,,
12.5,0.4373428289111415,2.0,18.207102255,,1.0,1.0,,1763501269.2665515,,1.0,-0.7375,,,0.0,1.0,0.0,180,0.40565285250151817,,,180.0,,,364,,,
0.0,0.0,2.0,18.25524922,,0.0,0.0,,1763501269.3146484,,0.0,-0.99,,,0.0,0.0,0.0,193,0.3800621177172763,,,193.0,,,390,,,
12.5,0.4373428289111415,2.0,18.262972486,,0.0,1.0,,1763501269.3223486,,1.0,-0.7375,,,0.0,0.0,0.0,195,0.37627099809304654,,,195.0,,,394,,,
0.0,0.0,2.0,18.275429135,,0.0,0.0,,1763501269.3348012,,0.0,-0.99,,,0.0,1.0,0.0,198,0.3706551064126331,,,198.0,,,400,,,
0.0,0.0,2.0,18.303998752,,0.0,0.0,,1763501269.3633926,,0.0,-0.99,,,0.0,1.0,0.0,203,0.3614809303671764,,,203.0,,,410,,,
13.75,0.45899346400575247,2.0,18.339052747,,0.0,1.0,,1763501269.3984656,,1.0,-0.725,,,0.0,0.0,0.0,213,0.3438081748424137,,,213.0,,,430,,,
26.25,0.4380282525134652,2.0,18.342897131,,0.0,1.0,,1763501269.402083,,2.0,-0.5974999999999999,,,0.0,1.0,0.0,214,0.3420891339682016,,,214.0,,,432,,,
12.5,0.4373428289111415,2.0,18.346627254,,0.0,1.0,,1763501269.405914,,1.0,-0.7374999999999999,,,0.0,0.0,0.0,215,0.3403786882983606,,,215.0,,,434,,,
13.75,0.45899346400575247,2.0,18.353158802,,0.0,1.0,,1763501269.41247,,1.0,-0.725,,,0.0,0.0,0.0,217,0.33698341088258443,,,217.0,,,438,,,
13.75,0.45899346400575247,2.0,18.383270816,,0.0,1.0,,1763501269.4425962,,1.0,-0.7249999999999999,,,0.0,1.0,0.0,225,0.3237376186352221,,,225.0,,,454,,,
12.5,0.4373428289111415,2.0,18.395049646,,0.0,1.0,,1763501269.4542975,,1.0,-0.7375,,,0.0,1.0,0.0,228,0.31890579420988907,,,228.0,,,460,,,
0.0,0.0,2.0,18.414467442,,0.0,0.0,,1763501269.4739633,,0.0,-0.99,,,0.0,1.0,0.0,233,0.31101247816653554,,,233.0,,,470,,,
0.0,0.0,2.0,18.440419014,,0.0,0.0,,1763501269.4996915,,0.0,-0.99,,,0.0,1.0,0.0,240,0.30028896908517405,,,240.0,,,484,,,
13.75,0.45899346400575247,2.0,18.44413933,,0.0,1.0,,1763501269.503445,,1.0,-0.725,,,0.0,1.0,0.0,241,0.2987875242397482,,,241.0,,,486,,,
0.0,0.0,2.0,18.448548668,,0.0,0.0,,1763501269.5078335,,0.0,-0.99,,,0.0,1.0,0.0,242,0.29729358661854943,,,242.0,,,488,,,
0.0,0.0,2.0,18.473090536,,0.0,0.0,,1763501269.5323803,,0.0,-0.99,,,0.0,1.0,0.0,248,0.2884855236625661,,,248.0,,,500,,,
0.0,0.0,2.0,18.484478085,,0.0,0.0,,1763501269.5437806,,0.0,-0.99,,,0.0,1.0,0.0,251,0.28417984116121187,,,251.0,,,506,,,
12.5,0.22083647796503186,2.0,18.516807932,,1.0,0.0,,1763501269.576086,,1.0,-0.8624999999999999,,,0.0,1.0,0.0,259,0.2730095965279488,,,259.0,,,522,,,
0.0,0.0,2.0,18.541316727999998,,0.0,0.0,,1763501269.600586,,0.0,-0.99,,,0.0,2.0,0.0,265,0.2649210072611673,,,265.0,,,534,,,
0.0,0.0,2.0,18.562024837,,0.0,0.0,,1763501269.621453,,0.0,-0.99,,,0.0,2.0,0.0,270,0.2583638820072446,,,270.0,,,544,,,
13.75,0.45899346400575247,2.0,18.569825516,,0.0,1.0,,1763501269.6290715,,1.0,-0.725,,,0.0,1.0,0.0,272,0.25578670228422234,,,272.0,,,548,,,
0.0,0.0,2.0,18.573386688,,0.0,0.0,,1763501269.6327922,,0.0,-0.99,,,0.0,0.0,0.0,273,0.25450776877280124,,,273.0,,,550,,,
0.0,0.0,2.0,18.577709968,,0.0,0.0,,1763501269.6369874,,0.0,-0.99,,,0.0,1.0,0.0,274,0.2532352299289372,,,274.0,,,552,,,
13.75,0.45899346400575247,2.0,18.600246665,,0.0,1.0,,1763501269.659504,,1.0,-0.725,,,0.0,1.0,0.0,279,0.24696734223472733,,,279.0,,,562,,,
0.0,0.0,2.0,18.61377359,,0.0,0.0,,1763501269.67315,,0.0,-0.99,,,0.0,0.0,0.0,282,0.24328132378095624,,,282.0,,,568,,,
0.0,0.0,2.0,18.618255469,,0.0,0.0,,1763501269.677659,,0.0,-0.99,,,0.0,0.0,0.0,283,0.24206491716205145,,,283.0,,,570,,,
0.0,0.0,2.0,18.655622844,,0.0,0.0,,1763501269.7148383,,0.0,-0.99,,,0.0,1.0,0.0,292,0.231387331601191,,,292.0,,,588,,,
0.0,0.0,2.0,18.707099874,,0.0,0.0,,1763501269.766397,,0.0,-0.99,,,0.0,1.0,0.0,302,0.22007483514733558,,,302.0,,,608,,,
0.0,0.0,2.0,18.767280893,,0.0,0.0,,1763501269.8265605,,0.0,-0.99,,,0.0,1.0,0.0,316,0.20516038984972615,,,316.0,,,636,,,
0.0,0.0,2.0,18.789134349,,0.0,0.0,,1763501269.8484082,,0.0,-0.99,,,0.0,1.0,0.0,321,0.2000824143909432,,,321.0,,,646,,,
0.0,0.0,2.0,18.801006069,,1.0,0.0,,1763501269.8602734,,0.0,-0.99,,,0.0,2.0,0.0,324,0.19709615934585656,,,324.0,,,652,,,
0.0,0.0,2.0,18.814348744,,0.0,0.0,,1763501269.873644,,0.0,-0.99,,,0.0,1.0,0.0,327,0.19415447453059972,,,327.0,,,658,,,
26.25,0.5178018443381599,2.0,18.828285332,,0.0,2.0,,1763501269.8876724,,2.0,-0.4725,,,0.0,0.0,0.0,330,0.1912566947289212,,,330.0,,,664,,,
0.0,0.0,2.0,18.836716824,,1.0,0.0,,1763501269.896006,,0.0,-0.99,,,0.0,1.0,0.0,332,0.18934890919900021,,,332.0,,,668,,,
12.5,0.4373428289111415,2.0,18.857810944,,0.0,1.0,,1763501269.917091,,1.0,-0.7375,,,0.0,1.0,0.0,337,0.1846622876013121,,,337.0,,,678,,,
0.0,0.0,2.0,18.871075082,,0.0,0.0,,1763501269.9303493,,0.0,-0.99,,,0.0,0.0,0.0,340,0.18190617987607657,,,340.0,,,684,,,
0.0,0.0,2.0,18.933733695,,0.0,0.0,,1763501269.993176,,0.0,-0.99,,,0.0,0.0,0.0,353,0.17043057265153258,,,353.0,,,710,,,
40.0,0.4410427983767562,2.0,18.937050851,,0.0,2.0,,1763501269.9963417,,3.0,-0.33249999999999996,,,0.0,0.0,0.0,354,0.16957841978827493,,,354.0,,,712,,,
0.0,0.0,2.0,18.955843865,,0.0,0.0,,1763501270.0151083,,0.0,-0.99,,,0.0,0.0,0.0,358,0.1662122034722543,,,358.0,,,720,,,
26.25,0.5178018443381599,2.0,19.011130709,,0.0,2.0,,1763501270.0703344,,2.0,-0.4725,,,0.0,0.0,0.0,370,0.15650920157696743,,,370.0,,,744,,,
0.0,0.0,2.0,19.0333168,,0.0,0.0,,1763501270.092695,,0.0,-0.99,,,0.0,1.0,0.0,375,0.1526354036900377,,,375.0,,,754,,,
12.5,0.4373428289111415,2.0,19.129378198,,0.0,1.0,,1763501270.1887,,1.0,-0.7375,,,0.0,1.0,0.0,396,0.13738520790976036,,,396.0,,,796,,,
0.0,0.0,2.0,19.138196802,,0.0,0.0,,1763501270.1974409,,0.0,-0.99,,,0.0,1.0,0.0,398,0.13601479046086049,,,398.0,,,800,,,
13.75,0.45899346400575247,2.0,19.177844815,,0.0,1.0,,1763501270.2371843,,1.0,-0.725,,,0.0,1.0,0.0,405,0.1313250884614265,,,405.0,,,814,,,
0.0,0.0,2.0,19.182654092,,0.0,0.0,,1763501270.2419524,,0.0,-0.99,,,0.0,1.0,0.0,406,0.13066846301911936,,,406.0,,,816,,,
0.0,0.0,2.0,19.18633549,,0.0,0.0,,1763501270.2456064,,0.0,-0.99,,,0.0,1.0,0.0,407,0.13001512070402377,,,407.0,,,818,,,
12.5,0.22083647796503186,2.0,19.24693629,,0.0,0.0,,1763501270.3062122,,1.0,-0.8625,,,0.0,0.0,0.0,421,0.12120401149972035,,,421.0,,,846,,,
0.0,0.0,2.0,19.26441759,,0.0,0.0,,1763501270.3237104,,0.0,-0.99,,,0.0,1.0,0.0,425,0.11879805134519765,,,425.0,,,854,,,
0.0,0.0,2.0,19.282726735,,0.0,0.0,,1763501270.3420272,,0.0,-0.99,,,0.0,1.0,0.0,429,0.11643985070121858,,,429.0,,,862,,,
0.0,0.0,2.0,19.287307185,,0.0,0.0,,1763501270.346574,,0.0,-0.99,,,0.0,1.0,0.0,430,0.11585765144771248,,,430.0,,,864,,,
0.0,0.0,2.0,19.337867383,,0.0,0.0,,1763501270.397204,,0.0,-0.99,,,0.0,1.0,0.0,441,0.10964241905397228,,,441.0,,,886,,,
0.0,0.0,2.0,19.349737315,,0.0,0.0,,1763501270.4090276,,0.0,-0.99,,,0.0,1.0,0.0,444,0.10800599224428936,,,444.0,,,892,,,
12.5,0.4373428289111415,2.0,19.362693423,,0.0,1.0,,1763501270.4219744,,1.0,-0.7375,,,0.0,1.0,0.0,447,0.1063939893092943,,,447.0,,,898,,,
0.0,0.0,2.0,19.377077688,,0.0,0.0,,1763501270.4363496,,0.0,-0.99,,,0.0,1.0,0.0,450,0.10480604571960442,,,450.0,,,904,,,
0.0,0.0,2.0,19.4091403,,0.0,0.0,,1763501270.4684498,,0.0,-0.99,,,0.0,1.0,0.0,457,0.10119240105273684,,,457.0,,,918,,,
0.0,0.0,2.0,19.470775321,,0.0,0.0,,1763501270.530084,,0.0,-0.99,,,0.0,1.0,0.0,471,0.0943346041173244,,,471.0,,,946,,,
13.75,0.45899346400575247,2.0,19.475392611,,0.0,1.0,,1763501270.5346355,,1.0,-0.725,,,0.0,1.0,0.0,472,0.09386293109673778,,,472.0,,,948,,,
0.0,0.0,2.0,19.51695857,,0.0,0.0,,1763501270.5762665,,0.0,-0.99,,,0.0,1.0,0.0,481,0.08972259762946533,,,481.0,,,966,,,
0.0,0.0,2.0,19.557138138,,0.0,0.0,,1763501270.6163957,,0.0,-0.99,,,0.0,1.0,0.0,490,0.08576489601717459,,,490.0,,,984,,,
12.5,0.22083647796503186,2.0,19.580155207,,0.0,0.0,,1763501270.6394706,,1.0,-0.8624999999999999,,,0.0,1.0,0.0,495,0.08364210790237678,,,495.0,,,994,,,
0.0,0.0,2.0,19.589929482,,0.0,0.0,,1763501270.6492126,,0.0,-0.99,,,0.0,1.0,0.0,497,0.08280777787605056,,,497.0,,,998,,,
0.0,0.0,2.0,19.912950959,,0.0,0.0,,1763501270.9722579,,0.0,-0.99,,,0.0,1.0,0.0,503,0.08198177029173696,,,499.0,,,1002,,,
38.75,0.8377760739004189,2.0,19.958570259,,0.0,3.0,,1763501271.017798,,2.0,-0.22249999999999998,,,0.0,0.0,0.0,504,0.08157186144027828,,,500.0,,,1004,,,
63.75,0.8294877937619094,2.0,19.996845498,,0.0,5.0,,1763501271.056112,,3.0,0.28,,,0.0,0.0,0.0,505,0.0811640021330769,,,501.0,,,1006,,,
40.0,3.368162518347357,18.0,24.082886543,,0.0,20.0,,1763501275.1417332,,3.0,2.077500000000001,,,0.0,1.0,0.0,515,0.07719590465791494,,,511.0,,,1176,,,
62.5,1.3024088259836077,6.0,26.793983242,,0.0,17.0,,1763501277.852964,,3.0,1.8074999999999997,,,0.0,0.0,0.0,522,0.0745342397963533,,,518.0,,,1293,,,
50.0,2.6596557578002455,13.0,30.172186397,,0.0,22.0,,1763501281.2309594,,3.0,2.377499999999999,,,0.0,1.0,0.0,530,0.0716045256805401,,,526.0,,,1432,,,
43.75,4.598048499091764,26.0,30.804642833,,0.0,63.0,,1763501281.8634334,,3.0,7.569999999999998,,,0.0,1.0,0.0,531,0.0712465030521374,,,527.0,,,1458,,,
75.0,1.3033682326955798,7.0,31.715941429,,0.0,24.0,,1763501282.7748015,,3.0,2.8174999999999994,,,0.0,1.0,0.0,534,0.07018314008827135,,,530.0,,,1494,,,
57.5,3.748969024945392,27.0,34.180853412,,0.0,79.0,,1763501285.2396457,,3.0,9.717499999999998,,,0.0,0.0,0.0,539,0.06844601986126451,,,535.0,,,1594,,,
42.5,6.275867967859109,44.0,35.912414142,,0.0,115.0,,1763501286.9711351,,3.0,14.237499999999994,,,0.0,2.0,0.0,541,0.0677632708131484,,,537.0,,,1666,,,
60.0,4.743866434671196,26.0,37.004068088,,0.0,70.0,,1763501288.0628068,,3.0,8.607500000000002,,,0.0,1.0,0.0,543,0.06708733218678724,,,539.0,,,1712,,,
51.25,1.7182622035067872,12.0,38.63249922,,0.0,39.0,,1763501289.6913483,,3.0,4.504999999999998,,,0.0,0.0,0.0,547,0.06575561514114299,,,543.0,,,1779,,,
75.0,0.8703555308033607,3.0,38.711227182,,0.0,10.0,,1763501289.7701638,,3.0,1.0275,,,0.0,0.0,0.0,548,0.06542683706543727,,,544.0,,,1782,,,
60.0,5.9956666643501775,30.0,39.784414633,,0.0,90.0,,1763501290.843142,,3.0,11.147499999999999,,,0.0,0.0,0.0,550,0.06477420436570952,,,546.0,,,1826,,,
75.0,3.2519253912105675,18.0,41.181819049,,0.0,59.0,,1763501292.240897,,3.0,7.302499999999998,,,0.0,0.0,0.0,553,0.06380744126877576,,,549.0,,,1883,,,
67.5,1.231977576906333,12.0,41.84676981,,0.0,43.0,,1763501292.9056087,,3.0,5.167499999999999,,,0.0,1.0,0.0,555,0.06317096204211972,,,551.0,,,1911,,,
58.75,2.9395450328239585,20.0,43.894873998,,0.0,62.0,,1763501294.9537468,,3.0,7.535,,,0.0,0.0,0.0,559,0.06191698689958447,,,555.0,,,1994,,,
53.75,6.854700941689585,41.0,47.872569927,,0.0,120.0,,1763501298.9313471,,3.0,14.945000000000006,,,0.0,0.0,0.0,567,0.060687903789832374,,,559.0,,,2157,,,
51.25,0.8985683056952319,11.0,48.147277113,,0.0,39.0,,1763501299.2060678,,3.0,4.494999999999998,,,0.0,0.0,0.0,568,0.06038446427088321,,,560.0,,,2168,,,
62.5,4.90624792993587,28.0,49.644377335,,0.0,77.0,,1763501300.7031686,,3.0,9.527499999999996,,,0.0,0.0,0.0,570,0.05978212923978115,,,562.0,,,2230,,,
65.0,4.171722515939909,23.0,50.796035334,,0.0,72.0,,1763501301.8548322,,3.0,8.877499999999998,,,0.0,0.0,0.0,573,0.058889873488111255,,,565.0,,,2279,,,
55.0,2.4551514719055527,18.0,58.849616257,,0.0,60.0,,1763501309.908403,,3.0,7.227499999999999,,,0.0,1.0,0.0,589,0.0543512971290831,,,581.0,,,2611,,,
63.75,12.445201886671034,70.0,61.584985666,,0.0,219.0,,1763501312.6436522,,3.0,27.710000000000008,,,0.0,1.0,0.0,593,0.05327239673939179,,,585.0,,,2729,,,
47.5,1.862597312894016,33.0,63.293418419,,0.0,113.0,,1763501314.3518443,,3.0,13.927499999999998,,,0.0,1.0,0.0,595,0.052741004581916356,,,587.0,,,2800,,,
,,,68.163960884,,,,,1763501319.222806,,,,,,,,,601,,0.5595993995666504,,,,,3000,0.0049646939150989056,,0.321939617395401
68.75,2.298135113521397,32.0,73.151000244,,0.0,118.0,,1763501324.209637,,3.0,14.754999999999997,,,0.0,1.0,0.0,612,0.0494138221100385,,,600.0,,,3207,,,
68.75,1.025390169642756,15.0,73.788519471,,0.0,56.0,,1763501324.8464887,,3.0,6.834999999999999,,,0.0,0.0,0.0,614,0.04892091923449087,,,602.0,,,3234,,,
42.5,7.615216264164796,36.0,81.59555159,,0.0,78.0,,1763501332.6543267,,3.0,9.532499999999999,,,0.0,2.0,0.0,627,0.04583472801998072,,,615.0,,,3564,,,
50.0,6.508937605323928,37.0,84.216194341,,0.0,94.0,,1763501335.2746437,,3.0,11.617499999999998,,,0.0,0.0,0.0,630,0.0451506389749415,,,618.0,,,3677,,,
,,,89.755391467,,,,,1763501340.814258,,,,,,,,,636,,0.6836546659469604,,,,,4000,0.004957525059580803,,0.5181275606155396
,,,89.773547079,,,,,1763501340.832775,,,,,1.0445971488952637,,,,639,,,,,0.014705275185406208,1.6996057033538818,4000,,,
43.75,9.885414761151914,48.0,89.91562723,,1.0,132.0,,1763501340.974642,,3.0,16.415000000000013,,,1.0,2.0,0.0,640,0.043812938841152796,,,624.0,,,4007,,,
75.0,0.8703555308033607,10.0,92.23642964,,0.0,38.0,,1763501343.2952528,,3.0,4.597499999999999,,,0.0,0.0,0.0,647,0.04230229704853423,,,631.0,,,4106,,,
73.75,2.0628681489615373,21.0,93.958886306,,0.0,74.0,,1763501345.0180023,,3.0,9.195,,,0.0,0.0,0.0,650,0.041670929977297724,,,634.0,,,4244,,,
62.5,1.891102522339812,13.0,98.396623601,,0.0,41.0,,1763501349.4556956,,3.0,4.877499999999999,,,0.0,0.0,0.0,664,0.03884689602888724,,,648.0,,,4670,,,
,,,101.790687274,,,,,1763501352.8499894,,,,,,,,,671,,0.8419582843780518,,,,,5000,0.0019113791640847921,,1.1141380071640015
63.75,0.8294877937619095,4.0,103.708449383,,0.0,13.0,,1763501354.767689,,3.0,1.3,,,0.0,1.0,0.0,680,0.03657912327863173,,,660.0,,,5184,,,
46.25,14.53731147771142,73.0,108.378569297,,0.0,157.0,,1763501359.4373724,,3.0,19.815,,,0.0,0.0,0.0,684,0.03585300941485119,,,664.0,,,5407,,,
48.75,4.533602320451144,25.0,113.3860428,,0.0,65.0,,1763501364.4447336,,3.0,7.859999999999998,,,0.0,1.0,0.0,689,0.03496560272750046,,,669.0,,,5624,,,
63.75,5.2175712740699565,24.0,117.062417643,,0.0,71.0,,1763501368.1212897,,3.0,8.749999999999998,,,0.0,0.0,0.0,692,0.034443736736092176,,,672.0,,,5752,,,
,,,123.544182344,,,,,1763501374.6030364,,,,,,,,,698,,0.8962815403938293,,,,,6000,0.0008160022553056479,,1.745652437210083
,,,123.556867279,1.7184226512908936,,,,1763501374.6160917,0.006222479976713657,,,,,,,,700,,,1.3057794570922852,,,,6000,,,
70.0,3.5952772841604403,81.0,124.247376354,,0.0,304.0,,1763501375.306166,,3.0,38.50750000000003,,,0.0,1.0,0.0,702,0.033423255248208356,,,678.0,,,6029,,,
62.5,4.8937479246483315,68.0,125.932966096,,0.0,234.0,,1763501376.9917014,,3.0,29.552500000000038,,,0.0,0.0,0.0,703,0.03325613897196732,,,679.0,,,6097,,,
70.0,3.0366130392264346,31.0,129.460512545,,0.0,108.0,,1763501380.5192084,,3.0,13.507499999999997,,,0.0,0.0,0.0,707,0.032595988006089364,,,683.0,,,6245,,,
62.5,6.012696462486696,33.0,131.669671801,,0.0,87.0,,1763501382.7284162,,3.0,10.827499999999997,,,0.0,1.0,0.0,709,0.03227084302572862,,,685.0,,,6333,,,
75.0,3.0354190402644567,12.0,142.116283659,,0.0,36.0,,1763501393.1750112,,3.0,4.367499999999999,,,0.0,0.0,0.0,721,0.03038696179137978,,,697.0,,,6766,,,
62.5,7.243360321701527,35.0,145.278942907,,0.0,82.0,,1763501396.3376317,,3.0,10.2225,,,0.0,1.0,0.0,725,0.029783765425331846,,,701.0,,,6898,,,
,,,147.742189622,2.63718318939209,,,,1763501398.8014894,0.006088001653552055,,,,,,,,729,,,1.0744128227233887,,,,7000,,,
,,,147.747764631,,,,,1763501398.807105,,,,,1.271574854850769,,,,730,,,,,0.048091042786836624,3.2771549224853516,7000,,,
,,,171.839956152,2.6954760551452637,,,,1763501422.8991537,0.0060495175421237946,,,,,,,,750,,,1.5334904193878174,,,,8000,,,
60.0,6.408823507477798,36.0,179.148088618,,0.0,97.0,,1763501430.2066753,,3.0,12.082499999999996,,,0.0,1.0,0.0,757,0.026407880170317945,,,725.0,,,8306,,,
62.5,3.680355791224545,41.0,184.528252536,,0.0,144.0,,1763501435.586993,,3.0,18.032500000000006,,,0.0,0.0,0.0,762,0.025754252208694463,,,730.0,,,8530,,,
75.0,8.594839658190237,75.0,189.294507867,,0.0,261.0,,1763501440.353231,,3.0,33.12250000000003,,,0.0,1.0,0.0,767,0.025116802354115567,,,735.0,,,8730,,,
,,,195.789034016,,,,,1763501446.8478265,,,,,,,,,771,,1.6493290662765503,,,,,9000,0.023099936544895172,,2.7492847442626953
,,,195.802036503,3.4805989265441895,,,,1763501446.8612084,0.009382078424096107,,,,,,,,773,,,1.4024648666381836,,,,9000,,,
,,,195.80858325,,,,,1763501446.8677404,,,,,1.6571000814437866,,,,774,,,,,0.006304066628217697,3.9349522590637207,9000,,,
75.0,10.326483852212242,46.0,196.058110908,,0.0,137.0,,1763501447.117098,,3.0,17.332500000000017,,,0.0,0.0,0.0,775,0.024618221284683196,,,739.0,,,9011,,,
75.0,1.0868618817494697,11.0,201.032924273,,0.0,41.0,,1763501452.0918446,,3.0,4.982499999999999,,,0.0,0.0,0.0,780,0.024008889611965685,,,744.0,,,9220,,,
51.25,3.284897258667309,23.0,207.505869497,,0.0,76.0,,1763501458.5647,,3.0,9.239999999999997,,,0.0,0.0,0.0,788,0.023065173234186005,,,752.0,,,9481,,,
68.75,0.8581520844232675,23.0,208.093526306,,0.0,88.0,,1763501459.1524081,,3.0,10.915,,,0.0,0.0,0.0,789,0.022949847368015076,,,753.0,,,9504,,,
,,,220.297098817,,,,,1763501471.3563042,,,,,1.9138586521148682,,,,797,,,,,0.003119880799204111,4.142857551574707,10000,,,
75.0,2.818912689318347,64.0,231.654808291,,0.0,245.0,,1763501482.7136462,,3.0,31.012500000000045,,,0.0,1.0,0.0,806,0.021502049198442223,,,766.0,,,10457,,,
68.75,11.518416774887081,187.0,240.651401833,,0.0,686.0,,1763501491.7100031,,3.0,87.30500000000023,,,0.0,0.0,0.0,809,0.021181128426399323,,,769.0,,,10825,,,
,,,244.900721295,,,,3.9618732929229736,1763501495.9598591,,,,2.069654941558838,,,,,815,,,,,,,11000,,0.10412034392356873,
62.5,7.322313073749305,33.0,254.720674423,,0.0,81.0,,1763501505.779469,,3.0,10.077499999999997,,,0.0,0.0,0.0,823,0.020145585821044927,,,779.0,,,11374,,,
,,,272.169703571,,,,,1763501523.2285585,,,,,,,,,830,,2.219912528991699,,,,,12000,0.0039910441264510155,,3.611563205718994
47.5,4.480431759328585,147.0,287.141198115,,0.0,539.0,,1763501538.1999385,,3.0,68.31750000000002,,,0.0,0.0,0.0,839,0.018969543067746772,,,791.0,,,12534,,,
61.25,5.875195741420028,34.0,288.585840505,,0.0,103.0,,1763501539.6445584,,3.0,12.825,,,0.0,0.0,0.0,841,0.018780321875645996,,,793.0,,,12588,,,
,,,300.111282084,,,,,1763501551.1701837,,,,,,,,,846,,2.091568946838379,,,,,13000,0.003219833131879568,,4.48879861831665
60.0,8.276504017397698,54.0,326.104124078,,0.0,172.0,,1763501577.1627946,,3.0,21.637500000000014,,,0.0,0.0,0.0,863,0.017160047465104442,,,811.0,,,13964,,,
,,,326.961813472,,,,5.110710144042969,1763501578.0209563,,,,2.5300965309143066,,,,,865,,,,,,,14000,,0.24307937920093536,
75.0,5.451492341552002,45.0,335.303796801,,0.0,153.0,,1763501586.3624878,,3.0,19.322500000000012,,,0.0,0.0,0.0,872,0.016735314893855303,,,816.0,,,14344,,,
62.5,19.059086251706773,117.0,344.527801151,,0.0,306.0,,1763501595.5864973,,3.0,39.042500000000054,,,0.0,2.0,0.0,876,0.0164031105360144,,,820.0,,,14730,,,
,,,351.092844991,,,,,1763501602.151656,,,,,,,,,880,,3.0416407585144043,,,,,15000,0.0027494425885379314,,4.131591796875
,,,351.105801937,4.74904727935791,,,,1763501602.1650026,0.02214318886399269,,,,,,,,882,,,2.964879035949707,,,,15000,,,
66.25,8.647112234729004,39.0,373.240143926,,0.0,114.0,,1763501624.2987208,,3.0,14.300000000000004,,,0.0,0.0,0.0,893,0.015368315270123408,,,833.0,,,15809,,,
75.0,25.702091719352307,118.0,376.13461285,,0.0,350.0,,1763501627.1934457,,3.0,44.67749999999995,,,0.0,0.0,0.0,894,0.01529147369377279,,,834.0,,,15927,,,
62.5,7.006872965167841,28.0,379.14931172,,0.0,57.0,,1763501630.2080836,,3.0,7.027499999999998,,,0.0,0.0,0.0,900,0.015138941243677408,,,836.0,,,16051,,,
,,,398.145022392,6.328426361083984,,,,1763501649.2043366,0.022523239254951477,,,,,,,,916,,,2.793074369430542,,,,17000,,,
43.75,65.22822567723279,306.0,401.298066805,,0.0,900.0,,1763501652.3566186,,3.0,114.99500000000012,,,0.0,0.0,0.0,918,0.014112977003416188,,,850.0,,,17132,,,
67.5,1.4418802828251729,5.0,403.081921326,,0.0,14.0,,1763501654.1411476,,3.0,1.4725,,,0.0,0.0,0.0,921,0.013902339057518077,,,853.0,,,17241,,,
70.0,2.22621174868879,9.0,403.1888269,,0.0,25.0,,1763501654.247986,,3.0,2.9125,,,0.0,0.0,0.0,922,0.013832827362230486,,,854.0,,,17250,,,
70.0,9.043769609515737,72.0,409.671403315,,0.0,239.0,,1763501660.7300951,,3.0,30.292500000000025,,,0.0,1.0,0.0,930,0.013289101019874787,,,862.0,,,17570,,,
75.0,15.978423537696075,74.0,412.631152464,,0.0,215.0,,1763501663.6898913,,3.0,27.3625,,,0.0,2.0,0.0,932,0.013156542237201536,,,864.0,,,17691,,,
62.5,30.790623877245505,145.0,420.16887041,,0.0,420.0,,1763501671.2277277,,3.0,53.57250000000003,,,0.0,0.0,0.0,938,0.01302530572838545,,,866.0,,,18006,,,
72.5,3.5334853544340605,15.0,427.596327306,,0.0,43.0,,1763501678.654995,,3.0,5.2475000000000005,,,0.0,0.0,0.0,941,0.01283090141222608,,,869.0,,,18287,,,
50.0,30.869341890458266,144.0,431.045701143,,0.0,295.0,,1763501682.1045904,,3.0,37.81250000000001,,,0.0,1.0,0.0,942,0.012766746905164949,,,870.0,,,18431,,,
,,,444.782640303,,,,,1763501695.841583,,,,,,,,,948,,3.393141508102417,,,,,19000,0.003459296189248562,,6.392561912536621
75.0,13.717917799360096,62.0,455.427627045,,0.0,184.0,,1763501706.4864357,,3.0,23.367500000000035,,,0.0,2.0,0.0,956,0.012142582314594924,,,880.0,,,19439,,,
,,,469.073892815,,,,7.848625183105469,1763501720.1330943,,,,3.6614506244659424,,,,,965,,,,,,,20000,,0.10733544081449509,
50.0,63.280575761840396,292.0,482.260725265,,0.0,539.0,,1763501733.3193312,,3.0,69.79250000000017,,,0.0,2.0,0.0,974,0.011319680961146208,,,894.0,,,20549,,,
62.5,35.53925672759633,159.0,490.757476744,,0.0,357.0,,1763501741.8160312,,3.0,45.837500000000105,,,0.0,0.0,0.0,977,0.011150733307840981,,,897.0,,,20899,,,
,,,493.251840212,,,,,1763501744.3106947,,,,,,,,,980,,3.638721227645874,,,,,21000,0.005123191513121128,,6.686166286468506
,,,493.257022422,,,,8.398725509643555,1763501744.3161736,,,,3.8924124240875244,,,,,981,,,,,,,21000,,2.9898910522460938,
50.0,13.048994932560912,65.0,496.68859574,,0.0,178.0,,1763501747.7475164,,3.0,22.397500000000022,,,0.0,0.0,0.0,985,0.010929385683282892,,,901.0,,,21126,,,
37.5,27.21477115005746,148.0,500.26509119,,0.0,279.0,,1763501751.3237126,,3.0,35.72750000000005,,,0.0,0.0,0.0,986,0.010874738754866477,,,902.0,,,21274,,,
62.5,14.210076310491804,68.0,513.510497856,,0.0,177.0,,1763501764.5692694,,3.0,22.42750000000003,,,0.0,0.0,0.0,992,0.010552547534153616,,,908.0,,,21816,,,
75.0,6.430592410501538,28.0,515.472856728,,0.0,83.0,,1763501766.5316317,,3.0,10.402499999999996,,,0.0,0.0,0.0,994,0.010447285872500434,,,910.0,,,21895,,,
75.0,12.778204832839402,58.0,516.926072055,,0.0,171.0,,1763501767.9848964,,3.0,21.702500000000015,,,0.0,1.0,0.0,995,0.01039504944313793,,,911.0,,,21953,,,
,,,518.120767786,,,,8.18261432647705,1763501769.179966,,,,5.053750038146973,,,,,997,,,,,,,22000,,5.831981658935547,
62.5,14.488228627061371,65.0,518.539500145,,0.0,149.0,,1763501769.5983698,,3.0,18.897500000000015,,,0.0,0.0,0.0,1000,0.010343074195922241,,,912.0,,,22018,,,
62.5,27.18526749454562,132.0,527.292542408,,0.0,365.0,,1763501778.351178,,3.0,46.56749999999996,,,0.0,0.0,0.0,1004,0.010137759008060509,,,916.0,,,22373,,,
62.5,31.43485356654301,154.0,547.106878504,,0.0,420.0,,1763501798.1656656,,3.0,53.66250000000002,,,0.0,1.0,0.0,1015,0.01,,,923.0,,,23176,,,
62.5,6.140135890190053,29.0,553.055786472,,0.0,69.0,,1763501804.1144114,,3.0,8.5375,,,0.0,1.0,0.0,1020,0.01,,,928.0,,,23421,,,
,,,567.476370451,,,,7.363476276397705,1763501818.5354424,,,,6.269200801849365,,,,,1031,,,,,,,24000,,0.3169108033180237,
75.0,8.239160682375363,37.0,569.410603927,,0.0,108.0,,1763501820.469393,,3.0,13.617500000000003,,,0.0,1.0,0.0,1035,0.01,,,939.0,,,24081,,,
75.0,5.781437429394179,25.0,570.645804763,,0.0,74.0,,1763501821.7046287,,3.0,9.247499999999999,,,0.0,0.0,0.0,1038,0.01,,,942.0,,,24132,,,
70.0,45.59031990181702,210.0,584.909894226,,0.0,626.0,,1763501835.968517,,3.0,80.04750000000024,,,0.0,1.0,0.0,1040,0.01,,,944.0,,,24683,,,
58.75,18.73368423455462,82.0,586.962046864,,0.0,172.0,,1763501838.0207973,,3.0,21.905,,,0.0,0.0,0.0,1041,0.01,,,945.0,,,24765,,,
73.75,16.776335267274558,79.0,588.91905396,,0.0,226.0,,1763501839.977748,,3.0,28.775000000000006,,,0.0,0.0,0.0,1042,0.01,,,946.0,,,24844,,,
75.0,6.646993211219639,29.0,594.503458804,,0.0,86.0,,1763501845.562221,,3.0,10.787499999999998,,,0.0,0.0,0.0,1050,0.01,,,950.0,,,25046,,,
62.5,23.43133625617625,97.0,603.513957345,,0.0,204.0,,1763501854.5728147,,3.0,26.092499999999983,,,0.0,0.0,0.0,1053,0.01,,,953.0,,,25412,,,
50.0,20.765988268079123,98.0,613.111184281,,0.0,283.0,,1763501864.1699584,,3.0,35.85249999999999,,,0.0,1.0,0.0,1058,0.01,,,958.0,,,25803,,,
43.75,20.547662275791893,123.0,616.056860198,,0.0,222.0,,1763501867.115631,,3.0,28.41500000000006,,,0.0,4.0,0.0,1059,0.01,,,959.0,,,25926,,,
62.5,5.3380725688210715,25.0,620.220786921,,0.0,71.0,,1763501871.279561,,3.0,8.747499999999999,,,0.0,0.0,0.0,1068,0.01,,,964.0,,,26099,,,
62.5,8.129499907743401,31.0,629.984950388,,0.0,62.0,,1763501881.0436609,,3.0,7.682499999999998,,,0.0,0.0,0.0,1076,0.01,,,972.0,,,26505,,,
57.5,9.588587943487822,38.0,634.694543396,,0.0,74.0,,1763501885.753261,,3.0,9.202500000000002,,,0.0,0.0,0.0,1082,0.01,,,978.0,,,26698,,,
51.25,0.9682071059437645,3.0,634.768687871,,0.0,5.0,,1763501885.8276632,,3.0,0.16500000000000004,,,0.0,1.0,0.0,1083,0.01,,,979.0,,,26701,,,
,,,642.100169876,,,,,1763501893.1590478,,,,,,,,,1087,,5.396832466125488,,,,,27000,0.003070142585784197,,7.654447555541992
51.25,20.428608616349777,94.0,644.002279613,,0.0,200.0,,1763501895.0609586,,3.0,25.450000000000003,,,0.0,0.0,0.0,1091,0.01,,,983.0,,,27078,,,
62.5,67.58143249998477,333.0,652.32077918,,0.0,904.0,,1763501903.3795078,,3.0,115.95250000000016,,,0.0,2.0,0.0,1093,0.01,,,985.0,,,27423,,,
62.5,34.94490333009957,166.0,664.790399413,,0.0,393.0,,1763501915.8491733,,3.0,50.407500000000006,,,0.0,0.0,0.0,1099,0.01,,,991.0,,,27939,,,
,,,666.28528163,10.45489501953125,,,,1763501917.3445132,0.039095498621463776,,,,,,,,1103,,,4.469101905822754,,,,28000,,,
52.5,15.134588489615444,72.0,668.185395914,,0.0,209.0,,1763501919.244048,,3.0,26.367500000000014,,,0.0,0.0,0.0,1106,0.01,,,994.0,,,28077,,,
50.0,53.43934663475987,261.0,674.484273851,,0.0,718.0,,1763501925.5432339,,3.0,91.85750000000036,,,0.0,2.0,0.0,1107,0.01,,,995.0,,,28338,,,
50.0,21.825072021645155,119.0,689.374405603,,0.0,239.0,,1763501940.4331229,,3.0,30.562499999999996,,,0.0,0.0,0.0,1114,0.01,,,1002.0,,,28942,,,
,,,690.771733766,,,,,1763501941.8306437,,,,,,,,,1115,,4.799063205718994,,,,,29000,0.0020316122099757195,,9.702856063842773
,,,690.791073941,,,,,1763501941.8502824,,,,,11.167181968688965,,,,1118,,,,,77.81919860839844,15.213968276977539,29000,,,
62.5,6.757219750015533,26.0,704.537944077,,0.0,51.0,,1763501955.5966568,,3.0,6.257499999999999,,,0.0,0.0,0.0,1125,0.01,,,1009.0,,,29606,,,
,,,712.296708369,,,,15.83768081665039,1763501963.355889,,,,14.68531322479248,,,,,1133,,,,,,,30000,,55.95767593383789,
62.5,15.754523755099692,62.0,713.434179976,,0.0,123.0,,1763501964.4930232,,3.0,15.617500000000014,,,0.0,0.0,0.0,1136,0.01,,,1016.0,,,30047,,,
58.75,52.845774902067795,213.0,722.267824385,,0.0,420.0,,1763501973.3265386,,3.0,54.215000000000174,,,0.0,2.0,0.0,1139,0.01,,,1019.0,,,30464,,,
62.5,1.8861385818650758,6.0,726.960134991,,0.0,12.0,,1763501978.0188997,,3.0,1.1824999999999997,,,0.0,0.0,0.0,1145,0.01,,,1025.0,,,30656,,,
62.5,6.87986327989154,26.0,737.035092374,,0.0,52.0,,1763501988.0939822,,3.0,6.3824999999999985,,,0.0,0.0,0.0,1164,0.01,,,1040.0,,,31084,,,
62.5,20.631317668777257,82.0,738.059140815,,0.0,162.0,,1763501989.1180305,,3.0,20.69250000000002,,,0.0,1.0,0.0,1165,0.01,,,1041.0,,,31166,,,
75.0,25.13647785092412,116.0,747.417843452,,0.0,342.0,,1763501998.476601,,3.0,43.65749999999996,,,0.0,1.0,0.0,1172,0.01,,,1048.0,,,31708,,,
62.5,15.37855710884479,60.0,748.862540951,,0.0,120.0,,1763501999.921318,,3.0,15.222500000000021,,,0.0,0.0,0.0,1173,0.01,,,1049.0,,,31768,,,
,,,753.879872746,11.406455993652344,,,,1763502004.939126,0.023423656821250916,,,,,,,,1181,,,5.438507080078125,,,,32000,,,
70.0,6.428239941850336,29.0,758.001840598,,0.0,83.0,,1763502009.0605483,,3.0,10.362500000000002,,,0.0,1.0,0.0,1186,0.01,,,1058.0,,,32215,,,
65.0,1.025070119552804,3.0,758.122233841,,0.0,8.0,,1763502009.181337,,3.0,0.6775,,,0.0,1.0,0.0,1188,0.01,,,1060.0,,,32222,,,
53.75,15.918858313333926,63.0,773.845886924,,0.0,125.0,,1763502024.9047468,,3.0,15.790000000000019,,,0.0,0.0,0.0,1197,0.01,,,1069.0,,,32930,,,
,,,775.580210357,,,,,1763502026.639054,,,,,,,,,1198,,3.565040111541748,,,,,33000,0.01124865747988224,,12.520336151123047
,,,801.103682749,,,,15.121369361877441,1763502052.1629872,,,,18.61979103088379,,,,,1213,,,,,,,34000,,9.861995697021484,
,,,801.116349417,,,,,1763502052.1755998,,,,,18.47574234008789,,,,1215,,,,,370.8470153808594,23.611003875732422,34000,,,
75.0,11.790834098994022,54.0,809.375465819,,0.0,157.0,,1763502060.4342875,,3.0,19.912500000000012,,,0.0,1.0,0.0,1222,0.01,,,1086.0,,,34345,,,
70.0,8.825872124045311,40.0,810.968831153,,0.0,116.0,,1763502062.0274742,,3.0,14.597500000000007,,,0.0,0.0,0.0,1226,0.01,,,1090.0,,,34433,,,
61.25,1.515066005162819,44.0,814.597067464,,0.0,167.0,,1763502065.65572,,3.0,20.925000000000008,,,0.0,0.0,0.0,1230,0.01,,,1094.0,,,34553,,,
62.5,2.073648656354301,9.0,817.603496717,,0.0,24.0,,1763502068.6623,,3.0,2.7124999999999995,,,0.0,0.0,0.0,1232,0.01,,,1096.0,,,34651,,,
62.5,7.821685799749312,37.0,819.310582406,,0.0,105.0,,1763502070.369254,,3.0,13.117500000000007,,,0.0,0.0,0.0,1234,0.01,,,1098.0,,,34706,,,
62.5,5.880265193849677,22.0,829.284892556,,0.0,44.0,,1763502080.3437762,,3.0,5.342499999999999,,,0.0,0.0,0.0,1245,0.01,,,1105.0,,,35034,,,
62.5,0.8958341085267963,2.0,829.537758775,,0.0,4.0,,1763502080.5967083,,3.0,0.14250000000000002,,,0.0,0.0,0.0,1249,0.01,,,1109.0,,,35042,,,
62.5,0.8958341085267963,2.0,829.603100759,,0.0,4.0,,1763502080.661985,,3.0,0.14250000000000002,,,0.0,0.0,0.0,1250,0.01,,,1110.0,,,35044,,,
62.5,4.010457424035318,15.0,830.20413658,,0.0,29.0,,1763502081.262805,,3.0,3.3975,,,0.0,1.0,0.0,1253,0.01,,,1113.0,,,35063,,,
62.5,6.38004849119503,24.0,830.931763254,,0.0,48.0,,1763502081.990491,,3.0,5.862499999999998,,,0.0,0.0,0.0,1254,0.01,,,1114.0,,,35087,,,
62.5,1.6374580147289273,5.0,832.495649803,,0.0,10.0,,1763502083.554447,,3.0,0.9224999999999999,,,0.0,0.0,0.0,1266,0.01,,,1126.0,,,35137,,,
37.5,26.808511125200575,190.0,840.212261993,,0.0,315.0,,1763502091.2709737,,3.0,40.647500000000136,,,0.0,1.0,0.0,1270,0.01,,,1130.0,,,35421,,,
66.25,1.6370858254838083,54.0,841.521944889,,0.0,208.0,,1763502092.5806046,,3.0,26.200000000000028,,,0.0,0.0,0.0,1271,0.01,,,1131.0,,,35475,,,
62.5,0.8958341085267963,2.0,850.355020155,,0.0,4.0,,1763502101.4139404,,3.0,0.14250000000000002,,,0.0,0.0,0.0,1276,0.01,,,1136.0,,,35838,,,
75.0,23.18938375097533,109.0,862.202622573,,0.0,315.0,,1763502113.2611578,,3.0,40.21249999999995,,,0.0,1.0,0.0,1291,0.01,,,1147.0,,,36315,,,
75.0,0.8703555308033607,2.0,873.764239636,,0.0,6.0,,1763502124.8232687,,3.0,0.5175000000000001,,,0.0,1.0,0.0,1298,0.01,,,1154.0,,,36787,,,
75.0,0.8703555308033607,2.0,873.81774543,,0.0,6.0,,1763502124.8767943,,3.0,0.5175000000000001,,,0.0,1.0,0.0,1299,0.01,,,1155.0,,,36789,,,
75.0,0.8703555308033607,2.0,874.140343708,,0.0,6.0,,1763502125.199184,,3.0,0.5175000000000001,,,0.0,1.0,0.0,1305,0.01,,,1161.0,,,36801,,,
68.75,1.6566683433928469,6.0,882.426625618,,0.0,17.0,,1763502133.4855826,,3.0,1.8699999999999999,,,0.0,0.0,0.0,1317,0.01,,,1169.0,,,37132,,,
62.5,12.51908617871129,62.0,884.150150361,,0.0,171.0,,1763502135.208824,,3.0,21.617500000000007,,,0.0,0.0,0.0,1319,0.01,,,1171.0,,,37200,,,
67.5,1.4418802828251729,5.0,886.057062781,,0.0,14.0,,1763502137.115938,,3.0,1.4725,,,0.0,1.0,0.0,1324,0.01,,,1176.0,,,37278,,,
60.0,14.178258664236601,69.0,892.399581596,,0.0,189.0,,1763502143.4582396,,3.0,23.912500000000016,,,0.0,5.0,0.0,1328,0.01,,,1180.0,,,37535,,,
62.5,29.90478671968759,153.0,904.66762595,,0.0,390.0,,1763502155.7262948,,3.0,49.902500000000025,,,0.0,5.0,0.0,1339,0.01,,,1187.0,,,38039,,,
75.0,10.40264479591609,47.0,905.805435726,,0.0,138.0,,1763502156.8640387,,3.0,17.467500000000015,,,0.0,0.0,0.0,1340,0.01,,,1188.0,,,38086,,,
67.5,1.4418802828251729,5.0,915.43074649,,0.0,14.0,,1763502166.4897604,,3.0,1.4725,,,0.0,1.0,0.0,1349,0.01,,,1197.0,,,38482,,,
63.75,0.8294877937619094,2.0,915.734203256,,0.0,5.0,,1763502166.7932942,,3.0,0.28,,,0.0,1.0,0.0,1353,0.01,,,1201.0,,,38495,,,
75.0,5.565071315805395,24.0,922.180683091,,0.0,71.0,,1763502173.2393544,,3.0,8.862499999999997,,,0.0,0.0,0.0,1363,0.01,,,1211.0,,,38758,,,
52.5,36.04430632915557,167.0,928.08295813,,0.0,495.0,,1763502179.1416261,,3.0,63.0675000000001,,,0.0,0.0,0.0,1365,0.01,,,1213.0,,,38999,,,
,,,928.118957227,,,,,1763502179.1780925,,,,,,,,,1366,,4.74288272857666,,,,,39000,0.03409286215901375,,13.744560241699219
55.0,29.025553719955386,225.0,933.599319394,,0.0,717.0,,1763502184.658396,,3.0,91.42250000000026,,,0.0,1.0,0.0,1370,0.01,,,1214.0,,,39224,,,
53.75,5.610040106808509,188.0,938.275234766,,0.0,711.0,,1763502189.3340557,,3.0,90.29000000000023,,,0.0,0.0,0.0,1371,0.01,,,1215.0,,,39412,,,
50.0,20.94295869140747,136.0,955.378583182,,0.0,384.0,,1763502206.4372528,,3.0,48.857499999999966,,,0.0,0.0,0.0,1380,0.01,,,1220.0,,,40136,,,
75.0,4.760779216682907,81.0,957.374209213,,0.0,290.0,,1763502208.4329827,,3.0,36.80749999999999,,,0.0,1.0,0.0,1381,0.01,,,1221.0,,,40217,,,
75.0,4.20996065896108,27.0,967.21540872,,0.0,88.0,,1763502218.2740881,,3.0,11.017499999999998,,,0.0,0.0,0.0,1388,0.01,,,1228.0,,,40621,,,
73.75,1.2289934906255575,21.0,967.724501585,,0.0,78.0,,1763502218.7831728,,3.0,9.695000000000002,,,0.0,0.0,0.0,1389,0.01,,,1229.0,,,40642,,,
,,,976.418112518,14.493589401245117,,,,1763502227.4773457,0.05403483659029007,,,,,,,,1395,,,6.453738212585449,,,,41000,,,
62.5,11.861229647469067,92.0,977.132055951,,0.0,285.0,,1763502228.1908891,,3.0,36.16750000000002,,,0.0,0.0,0.0,1397,0.01,,,1233.0,,,41030,,,
71.25,3.2956865749036175,74.0,982.466896288,,0.0,272.0,,1763502233.5256581,,3.0,34.450000000000024,,,0.0,0.0,0.0,1399,0.01,,,1235.0,,,41248,,,
66.25,1.1779431225657702,26.0,983.638552081,,0.0,96.0,,1763502234.6972961,,3.0,11.920000000000002,,,0.0,0.0,0.0,1401,0.01,,,1237.0,,,41296,,,
63.75,1.4722177148777906,29.0,987.655600752,,0.0,108.0,,1763502238.7143552,,3.0,13.425,,,0.0,0.0,0.0,1405,0.01,,,1241.0,,,41462,,,
,,,1000.711138867,,,,28.38479232788086,1763502251.7703526,,,,39.10163497924805,,,,,1418,,,,,,,42000,,69.63893127441406,
51.25,20.246618236140087,95.0,1007.720080546,,0.0,276.0,,1763502258.7790165,,3.0,34.96000000000001,,,0.0,0.0,0.0,1425,0.01,,,1257.0,,,42287,,,
51.25,7.138622065917206,35.0,1008.552152452,,0.0,91.0,,1763502259.6110015,,3.0,11.235000000000001,,,0.0,1.0,0.0,1426,0.01,,,1258.0,,,42322,,,
75.0,5.216681775803518,240.0,1024.414137884,,0.0,925.0,,1763502275.4726481,,3.0,117.77250000000049,,,0.0,0.0,0.0,1432,0.01,,,1264.0,,,42889,,,
,,,1027.898606924,,,,,1763502278.9573712,,,,,,,,,1433,,4.66976261138916,,,,,43000,0.028514264151453972,,15.552957534790039
,,,1027.906579026,,,,25.989931106567383,1763502278.9657307,,,,32.04232406616211,,,,,1434,,,,,,,43000,,67.30235290527344,
75.0,3.8347123425362684,16.0,1032.947297395,,0.0,47.0,,1763502284.0059707,,3.0,5.782499999999999,,,0.0,0.0,0.0,1439,0.01,,,1267.0,,,43163,,,
75.0,8.746285997496312,39.0,1039.359651965,,0.0,115.0,,1763502290.418357,,3.0,14.512500000000005,,,0.0,0.0,0.0,1447,0.01,,,1275.0,,,43411,,,
67.5,1.4418802828251729,5.0,1045.177796069,,0.0,14.0,,1763502296.2367094,,3.0,1.4725,,,0.0,1.0,0.0,1452,0.01,,,1280.0,,,43653,,,
65.0,1.025070119552804,3.0,1045.434833195,,0.0,8.0,,1763502296.493814,,3.0,0.6775,,,0.0,1.0,0.0,1455,0.01,,,1283.0,,,43663,,,
66.25,1.2306197625586872,4.0,1045.53714908,,0.0,11.0,,1763502296.5960345,,3.0,1.0750000000000002,,,0.0,1.0,0.0,1456,0.01,,,1284.0,,,43667,,,
70.0,1.873771264055461,7.0,1045.714478115,,0.0,20.0,,1763502296.7733803,,3.0,2.2675,,,0.0,1.0,0.0,1457,0.01,,,1285.0,,,43674,,,
75.0,4.699736029821248,20.0,1051.949263702,,0.0,59.0,,1763502303.0080817,,3.0,7.322499999999999,,,0.0,1.0,0.0,1461,0.01,,,1289.0,,,43930,,,
70.0,1.873771264055461,7.0,1055.038070301,,0.0,20.0,,1763502306.0968738,,3.0,2.2675,,,0.0,1.0,0.0,1468,0.01,,,1292.0,,,44056,,,
,,,1080.239363254,,,,,1763502331.2980416,,,,,,,,,1488,,6.960520267486572,,,,,45000,0.16978253424167633,,14.502689361572266
72.5,2.3123081001458257,9.0,1110.871343534,,0.0,26.0,,1763502361.9303355,,3.0,3.0624999999999996,,,0.0,1.0,0.0,1514,0.01,,,1330.0,,,46204,,,
71.25,2.0924686377578037,8.0,1111.081787863,,0.0,23.0,,1763502362.1406302,,3.0,2.665,,,0.0,1.0,0.0,1515,0.01,,,1331.0,,,46212,,,
71.25,2.4477642860373625,10.0,1111.332650344,,0.0,28.0,,1763502362.3914936,,3.0,3.3099999999999996,,,0.0,2.0,0.0,1516,0.01,,,1332.0,,,46222,,,
75.0,2.8982785839183918,12.0,1112.292857393,,0.0,34.0,,1763502363.351739,,3.0,4.1175,,,0.0,1.0,0.0,1519,0.01,,,1335.0,,,46259,,,
75.0,2.754318200571604,11.0,1112.780234647,,0.0,32.0,,1763502363.8389955,,3.0,3.8574999999999995,,,0.0,1.0,0.0,1521,0.01,,,1337.0,,,46279,,,
62.5,4.218117915611179,20.0,1113.260486998,,0.0,56.0,,1763502364.3192391,,3.0,6.8225,,,0.0,0.0,0.0,1522,0.01,,,1338.0,,,46299,,,
75.0,11.553138913299723,52.0,1114.558777191,,0.0,154.0,,1763502365.6174233,,3.0,19.517500000000023,,,0.0,1.0,0.0,1523,0.01,,,1339.0,,,46351,,,
62.5,18.647352861733488,86.0,1116.657619073,,0.0,202.0,,1763502367.7163036,,3.0,25.732499999999995,,,0.0,0.0,0.0,1524,0.01,,,1340.0,,,46437,,,
50.0,54.65372831518464,238.0,1122.536371306,,0.0,497.0,,1763502373.5946424,,3.0,64.00250000000027,,,0.0,2.0,0.0,1525,0.01,,,1341.0,,,46675,,,
67.5,1.0248262047781564,5.0,1122.866460468,,0.0,16.0,,1763502373.9251661,,3.0,1.7225,,,0.0,0.0,0.0,1527,0.01,,,1343.0,,,46688,,,
62.5,6.873046540654298,32.0,1125.962710286,,0.0,77.0,,1763502377.0213323,,3.0,9.567499999999999,,,0.0,0.0,0.0,1529,0.01,,,1345.0,,,46818,,,
46.25,55.29033301581775,270.0,1132.499514113,,0.0,757.0,,1763502383.558271,,3.0,96.78500000000042,,,0.0,3.0,0.0,1534,0.01,,,1346.0,,,47088,,,
50.0,42.609418193047524,200.0,1137.728627374,,0.0,421.0,,1763502388.787158,,3.0,54.122500000000215,,,0.0,1.0,0.0,1536,0.01,,,1348.0,,,47297,,,
71.25,2.4477642860373625,10.0,1154.091473179,,0.0,28.0,,1763502405.1502407,,3.0,3.3099999999999996,,,0.0,1.0,0.0,1542,0.01,,,1354.0,,,47940,,,
71.25,2.4477642860373625,10.0,1154.382677041,,0.0,28.0,,1763502405.4413743,,3.0,3.3099999999999996,,,0.0,1.0,0.0,1543,0.01,,,1355.0,,,47950,,,
,,,1155.654790539,,,,49.39326477050781,1763502406.7141013,,,,63.698753356933594,,,,,1545,,,,,,,48000,,2553.689697265625,
,,,1155.660386497,13.8966646194458,,,,1763502406.7197502,0.014656255021691322,,,,,,,,1546,,,8.843216896057129,,,,48000,,,
62.5,29.093298519590366,140.0,1162.779722937,,0.0,392.0,,1763502413.838395,,3.0,50.02249999999996,,,0.0,0.0,0.0,1551,0.01,,,1359.0,,,48282,,,
,,,1181.47441784,,,,,1763502432.533219,,,,,,,,,1558,,6.6187520027160645,,,,,49000,0.21605710685253143,,16.350120544433594
,,,1181.480961123,,,,54.425743103027344,1763502432.5401075,,,,63.00164794921875,,,,,1559,,,,,,,49000,,473.2257080078125,
47.5,25.505622296858405,187.0,1186.852032487,,0.0,360.0,,1763502437.9109192,,3.0,46.342500000000115,,,0.0,2.0,0.0,1563,0.01,,,1367.0,,,49213,,,
53.75,3.274530500697778,37.0,1193.48123913,,0.0,115.0,,1763502444.5399976,,3.0,14.28,,,0.0,0.0,0.0,1566,0.01,,,1370.0,,,49479,,,
66.25,1.9377951388111174,92.0,1204.725999056,,0.0,350.0,,1763502455.7848074,,3.0,44.33000000000001,,,0.0,0.0,0.0,1570,0.01,,,1374.0,,,49889,,,
,,,1208.039564355,,,,,1763502459.0984716,,,,,,,,,1571,,4.543868541717529,,,,,50000,0.013515477068722248,,18.582725524902344
50.0,39.2503027854565,220.0,1214.691323483,,0.0,447.0,,1763502465.7500308,,3.0,57.57250000000013,,,0.0,1.0,0.0,1576,0.01,,,1376.0,,,50236,,,
,,,1231.088029343,,,,53.12889862060547,1763502482.147137,,,,68.46092987060547,,,,,1582,,,,,,,51000,,2172.657958984375,
62.5,31.533811516370832,151.0,1235.942413635,,0.0,361.0,,1763502487.0013754,,3.0,46.25749999999998,,,0.0,2.0,0.0,1588,0.01,,,1384.0,,,51241,,,
62.5,31.73080157748937,152.0,1238.723926414,,0.0,438.0,,1763502489.7826395,,3.0,55.892500000000055,,,0.0,3.0,0.0,1589,0.01,,,1385.0,,,51393,,,
68.75,1.6566683433928469,6.0,1249.022324559,,0.0,17.0,,1763502500.0812244,,3.0,1.8699999999999999,,,0.0,1.0,0.0,1597,0.01,,,1393.0,,,51818,,,
62.5,17.132097616754354,68.0,1258.895471508,,0.0,134.0,,1763502509.9542391,,3.0,17.05250000000001,,,0.0,2.0,0.0,1607,0.01,,,1399.0,,,52223,,,
62.5,9.629188374416612,37.0,1260.58881731,,0.0,74.0,,1763502511.6476645,,3.0,9.242500000000001,,,0.0,0.0,0.0,1609,0.01,,,1401.0,,,52293,,,
62.5,5.130669425133526,19.0,1261.046627876,,0.0,38.0,,1763502512.105546,,3.0,4.562499999999999,,,0.0,0.0,0.0,1610,0.01,,,1402.0,,,52312,,,
70.0,1.873771264055461,7.0,1262.431609276,,0.0,20.0,,1763502513.4903638,,3.0,2.2675,,,0.0,1.0,0.0,1612,0.01,,,1404.0,,,52368,,,
50.0,8.021300938750525,37.0,1265.299089547,,0.0,42.0,,1763502516.3579402,,3.0,5.1175,,,0.0,0.0,0.0,1614,0.01,,,1406.0,,,52487,,,
62.5,9.629188374416612,37.0,1266.227091848,,0.0,74.0,,1763502517.285802,,3.0,9.242500000000003,,,0.0,0.0,0.0,1615,0.01,,,1407.0,,,52524,,,
50.0,20.62371253557417,112.0,1275.046467465,,0.0,264.0,,1763502526.1055064,,3.0,33.617499999999964,,,0.0,0.0,0.0,1622,0.01,,,1414.0,,,52886,,,
,,,1277.796703848,18.90251922607422,,,,1763502528.8559084,0.0432707704603672,,,,,,,,1625,,,6.972803592681885,,,,53000,,,
,,,1277.803366,,,,,1763502528.8625755,,,,,88.5494155883789,,,,1626,,,,,32088.080078125,93.01411437988281,53000,,,
,,,1302.370426939,,,,,1763502553.4292362,,,,,,,,,1638,,3.456998586654663,,,,,54000,0.062354158610105515,,20.535072326660156
75.0,13.817245338706275,64.0,1311.630129132,,0.0,185.0,,1763502562.6888983,,3.0,23.512500000000017,,,0.0,1.0,0.0,1648,0.01,,,1432.0,,,54365,,,
62.5,8.770405848648057,35.0,1319.072495838,,0.0,67.0,,1763502570.131497,,3.0,8.347500000000004,,,0.0,1.0,0.0,1653,0.01,,,1437.0,,,54677,,,
62.5,12.255101743763708,48.0,1323.135980525,,0.0,95.0,,1763502574.1947563,,3.0,11.977500000000012,,,0.0,0.0,0.0,1656,0.01,,,1440.0,,,54853,,,
62.5,4.29607597116252,19.0,1347.395515157,,0.0,50.0,,1763502598.454438,,3.0,6.062499999999998,,,0.0,0.0,0.0,1674,0.01,,,1454.0,,,55851,,,
62.5,12.150978098490688,58.0,1348.845882878,,0.0,154.0,,1763502599.9047852,,3.0,19.45250000000003,,,0.0,1.0,0.0,1675,0.01,,,1455.0,,,55909,,,
62.5,6.130152424695488,23.0,1359.077097801,,0.0,46.0,,1763502610.1359665,,3.0,5.602499999999998,,,0.0,0.0,0.0,1687,0.01,,,1463.0,,,56333,,,
62.5,10.379066371788943,40.0,1363.249115209,,0.0,80.0,,1763502614.3078082,,3.0,10.022500000000004,,,0.0,0.0,0.0,1690,0.01,,,1466.0,,,56487,,,
63.75,0.8294877937619094,2.0,1376.108106446,,0.0,5.0,,1763502627.1671844,,3.0,0.28,,,0.0,0.0,0.0,1706,0.01,,,1478.0,,,57005,,,
56.25,9.618058535900074,190.0,1398.129340058,,0.0,676.0,,1763502649.1879053,,3.0,85.96000000000026,,,0.0,0.0,0.0,1716,0.01,,,1488.0,,,57883,,,
50.0,6.912580469694377,41.0,1411.265543685,,0.0,123.0,,1763502662.3244963,,3.0,15.282500000000008,,,0.0,0.0,0.0,1725,0.01,,,1493.0,,,58422,,,
,,,1425.758506632,,,,,1763502676.817762,,,,,167.02259826660156,,,,1732,,,,,69962.953125,177.185546875,59000,,,
,,,1450.014437132,14.002092361450195,,,,1763502701.0737474,0.019825167953968048,,,,,,,,1745,,,11.495201110839844,,,,60000,,,
25.0,10.341362035534779,55.0,1465.207153383,,0.0,101.0,,1763502716.2659552,,3.0,12.4225,,,1.0,6.0,0.0,1753,0.01,,,1513.0,,,60590,,,
75.0,5.492951733813068,24.0,1465.94204425,,0.0,70.0,,1763502717.0007427,,3.0,8.737499999999999,,,0.0,2.0,0.0,1754,0.01,,,1514.0,,,60614,,,
75.0,0.8703555308033607,2.0,1466.472190437,,0.0,6.0,,1763502717.5311067,,3.0,0.5175000000000001,,,0.0,1.0,0.0,1762,0.01,,,1522.0,,,60630,,,
75.0,0.8703555308033607,2.0,1466.668366363,,0.0,6.0,,1763502717.7273612,,3.0,0.5175000000000001,,,0.0,1.0,0.0,1765,0.01,,,1525.0,,,60636,,,
71.25,2.0924686377578037,8.0,1468.430028872,,0.0,23.0,,1763502719.48884,,3.0,2.665,,,0.0,1.0,0.0,1768,0.01,,,1528.0,,,60695,,,
63.75,0.8294877937619094,2.0,1468.730196004,,0.0,5.0,,1763502719.7891264,,3.0,0.28,,,0.0,1.0,0.0,1770,0.01,,,1530.0,,,60705,,,
62.5,8.93686291435649,66.0,1475.699762564,,0.0,207.0,,1763502726.75852,,3.0,26.157500000000013,,,0.0,2.0,0.0,1773,0.01,,,1533.0,,,60984,,,
,,,1476.133966461,,,,,1763502727.1931732,,,,,247.26443481445312,,,,1777,,,,,198868.125,189.32467651367188,61000,,,
71.25,10.304412889631317,47.0,1482.248668622,,0.0,137.0,,1763502733.3075042,,3.0,17.305000000000003,,,0.0,1.0,0.0,1780,0.01,,,1536.0,,,61249,,,
75.0,0.8703555308033607,2.0,1482.699216635,,0.0,6.0,,1763502733.7583377,,3.0,0.5175000000000001,,,0.0,1.0,0.0,1789,0.01,,,1545.0,,,61267,,,
66.25,1.2306197625586872,4.0,1495.109893396,,0.0,11.0,,1763502746.1690998,,3.0,1.0750000000000002,,,0.0,1.0,0.0,1805,0.01,,,1561.0,,,61851,,,
,,,1497.173136464,,,,78.89418029785156,1763502748.2324884,,,,109.18722534179688,,,,,1818,,,,,,,62000,,8199.8427734375,
,,,1497.176929637,19.897323608398438,,,,1763502748.2362487,0.0751635879278183,,,,,,,,1819,,,9.307775497436523,,,,62000,,,
53.75,63.97180570376307,315.0,1502.076884629,,0.0,876.0,,1763502753.1356657,,3.0,112.18500000000016,,,0.0,2.0,0.0,1823,0.01,,,1575.0,,,62335,,,
50.0,24.527612373608605,132.0,1539.253865512,,0.0,294.0,,1763502790.3128612,,3.0,37.567499999999995,,,0.0,0.0,0.0,1847,0.01,,,1591.0,,,64313,,,
75.0,3.885069980064669,155.0,1547.262317317,,0.0,592.0,,1763502798.3210788,,3.0,75.29750000000007,,,0.0,0.0,0.0,1851,0.01,,,1595.0,,,64709,,,
75.0,4.348852578554487,35.0,1553.696787311,,0.0,118.0,,1763502804.7555883,,3.0,14.847500000000002,,,0.0,0.0,0.0,1856,0.01,,,1600.0,,,64975,,,
75.0,20.717776636260933,111.0,1556.352544416,,0.0,349.0,,1763502807.411378,,3.0,44.48249999999996,,,0.0,1.0,0.0,1861,0.01,,,1601.0,,,65086,,,
75.0,7.365546059186649,32.0,1572.959275208,,0.0,96.0,,1763502824.018043,,3.0,12.067499999999999,,,0.0,0.0,0.0,1868,0.01,,,1608.0,,,65768,,,
,,,1578.651242765,,,,100.83209228515625,1763502829.7104416,,,,102.53868865966797,,,,,1873,,,,,,,66000,,509.7778015136719,
,,,1578.664161688,,,,,1763502829.7234383,,,,,229.4289093017578,,,,1875,,,,,255.3082275390625,248.20635986328125,66000,,,
62.5,13.628738707231873,84.0,1580.637779178,,0.0,263.0,,1763502831.6966164,,3.0,33.33750000000002,,,0.0,0.0,0.0,1876,0.01,,,1612.0,,,66081,,,
51.25,29.615535196919872,139.0,1584.02663833,,0.0,317.0,,1763502835.085416,,3.0,40.52499999999997,,,0.0,0.0,0.0,1877,0.01,,,1613.0,,,66220,,,
62.5,14.753644253200564,111.0,1595.599533153,,0.0,323.0,,1763502846.6582658,,3.0,41.10749999999998,,,0.0,0.0,0.0,1879,0.01,,,1615.0,,,66690,,,
75.0,16.800893391424157,206.0,1604.015674169,,0.0,738.0,,1763502855.0746388,,3.0,94.05750000000037,,,0.0,0.0,0.0,1886,0.01,,,1618.0,,,67034,,,
,,,1627.325375248,,,,,1763502878.3846307,,,,,255.04798889160156,,,,1895,,,,,5686.16650390625,244.02792358398438,68000,,,
35.0,41.356913191749925,395.0,1633.217588305,,0.0,1305.0,,1763502884.2763627,,3.0,166.42249999999996,,,0.0,0.0,0.0,1896,0.01,,,1624.0,,,68242,,,
62.5,4.84858420056825,47.0,1649.209866239,,0.0,157.0,,1763502900.268696,,3.0,19.7175,,,0.0,0.0,0.0,1902,0.01,,,1630.0,,,68897,,,
45.0,3.5582325317494385,78.0,1651.135113459,,1.0,280.0,,1763502902.1938922,,3.0,35.227500000000035,,,0.0,2.0,0.0,1903,0.01,,,1631.0,,,68975,,,
,,,1651.78444299,20.981475830078125,,,,1763502902.8436635,0.018041586503386497,,,,,,,,1906,,,10.870224952697754,,,,69000,,,
56.25,17.01261076378343,111.0,1655.576677729,,0.0,313.0,,1763502906.63544,,3.0,39.79499999999997,,,0.0,1.0,0.0,1909,0.01,,,1633.0,,,69152,,,
,,,1676.681442087,,,,,1763502927.7404087,,,,,,,,,1918,,7.1073994636535645,,,,,70000,0.5752388834953308,,22.423282623291016
,,,1676.693215082,20.498199462890625,,,,1763502927.7524261,0.21862679719924927,,,,,,,,1920,,,11.530284881591797,,,,70000,,,
75.0,8.881090515809422,39.0,1695.958540167,,0.0,117.0,,1763502947.0173397,,3.0,14.762500000000005,,,0.0,0.0,0.0,1930,0.01,,,1650.0,,,70774,,,
,,,1701.609542048,,,,,1763502952.6684709,,,,,,,,,1934,,10.028624534606934,,,,,71000,0.04451484605669975,,19.92186737060547
50.0,36.40904789677982,196.0,1714.553745953,,0.0,311.0,,1763502965.6126077,,3.0,40.33250000000008,,,0.0,0.0,0.0,1943,0.01,,,1659.0,,,71522,,,
71.25,2.0924686377578037,8.0,1718.372735771,,0.0,23.0,,1763502969.4316227,,3.0,2.665,,,0.0,1.0,0.0,1945,0.01,,,1661.0,,,71678,,,
,,,1726.352048181,,,,,1763502977.411289,,,,,481.0029296875,,,,1950,,,,,22479.216796875,343.29833984375,72000,,,
70.0,42.70014366193642,196.0,1740.873987431,,0.0,586.0,,1763502991.9325843,,3.0,74.9075000000002,,,0.0,0.0,0.0,1953,0.01,,,1665.0,,,72590,,,
55.0,1.5216007196370536,6.0,1750.703719324,,0.0,16.0,,1763503001.7624748,,3.0,1.6075,,,0.0,0.0,0.0,1959,0.01,,,1671.0,,,72989,,,
75.0,10.110020709672169,45.0,1760.521238101,,0.0,134.0,,1763503011.57992,,3.0,16.947500000000012,,,0.0,0.0,0.0,1967,0.01,,,1675.0,,,73386,,,
62.5,29.88601292829141,145.0,1767.980228539,,0.0,398.0,,1763503019.0391114,,3.0,50.822500000000005,,,0.0,2.0,0.0,1971,0.01,,,1679.0,,,73687,,,
75.0,20.86510289334801,96.0,1771.00040284,,0.0,283.0,,1763503022.0591908,,3.0,36.08249999999998,,,0.0,2.0,0.0,1973,0.01,,,1681.0,,,73807,,,
75.0,1.3033682326955804,4.0,1780.037758684,,0.0,12.0,,1763503031.0967402,,3.0,1.2875,,,0.0,0.0,0.0,1985,0.01,,,1689.0,,,74171,,,
62.5,18.504222997737575,73.0,1798.390737468,,0.0,145.0,,1763503049.4495523,,3.0,18.477500000000006,,,0.0,0.0,0.0,1991,0.01,,,1695.0,,,74921,,,
75.0,20.429115711405615,93.0,1820.061303552,,0.0,277.0,,1763503071.120181,,3.0,35.302499999999995,,,0.0,2.0,0.0,2001,0.01,,,1701.0,,,75795,,,
47.5,28.54429485466406,182.0,1824.593675355,,0.0,351.0,,1763503075.6524773,,3.0,45.16750000000012,,,0.0,0.0,0.0,2002,0.01,,,1702.0,,,75977,,,
,,,1825.168398587,23.976572036743164,,,,1763503076.2275207,0.026757558807730675,,,,,,,,2005,,,11.087236404418945,,,,76000,,,
62.5,32.38562595890343,143.0,1828.135543627,,0.0,310.0,,1763503079.1943598,,3.0,39.802499999999974,,,0.0,0.0,0.0,2007,0.01,,,1703.0,,,76120,,,
75.0,10.260422445006842,46.0,1848.970638411,,0.0,136.0,,1763503100.0293467,,3.0,17.207500000000014,,,0.0,1.0,0.0,2016,0.01,,,1712.0,,,76979,,,
,,,1849.514334185,,,,,1763503100.573229,,,,,,,,,2017,,8.590089797973633,,,,,77000,0.006613004021346569,,23.637563705444336
,,,1849.527566305,25.127702713012695,,,,1763503100.5866745,0.04890820384025574,,,,,,,,2019,,,10.636042594909668,,,,77000,,,
62.5,29.453034966705896,166.0,1867.774048442,,0.0,422.0,,1763503118.8328826,,3.0,54.032500000000056,,,0.0,1.0,0.0,2024,0.01,,,1716.0,,,77744,,,
,,,1874.099160873,,,,,1763503125.1580756,,,,,,,,,2027,,6.493870735168457,,,,,78000,0.03192876651883125,,24.958911895751953
,,,1874.112497084,27.19598388671875,,,,1763503125.1716785,0.39231327176094055,,,,,,,,2029,,,8.763957977294922,,,,78000,,,
72.5,2.375503893913861,96.0,1875.006168539,,0.0,368.0,,1763503126.0650032,,3.0,46.682500000000005,,,0.0,0.0,0.0,2031,0.01,,,1719.0,,,78037,,,
66.25,29.980119245927014,163.0,1884.743106084,,0.0,510.0,,1763503135.801868,,3.0,65.04000000000008,,,0.0,0.0,0.0,2034,0.01,,,1722.0,,,78436,,,
50.0,21.416261782813535,103.0,1893.500980193,,0.0,146.0,,1763503144.559785,,3.0,18.777500000000018,,,0.0,0.0,0.0,2037,0.01,,,1725.0,,,78782,,,
67.5,1.4418802828251729,5.0,1893.619781696,,0.0,14.0,,1763503144.6787722,,3.0,1.4725,,,0.0,0.0,0.0,2038,0.01,,,1726.0,,,78787,,,
45.0,19.884818801035124,94.0,1896.288221809,,0.0,210.0,,1763503147.3468766,,3.0,26.637499999999992,,,0.0,0.0,0.0,2039,0.01,,,1727.0,,,78881,,,
,,,1899.66471697,,,,,1763503150.7239993,,,,,283.5758972167969,,,,2045,,,,,6763.46044921875,429.315673828125,79000,,,
63.75,9.696161611689446,44.0,1909.221875694,,1.0,129.0,,1763503160.2806075,,3.0,16.200000000000006,,,1.0,1.0,0.0,2051,0.01,,,1735.0,,,79388,,,
75.0,8.306248777276059,37.0,1910.136558379,,0.0,109.0,,1763503161.1953137,,3.0,13.742500000000003,,,0.0,0.0,0.0,2052,0.01,,,1736.0,,,79425,,,
72.5,6.87035433947915,31.0,1912.722395158,,0.0,89.0,,1763503163.7812226,,3.0,11.1575,,,0.0,0.0,0.0,2054,0.01,,,1738.0,,,79530,,,
50.0,9.767549270415797,49.0,1920.059228444,,0.0,133.0,,1763503171.1180956,,3.0,16.61250000000002,,,0.0,0.0,0.0,2058,0.01,,,1742.0,,,79805,,,
51.25,22.11396447948668,105.0,1928.700884285,,0.0,239.0,,1763503179.759602,,3.0,30.43500000000001,,,0.0,1.0,0.0,2065,0.01,,,1745.0,,,80147,,,
62.5,15.958148976306752,77.0,1937.787573989,,0.0,212.0,,1763503188.8464756,,3.0,26.892500000000013,,,0.0,1.0,0.0,2069,0.01,,,1749.0,,,80662,,,
62.5,10.066405453288684,44.0,1938.27364212,,0.0,100.0,,1763503189.332529,,3.0,12.562500000000007,,,0.0,0.0,0.0,2070,0.01,,,1750.0,,,80706,,,
,,,1941.526975701,,,,,1763503192.586325,,,,,254.5495147705078,,,,2076,,,,,530394.125,425.911376953125,81000,,,
71.25,24.81795569743808,116.0,1942.7658417,,0.0,337.0,,1763503193.8247368,,3.0,42.99499999999998,,,0.0,0.0,0.0,2077,0.01,,,1753.0,,,81106,,,
70.0,10.040095554824173,46.0,1943.880558052,,0.0,133.0,,1763503194.9393878,,3.0,16.78250000000001,,,0.0,0.0,0.0,2078,0.01,,,1754.0,,,81152,,,
62.5,12.556821602220863,68.0,1986.411964133,,0.0,190.0,,1763503237.470936,,3.0,24.052500000000027,,,0.0,0.0,0.0,2093,0.01,,,1765.0,,,82798,,,
,,,1992.38741685,,,,,1763503243.4463646,,,,,,,,,2094,,8.19287109375,,,,,83000,0.0454845055937767,,26.243213653564453
62.5,24.458511171982625,114.0,2035.267201558,,0.0,270.0,,1763503286.3260474,,3.0,34.512500000000024,,,0.0,1.0,0.0,2117,0.01,,,1781.0,,,84758,,,
47.5,10.92110428253481,62.0,2052.737589333,,0.0,182.0,,1763503303.7963939,,3.0,22.8425,,,0.0,0.0,0.0,2135,0.01,,,1795.0,,,85476,,,
,,,2065.662205421,,,,,1763503316.7213159,,,,,,,,,2141,,9.476906776428223,,,,,86000,0.05080224201083183,,25.54718017578125
53.75,1.954974424385159,62.0,2070.853174368,,0.0,234.0,,1763503321.9120007,,3.0,29.405000000000033,,,0.0,0.0,0.0,2146,0.01,,,1802.0,,,86214,,,
68.75,12.055478007943131,61.0,2072.352814974,,0.0,185.0,,1763503323.411777,,3.0,23.42000000000002,,,0.0,1.0,0.0,2147,0.01,,,1803.0,,,86275,,,
56.25,1.6430307361702103,39.0,2073.288531437,,0.0,136.0,,1763503324.3473232,,3.0,16.950000000000003,,,0.0,1.0,0.0,2148,0.01,,,1804.0,,,86314,,,
,,,2090.157379205,,,,121.54637908935547,1763503341.2166214,,,,117.1143798828125,,,,,2155,,,,,,,87000,,3064.88330078125,
75.0,11.862863008144377,63.0,2097.353002045,,0.0,186.0,,1763503348.4117274,,3.0,23.62750000000001,,,0.0,1.0,0.0,2164,0.01,,,1816.0,,,87293,,,
62.5,6.38004849119503,24.0,2100.569533046,,0.0,48.0,,1763503351.6282828,,3.0,5.862499999999998,,,0.0,0.0,0.0,2167,0.01,,,1819.0,,,87430,,,
47.5,24.72818268191177,108.0,2108.239010592,,0.0,196.0,,1763503359.2978158,,3.0,25.052500000000023,,,0.0,0.0,0.0,2172,0.01,,,1824.0,,,87739,,,
62.5,10.005686820503632,39.0,2120.848999552,,0.0,77.0,,1763503371.9077468,,3.0,9.637500000000005,,,0.0,0.0,0.0,2185,0.01,,,1833.0,,,88229,,,
50.0,30.169666367893427,143.0,2126.05770347,,0.0,230.0,,1763503377.1165218,,3.0,29.677499999999984,,,0.0,0.0,0.0,2189,0.01,,,1837.0,,,88440,,,
65.0,26.22226189233108,120.0,2133.838199899,,0.0,358.0,,1763503384.8970113,,3.0,45.59749999999996,,,0.0,0.0,0.0,2192,0.01,,,1840.0,,,88726,,,
,,,2140.516998405,,,,,1763503391.5762389,,,,,293.14501953125,,,,2197,,,,,168405.796875,425.51458740234375,89000,,,
75.0,7.296233189118888,32.0,2140.544641348,,0.0,95.0,,1763503391.6037645,,3.0,11.942499999999999,,,0.0,1.0,0.0,2198,0.01,,,1842.0,,,89002,,,
50.0,16.405144581807274,80.0,2142.557096471,,0.0,142.0,,1763503393.6159403,,3.0,18.047500000000017,,,0.0,0.0,0.0,2199,0.01,,,1843.0,,,89082,,,
73.75,15.442730490428191,70.0,2146.13441171,,0.0,208.0,,1763503397.193191,,3.0,26.43500000000003,,,0.0,1.0,0.0,2201,0.01,,,1845.0,,,89214,,,
,,,2161.156305392,,,,,1763503412.2155776,,,,,,,,,2208,,10.842525482177734,,,,,90000,0.6584654450416565,,24.95668601989746
,,,2161.164780013,,,,,1763503412.2243261,,,,,257.6082763671875,,,,2211,,,,,3734.4345703125,395.7450256347656,90000,,,
56.25,24.930130866082596,148.0,2162.283563965,,0.0,379.0,,1763503413.342796,,3.0,48.41500000000003,,,0.0,1.0,0.0,2212,0.01,,,1852.0,,,90103,,,
62.5,8.486829134017016,39.0,2166.560484955,,0.0,112.0,,1763503417.6196837,,3.0,14.012500000000001,,,0.0,0.0,0.0,2214,0.01,,,1854.0,,,90493,,,
62.5,34.386898213563896,225.0,2171.120402187,,0.0,682.0,,1763503422.1795456,,3.0,87.1225000000004,,,0.0,0.0,0.0,2216,0.01,,,1856.0,,,90850,,,
,,,2172.776643752,,,,,1763503423.8360798,,,,,283.53582763671875,,,,2220,,,,,15202.4560546875,553.3159790039062,91000,,,
62.5,35.82558469515888,169.0,2176.449161766,,0.0,391.0,,1763503427.50828,,3.0,50.1875000000001,,,0.0,4.0,0.0,2223,0.01,,,1859.0,,,91334,,,
33.75,20.242305328198196,141.0,2177.98610737,,0.0,364.0,,1763503429.0450451,,3.0,46.24500000000006,,,0.0,6.0,0.0,2224,0.01,,,1860.0,,,91475,,,
48.75,25.685145025870526,131.0,2180.422778614,,0.0,382.0,,1763503431.4816375,,3.0,48.54500000000003,,,0.0,0.0,0.0,2225,0.01,,,1861.0,,,91606,,,
75.0,2.065797364215594,68.0,2181.879819965,,0.0,262.0,,1763503432.938636,,3.0,33.17750000000002,,,0.0,0.0,0.0,2226,0.01,,,1862.0,,,91674,,,
62.5,6.886037957345291,45.0,2183.013295273,,0.0,119.0,,1763503434.0716732,,3.0,14.947500000000002,,,0.0,1.0,0.0,2227,0.01,,,1863.0,,,91719,,,
,,,2189.488123214,,,,,1763503440.5471823,,,,,,,,,2229,,8.879226684570312,,,,,92000,0.06395640224218369,,27.525184631347656
,,,2189.496144968,27.68364715576172,,,,1763503440.5553985,0.00890311598777771,,,,,,,,2231,,,12.635733604431152,,,,92000,,,
42.5,18.342205940126142,99.0,2195.858762954,,1.0,207.0,,1763503446.917523,,3.0,26.2875,,,0.0,3.0,0.0,2235,0.01,,,1867.0,,,92280,,,
,,,2213.218562352,,,,121.03028106689453,1763503464.2777607,,,,114.96601104736328,,,,,2241,,,,,,,93000,,2147.775146484375,
62.5,15.059051057420554,102.0,2224.58665712,,0.0,284.0,,1763503475.6455724,,3.0,36.1425,,,0.0,1.0,0.0,2248,0.01,,,1876.0,,,93464,,,
75.0,16.315752166234947,88.0,2227.399588386,,0.0,276.0,,1763503478.4583356,,3.0,35.127500000000005,,,0.0,0.0,0.0,2250,0.01,,,1878.0,,,93580,,,
,,,2237.630240662,,,,,1763503488.6893876,,,,,,,,,2253,,9.99611759185791,,,,,94000,0.07437404245138168,,27.097551345825195
75.0,18.90330708500491,269.0,2252.840052168,,0.0,943.0,,1763503503.898869,,3.0,120.31250000000051,,,0.0,1.0,0.0,2260,0.01,,,1884.0,,,94623,,,
75.0,21.10823343508421,185.0,2275.720451789,,0.0,626.0,,1763503526.779267,,3.0,79.84750000000015,,,0.0,0.0,0.0,2272,0.01,,,1892.0,,,95553,,,
,,,2286.692491599,,,,,1763503537.7514496,,,,,,,,,2274,,10.202326774597168,,,,,96000,0.024233553558588028,,27.771766662597656
75.0,14.60098519792416,69.0,2303.027618718,,0.0,204.0,,1763503554.0864143,,3.0,25.937500000000025,,,0.0,1.0,0.0,2280,0.01,,,1896.0,,,96666,,,
,,,2311.176774134,,,,,1763503562.2357044,,,,,,,,,2282,,9.276612281799316,,,,,97000,0.1984371393918991,,29.413166046142578
52.5,5.579607401063271,31.0,2335.132395132,,0.0,93.0,,1763503586.1911864,,3.0,11.457499999999998,,,0.0,1.0,0.0,2294,0.01,,,1906.0,,,97967,,,
,,,2335.957827096,,,,,1763503587.0168207,,,,,,,,,2295,,11.555717468261719,,,,,98000,0.02950126677751541,,27.397541046142578
,,,2335.976165051,,,,,1763503587.0354264,,,,,257.04156494140625,,,,2298,,,,,800.5753784179688,426.6470031738281,98000,,,
67.5,11.67552006336334,208.0,2370.156816626,,0.0,736.0,,1763503621.2156248,,3.0,93.7525000000004,,,0.0,0.0,0.0,2309,0.01,,,1913.0,,,99290,,,
53.75,3.869437943681236,48.0,2371.325322959,,0.0,161.0,,1763503622.3841078,,3.0,20.140000000000022,,,0.0,1.0,0.0,2310,0.01,,,1914.0,,,99338,,,
62.5,8.989578341056943,202.0,2376.310481312,,0.0,695.0,,1763503627.36931,,3.0,88.5175000000003,,,0.0,0.0,0.0,2311,0.01,,,1915.0,,,99540,,,
56.25,10.262013691279126,64.0,2377.896539798,,0.0,185.0,,1763503628.955318,,3.0,23.325000000000003,,,0.0,5.0,0.0,2312,0.01,,,1916.0,,,99604,,,
,,,2387.548759924,,,,195.443359375,1763503638.6079853,,,,160.19419860839844,,,,,2317,,,,,,,100000,,173.7928466796875,
,,,2387.554957655,30.74053955078125,,,,1763503638.6143394,0.006226292811334133,,,,,,,,2318,,,12.558238983154297,,,,100000,,,
28.75,10.543335572768234,80.0,2393.482847829,,0.0,156.0,,1763503644.5417686,,3.0,19.584999999999994,,,0.0,0.0,0.0,2322,0.01,,,1922.0,,,100249,,,
71.25,4.703820255919649,74.0,2395.259377736,,0.0,267.0,,1763503646.3183694,,3.0,33.825,,,0.0,0.0,0.0,2323,0.01,,,1923.0,,,100323,,,
43.75,16.658524094288722,126.0,2398.332605676,,0.0,390.0,,1763503649.3907878,,3.0,49.445000000000036,,,0.0,0.0,0.0,2324,0.01,,,1924.0,,,100449,,,
,,,2411.480237643,,,,192.270751953125,1763503662.5395007,,,,143.22328186035156,,,,,2329,,,,,,,101000,,36.365943908691406,
,,,2411.48648937,29.44174575805664,,,,1763503662.5457087,0.013634489849209785,,,,,,,,2330,,,13.441598892211914,,,,101000,,,
,,,2435.499305938,,,,,1763503686.5582745,,,,,,,,,2339,,13.401281356811523,,,,,102000,0.05295321345329285,,26.3428955078125
50.0,19.482685101134827,342.0,2439.851532554,,0.0,1225.0,,1763503690.910548,,3.0,156.04250000000013,,,0.0,0.0,0.0,2343,0.01,,,1935.0,,,102265,,,
50.0,57.96670396658772,279.0,2445.106820711,,0.0,611.0,,1763503696.1656177,,3.0,78.66250000000032,,,0.0,1.0,0.0,2344,0.01,,,1936.0,,,102544,,,
,,,2456.031935864,,,,,1763503707.0908432,,,,,,,,,2348,,12.727855682373047,,,,,103000,0.043838754296302795,,27.489784240722656
62.5,26.024075752079995,125.0,2462.918788657,,0.0,356.0,,1763503713.9774103,,3.0,45.37249999999993,,,0.0,0.0,0.0,2354,0.01,,,1942.0,,,103283,,,
66.25,13.45555368611788,80.0,2469.757840622,,0.0,249.0,,1763503720.8165991,,3.0,31.585000000000015,,,0.0,1.0,0.0,2356,0.01,,,1944.0,,,103511,,,
62.5,1.434841019067961,29.0,2477.499120875,,0.0,110.0,,1763503728.557732,,3.0,13.662499999999998,,,0.0,1.0,0.0,2360,0.01,,,1948.0,,,103792,,,
,,,2483.105853928,,,,,1763503734.1647894,,,,,,,,,2363,,13.300793647766113,,,,,104000,0.10890692472457886,,26.826608657836914
62.5,36.22421522614426,252.0,2489.126642517,,0.0,742.0,,1763503740.185549,,3.0,94.89250000000033,,,0.0,3.0,0.0,2367,0.01,,,1951.0,,,104231,,,
62.5,10.393749022850225,123.0,2511.879797405,,0.0,415.0,,1763503762.9385746,,3.0,52.72749999999992,,,0.0,0.0,0.0,2379,0.01,,,1959.0,,,105229,,,
71.25,3.1692349234476116,54.0,2526.730368567,,0.0,202.0,,1763503777.7892344,,3.0,25.50000000000003,,,0.0,0.0,0.0,2386,0.01,,,1966.0,,,105847,,,
75.0,11.479166727162745,51.0,2529.775226665,,0.0,153.0,,1763503780.833811,,3.0,19.38250000000002,,,0.0,0.0,0.0,2388,0.01,,,1968.0,,,105974,,,
,,,2530.377417802,,,,,1763503781.4363868,,,,,,,,,2389,,13.713348388671875,,,,,106000,0.047674477100372314,,26.976531982421875
,,,2530.383317827,,,,194.9246368408203,1763503781.4424796,,,,141.67080688476562,,,,,2390,,,,,,,106000,,289.80926513671875,
75.0,4.056632686107998,79.0,2537.74278583,,0.0,289.0,,1763503788.8015907,,3.0,36.66250000000002,,,0.0,1.0,0.0,2394,0.01,,,1970.0,,,106299,,,
,,,2556.017079972,,,,177.99227905273438,1763503807.0762856,,,,152.97927856445312,,,,,2400,,,,,,,107000,,9.142080307006836,
62.5,12.609421824572305,125.0,2571.662432339,,0.0,388.0,,1763503822.720376,,3.0,49.37249999999992,,,0.0,0.0,0.0,2409,0.01,,,1981.0,,,107643,,,
,,,2580.210100999,,,,,1763503831.2693448,,,,,357.6785583496094,,,,2415,,,,,213.56410217285156,728.1669921875,108000,,,
75.0,3.949211155408118,92.0,2600.873169617,,0.0,340.0,,1763503851.9318957,,3.0,43.167499999999976,,,0.0,0.0,0.0,2424,0.01,,,1992.0,,,108868,,,
,,,2604.06614032,,,,,1763503855.1251407,,,,,,,,,2426,,14.800603866577148,,,,,109000,0.02786269783973694,,26.608436584472656
62.5,4.778861658386859,24.0,2604.357541813,,0.0,68.0,,1763503855.4163675,,3.0,8.362499999999999,,,0.0,1.0,0.0,2430,0.01,,,1994.0,,,109012,,,
